Orthogroup	Mbovis	Mlepra
OG0000002	ALV10365.1	CAC31610.1
OG0000002	ALV11900.1	CAC29647.1
OG0000002	ALV11895.1	CAC31871.1
OG0000002	ALV13113.1	CAC29643.1
OG0000002	ALV11894.1	CAC31872.1
OG0000002	ALV11893.1	CAC31873.1
OG0000002	ALV11896.1	CAC31870.1
OG0000003	ALV09513.1	CAC30781.1
OG0000003	ALV10548.1	CAC30047.1
OG0000005	ALV10367.1	CAC31615.1
OG0000005	ALV11901.1	CAC29646.1
OG0000005	ALV11908.1	CAC29640.1
OG0000005	ALV11892.1	CAC31874.1
OG0000006	ALV11165.1	CAC29918.1
OG0000006	ALV10896.1, ALV12916.1, ALV10881.1, ALV10883.1, ALV12395.1	CAC31434.1, CAC31564.1
OG0000007	ALV09713.1	CAC31976.1
OG0000007	ALV09870.1	CAC30854.1
OG0000008	ALV12452.1	CAC31570.1
OG0000009	ALV09694.1, ALV09745.1, ALV10694.1, ALV11373.1, ALV11372.1, ALV09901.1	CAC31894.1
OG0000014	ALV12954.1, ALV12843.1, ALV09695.1	CAC31893.1
OG0000016	ALV09429.1, ALV12413.1, ALV09815.1	CAC32119.1
OG0000024	ALV10975.1	CAC30983.1
OG0000024	ALV12672.1	CAC29605.1
OG0000024	ALV09398.1	CAC32187.1
OG0000026	ALV10141.1	CAC31307.1
OG0000027	ALV11378.1, ALV10885.1, ALV10230.1, ALV10376.1	CAC31561.1, CAC31437.1
OG0000028	ALV10884.1, ALV10231.1, ALV10375.1	CAC31562.1, CAC31436.1
OG0000029	ALV12026.1, ALV10417.1	CAC31475.1
OG0000032	ALV09431.1, ALV09817.1	CAC32121.1
OG0000033	ALV09818.1, ALV09432.1	CAC32122.1
OG0000035	ALV12911.1, ALV12686.1, ALV12688.1	CAC31611.1
OG0000037	ALV09367.1	CAC30942.1
OG0000037	ALV09376.1	CAC30955.1
OG0000038	ALV10547.1	CAC30046.1
OG0000038	ALV09544.1	CAC32065.1
OG0000043	ALV09633.1, ALV11499.1, ALV10521.1, ALV10097.1	CAC30706.1
OG0000044	ALV12687.1, ALV12952.1, ALV10366.1	CAC31612.1
OG0000048	ALV09820.1, ALV12790.1	CAC32125.1
OG0000049	ALV09638.1, ALV10945.1	CAC31016.1
OG0000050	ALV10663.1, ALV10665.1	CAC31864.1
OG0000053	ALV11287.1	CAC30606.1
OG0000053	ALV11288.1	CAC30607.1
OG0000057	ALV09374.1	CAC30951.1
OG0000058	ALV12352.1	CAC29889.1
OG0000058	ALV09685.1	CAC29825.1
OG0000060	ALV10134.1, ALV10132.1	CAC31050.1
OG0000061	ALV11075.1, ALV10362.1	CAC30439.1
OG0000062	ALV10373.1, ALV10610.1, ALV11391.1	CAC31433.1
OG0000063	ALV10374.1, ALV12396.1, ALV10525.1	CAC31563.1
OG0000065	ALV13039.1	CAC29966.1
OG0000069	ALV09430.1, ALV09816.1	CAC32120.1
OG0000070	ALV12834.1, ALV09433.1	CAC32123.1
OG0000071	ALV09819.1, ALV09434.1	CAC32124.1
OG0000072	ALV12835.1, ALV09435.1	CAC32126.1
OG0000074	ALV10623.1, ALV09502.1	CAC32094.1
OG0000075	ALV09518.1, ALV13043.1	CAC31225.1
OG0000077	ALV10264.1, ALV12400.1	CAC29822.1
OG0000079	ALV10517.1	CAC30703.1
OG0000080	ALV10580.1, ALV11497.1	CAC31624.1
OG0000088	ALV12121.1, ALV09340.1	CAC30153.1
OG0000089	ALV09344.1	CAC29824.1
OG0000090	ALV09345.1, ALV09684.1	CAC29823.1
OG0000091	ALV10283.1, ALV09347.1	CAC30908.1
OG0000092	ALV09597.1, ALV11184.1	CAC31685.1, CAC31686.1
OG0000095	ALV09762.1	CAC29556.1
OG0000096	ALV09794.1, ALV10185.1	CAC31793.1
OG0000099	ALV12853.1, ALV12056.1	CAC31153.1
OG0000100	ALV10059.1	CAC30305.1
OG0000101	ALV10261.1	CAC31918.1
OG0000103	ALV11910.1, ALV10662.1	CAC29638.1
OG0000106	ALV11994.1, ALV11047.1	CAC30684.1
OG0000108	ALV13008.1	CAC30390.1
OG0000110	ALV11911.1, ALV11468.1	CAC29637.1
OG0000113	ALV11668.1, ALV11669.1	CAC31417.1
OG0000114	ALV11957.1	CAC30649.1
OG0000115	ALV12312.1	CAC29926.1
OG0000121	ALV09286.1	CAC32162.1, CAC29515.1
OG0000122	ALV09354.1	CAC32209.1
OG0000124	ALV09546.1, ALV11972.1	CAC32063.1
OG0000125	ALV09547.1, ALV11971.1	CAC32062.1
OG0000126	ALV09606.1	CAC29787.1
OG0000127	ALV09653.1	CAC29777.1
OG0000128	ALV09677.1	CAC30880.1
OG0000130	ALV10036.1	CAC31154.1
OG0000131	ALV10136.1	CAC31144.1
OG0000132	ALV10043.1	CAC31140.1
OG0000137	ALV10638.1	CAC30761.1
OG0000138	ALV10649.1	CAC30752.1
OG0000142	ALV12988.1	CAC31043.1
OG0000149	ALV13181.1, ALV11667.1	CAC31419.1
OG0000152	ALV11898.1	CAC31866.1
OG0000153	ALV11916.1, ALV11919.1	CAC29636.1, CAC29633.1
OG0000154	ALV13119.1	CAC30622.1
OG0000158	ALV12237.1, ALV12254.1, ALV12220.1	CAC30222.1
OG0000159	ALV12239.1, ALV12222.1, ALV12256.1	CAC30220.1
OG0000161	ALV12259.1, ALV12242.1, ALV12225.1	CAC30216.1
OG0000162	ALV12260.1, ALV12243.1, ALV12226.1	CAC30215.1
OG0000163	ALV12246.1, ALV12263.1, ALV12229.1	CAC30212.1
OG0000164	ALV12231.1, ALV12265.1, ALV12248.1	CAC30209.1
OG0000165	ALV12250.1, ALV12233.1, ALV12267.1	CAC31129.1
OG0000166	ALV12234.1, ALV12268.1, ALV12251.1	CAC30208.1
OG0000167	ALV12252.1, ALV12235.1, ALV12269.1	CAC30207.1
OG0000171	ALV12301.1, ALV12291.1	CAC30184.1
OG0000175	ALV13214.1	CAC29709.1
OG0000177	ALV12632.1	CAC30921.1
OG0000179	ALV12659.1	CAC29616.1
OG0000183	ALV09322.1	CAC29904.1, CAC32224.1
OG0000186	ALV12779.1	CAC32195.1
OG0000188	ALV09426.1	CAC32161.1, CAC29632.1
OG0000190	ALV09451.1	CAC32141.1
OG0000197	ALV09601.1	CAC32013.1
OG0000198	ALV09603.1	CAC32011.1
OG0000200	ALV12819.1	CAC31957.1
OG0000201	ALV09734.1	CAC31950.1
OG0000202	ALV09740.1	CAC31944.1
OG0000203	ALV09748.1	CAC31936.1
OG0000204	ALV09776.1	CAC31214.1
OG0000205	ALV09790.1	CAC31789.1
OG0000209	ALV09908.1	CAC30831.1
OG0000210	ALV09950.1	CAC30793.1
OG0000216	ALV10040.1	CAC31143.1
OG0000217	ALV10068.1	CAC31117.1
OG0000218	ALV10069.1	CAC31116.1
OG0000219	ALV10088.1	CAC31095.1
OG0000220	ALV10093.1	CAC31090.1
OG0000221	ALV10108.1	CAC31079.1
OG0000222	ALV12872.1	CAC31049.1
OG0000223	ALV10133.1	CAC31048.1
OG0000226	ALV10215.1	CAC29763.1
OG0000230	ALV10267.1	CAC31910.1
OG0000231	ALV10270.1	CAC31907.1
OG0000232	ALV10336.1	CAC30462.1
OG0000234	ALV10355.1	CAC30445.1
OG0000239	ALV10458.1	CAC31509.1
OG0000240	ALV10465.1	CAC31514.1
OG0000241	ALV12929.1	CAC31516.1
OG0000245	ALV10628.1	CAC31622.1
OG0000246	ALV10644.1	CAC30755.1
OG0000247	ALV12948.1	CAC30751.1
OG0000250	ALV10700.1	CAC31594.1
OG0000251	ALV10711.1	CAC31607.1
OG0000252	ALV10729.1	CAC31657.1
OG0000253	ALV12963.1	CAC31770.1
OG0000256	ALV12970.1	CAC31746.1
OG0000257	ALV10813.1	CAC31748.1
OG0000258	ALV10912.1	CAC31038.1
OG0000260	ALV10972.1	CAC30986.1
OG0000261	ALV12990.1	CAC30978.1
OG0000263	ALV10991.1	CAC30965.1
OG0000265	ALV13006.1	CAC30374.1
OG0000267	ALV13013.1	CAC31697.1
OG0000268	ALV13014.1	CAC31682.1
OG0000269	ALV11200.1	CAC31209.1, CAC31303.1
OG0000272	ALV11238.1	CAC31263.1
OG0000273	ALV11240.1	CAC31261.1
OG0000274	ALV11246.1	CAC31255.1
OG0000275	ALV11260.1	CAC31241.1
OG0000276	ALV11284.1	CAC30603.1
OG0000279	ALV11382.1	CAC30334.1
OG0000280	ALV11397.1	CAC30128.1
OG0000284	ALV11485.1	CAC31635.1
OG0000285	ALV11505.1, ALV11543.1	CAC30033.1
OG0000286	ALV11532.1	CAC29934.1
OG0000287	ALV11538.1	CAC31571.1
OG0000288	ALV13073.1	CAC30000.1
OG0000289	ALV11659.1	CAC31721.1
OG0000290	ALV11672.1	CAC30714.1
OG0000291	ALV11681.1	CAC31407.1
OG0000292	ALV11723.1	CAC31358.1
OG0000293	ALV11817.1	CAC30513.1
OG0000295	ALV11890.1	CAC31875.1
OG0000296	ALV11937.1	CAC30631.1
OG0000297	ALV11938.1	CAC30632.1
OG0000298	ALV11942.1	CAC30637.1
OG0000299	ALV11943.1	CAC30638.1
OG0000300	ALV11949.1	CAC30645.1
OG0000302	ALV13129.1	CAC30677.1, CAC32015.1
OG0000303	ALV11991.1	CAC30683.1
OG0000304	ALV12008.1	CAC30709.1
OG0000305	ALV12044.1	CAC30178.1
OG0000309	ALV12136.1	CAC30321.1
OG0000312	ALV12191.1	CAC30256.1
OG0000313	ALV12194.1	CAC31795.1
OG0000314	ALV12204.1	CAC30235.1
OG0000321	ALV12286.1	CAC30194.1
OG0000324	ALV12389.1	CAC30920.1
OG0000325	ALV13197.1	CAC31203.1
OG0000328	ALV12525.1	CAC29712.1
OG0000329	ALV13215.1	CAC29706.1
OG0000330	ALV12558.1	CAC31818.1
OG0000331	ALV12595.1	CAC31847.1
OG0000333	ALV12667.1	CAC29610.1
OG0000334	ALV12668.1	CAC29609.1
OG0000335	ALV12717.1	CAC29572.1, CAC31451.1
OG0000342	ALV09281.1	CAC29509.1
OG0000343	ALV09282.1	CAC29510.1
OG0000344	ALV09283.1	CAC29511.1
OG0000345	ALV09284.1	CAC29512.1
OG0000346	ALV12767.1	CAC29513.1
OG0000347	ALV09285.1	CAC29514.1
OG0000348	ALV09289.1	CAC29519.1
OG0000349	ALV09290.1	CAC29521.1
OG0000350	ALV09292.1	CAC29523.1
OG0000351	ALV09293.1	CAC29524.1
OG0000352	ALV09294.1	CAC29525.1
OG0000353	ALV09295.1	CAC29526.1
OG0000354	ALV09296.1	CAC29527.1
OG0000355	ALV09297.1	CAC29528.1
OG0000356	ALV09298.1	CAC29529.1
OG0000357	ALV09299.1	CAC29530.1
OG0000359	ALV12770.1	CAC29536.1
OG0000360	ALV09316.1	CAC29539.1
OG0000361	ALV09317.1	CAC29540.1
OG0000362	ALV09318.1	CAC32228.1
OG0000364	ALV09323.1	CAC32223.1
OG0000365	ALV09325.1	CAC32221.1
OG0000366	ALV09326.1	CAC32220.1
OG0000367	ALV09327.1	CAC32219.1
OG0000368	ALV09329.1	CAC32217.1
OG0000369	ALV09330.1	CAC32216.1
OG0000370	ALV09331.1	CAC32215.1
OG0000371	ALV09332.1	CAC32214.1
OG0000372	ALV09333.1	CAC32212.1
OG0000373	ALV09343.1	CAC32204.1
OG0000375	ALV09375.1	CAC30953.1
OG0000377	ALV09380.1	CAC32203.1
OG0000378	ALV12777.1	CAC32202.1
OG0000380	ALV12778.1	CAC32196.1
OG0000381	ALV12781.1	CAC32193.1
OG0000382	ALV09394.1	CAC32191.1
OG0000384	ALV09405.1	CAC32179.1
OG0000387	ALV09412.1	CAC32172.1
OG0000388	ALV12784.1	CAC32171.1
OG0000390	ALV09419.1	CAC32168.1
OG0000391	ALV09420.1	CAC32167.1
OG0000392	ALV12787.1	CAC32166.1
OG0000393	ALV12788.1	CAC32163.1
OG0000394	ALV09436.1	CAC32127.1
OG0000395	ALV09437.1	CAC32128.1
OG0000396	ALV09438.1	CAC32129.1
OG0000397	ALV09439.1	CAC32130.1
OG0000398	ALV09441.1	CAC32132.1
OG0000399	ALV09443.1	CAC32135.1
OG0000400	ALV09444.1	CAC32136.1
OG0000401	ALV09445.1	CAC32137.1
OG0000402	ALV09450.1	CAC32140.1
OG0000403	ALV09460.1	CAC32149.1
OG0000405	ALV12794.1	CAC32150.1
OG0000406	ALV09463.1	CAC32152.1
OG0000407	ALV09464.1	CAC32153.1
OG0000408	ALV09465.1	CAC32154.1
OG0000409	ALV09468.1	CAC32156.1
OG0000410	ALV09472.1	CAC32159.1
OG0000411	ALV09480.1	CAC32116.1
OG0000412	ALV09481.1	CAC32115.1
OG0000413	ALV09482.1	CAC32114.1
OG0000414	ALV09483.1	CAC32113.1
OG0000415	ALV09484.1	CAC32112.1
OG0000416	ALV09491.1	CAC32105.1
OG0000417	ALV09493.1	CAC32102.1
OG0000418	ALV09495.1	CAC32100.1
OG0000419	ALV09496.1	CAC32099.1
OG0000420	ALV09499.1	CAC32097.1
OG0000421	ALV09500.1	CAC32096.1
OG0000422	ALV09501.1	CAC32095.1
OG0000423	ALV09503.1	CAC32092.1
OG0000424	ALV09508.1	CAC32088.1
OG0000425	ALV09520.1	CAC32081.1
OG0000426	ALV09521.1	CAC32080.1
OG0000427	ALV09527.1	CAC32077.1
OG0000430	ALV09541.1	CAC32068.1
OG0000431	ALV09542.1	CAC32067.1
OG0000432	ALV09543.1	CAC32066.1
OG0000433	ALV09548.1	CAC32061.1
OG0000434	ALV09549.1	CAC32060.1
OG0000435	ALV09550.1	CAC32059.1
OG0000436	ALV09551.1	CAC32058.1
OG0000439	ALV09566.1	CAC32053.1
OG0000442	ALV09576.1	CAC32024.1
OG0000444	ALV09587.1	CAC32020.1
OG0000445	ALV09589.1	CAC32019.1
OG0000446	ALV09590.1	CAC32018.1
OG0000447	ALV09602.1	CAC32012.1
OG0000448	ALV09604.1	CAC32010.1
OG0000449	ALV09607.1	CAC29788.1
OG0000450	ALV09608.1	CAC29789.1
OG0000451	ALV09610.1	CAC29792.1
OG0000452	ALV09611.1	CAC29793.1
OG0000453	ALV09614.1	CAC29795.1
OG0000454	ALV12805.1	CAC32002.1
OG0000455	ALV09630.1	CAC32004.1
OG0000456	ALV09631.1	CAC32006.1
OG0000457	ALV09632.1	CAC32007.1
OG0000458	ALV09636.1	CAC29784.1
OG0000459	ALV09637.1	CAC29783.1
OG0000460	ALV09647.1	CAC29779.1
OG0000461	ALV09652.1	CAC29778.1
OG0000462	ALV09656.1	CAC29812.1
OG0000463	ALV09657.1	CAC29811.1
OG0000464	ALV09660.1	CAC29808.1
OG0000465	ALV09661.1	CAC29807.1
OG0000466	ALV09662.1	CAC29806.1
OG0000467	ALV09663.1	CAC29805.1
OG0000469	ALV09668.1	CAC29803.1
OG0000470	ALV09669.1	CAC29802.1
OG0000471	ALV09672.1	CAC30887.1
OG0000472	ALV09674.1	CAC30884.1
OG0000473	ALV09675.1	CAC30882.1
OG0000474	ALV09676.1	CAC30881.1
OG0000476	ALV12809.1	CAC29818.1
OG0000477	ALV09682.1	CAC29819.1
OG0000478	ALV09699.1	CAC31896.1
OG0000479	ALV09706.1	CAC31903.1
OG0000480	ALV09707.1	CAC31904.1
OG0000481	ALV09708.1	CAC31982.1
OG0000482	ALV09710.1	CAC31980.1
OG0000483	ALV09712.1	CAC31978.1
OG0000484	ALV09716.1	CAC31974.1
OG0000485	ALV09718.1	CAC31971.1
OG0000486	ALV12815.1	CAC31970.1
OG0000487	ALV09719.1	CAC31969.1
OG0000488	ALV09720.1	CAC31968.1
OG0000489	ALV09721.1	CAC31967.1
OG0000490	ALV09722.1	CAC31966.1
OG0000492	ALV09724.1	CAC31964.1
OG0000493	ALV12816.1	CAC31963.1
OG0000494	ALV12817.1	CAC31960.1
OG0000495	ALV09727.1	CAC31959.1
OG0000496	ALV09728.1	CAC31958.1
OG0000497	ALV12820.1	CAC31956.1
OG0000498	ALV12821.1	CAC31952.1
OG0000499	ALV09733.1	CAC31951.1
OG0000500	ALV09735.1	CAC31949.1
OG0000501	ALV09737.1	CAC31947.1
OG0000502	ALV09738.1	CAC31946.1
OG0000503	ALV09741.1	CAC31943.1
OG0000504	ALV09742.1	CAC31942.1
OG0000505	ALV09743.1	CAC31941.1
OG0000506	ALV12822.1	CAC31940.1
OG0000507	ALV09747.1	CAC31938.1
OG0000508	ALV12823.1	CAC31937.1
OG0000509	ALV12824.1	CAC31935.1
OG0000510	ALV09758.1	CAC31930.1
OG0000511	ALV09759.1	CAC31929.1
OG0000512	ALV12827.1	CAC31928.1
OG0000513	ALV09760.1	CAC31927.1
OG0000514	ALV12828.1	CAC31926.1
OG0000515	ALV09761.1	CAC31925.1
OG0000516	ALV09764.1	CAC31923.1
OG0000517	ALV09767.1	CAC31922.1
OG0000518	ALV09775.1	CAC31213.1
OG0000519	ALV09777.1	CAC31215.1
OG0000520	ALV09778.1	CAC31216.1
OG0000521	ALV09779.1	CAC31217.1
OG0000523	ALV09781.1	CAC31219.1
OG0000524	ALV12829.1	CAC31784.1
OG0000525	ALV09786.1	CAC31785.1
OG0000526	ALV09787.1	CAC31786.1
OG0000527	ALV09788.1	CAC31787.1
OG0000528	ALV09791.1	CAC31790.1
OG0000529	ALV09793.1	CAC31792.1
OG0000530	ALV09795.1	CAC31794.1
OG0000531	ALV09857.1	CAC30867.1
OG0000532	ALV09858.1	CAC30866.1
OG0000533	ALV09859.1	CAC30865.1
OG0000534	ALV09860.1	CAC30864.1
OG0000535	ALV09861.1	CAC30863.1
OG0000536	ALV09862.1	CAC30862.1
OG0000537	ALV09863.1	CAC30861.1
OG0000538	ALV09864.1	CAC30860.1
OG0000539	ALV09865.1	CAC30859.1
OG0000540	ALV09866.1	CAC30858.1
OG0000541	ALV09867.1	CAC30857.1
OG0000542	ALV09871.1	CAC30853.1
OG0000543	ALV09872.1	CAC30852.1
OG0000544	ALV09875.1	CAC30850.1
OG0000545	ALV09876.1	CAC30849.1
OG0000546	ALV09879.1	CAC30846.1
OG0000547	ALV09892.1	CAC30845.1
OG0000548	ALV09893.1	CAC30844.1
OG0000549	ALV09895.1	CAC30843.1
OG0000550	ALV09906.1	CAC30834.1
OG0000551	ALV09907.1	CAC30833.1
OG0000552	ALV12844.1	CAC30832.1
OG0000553	ALV09926.1	CAC30818.1
OG0000554	ALV09927.1	CAC30817.1
OG0000555	ALV09928.1	CAC30816.1
OG0000556	ALV09929.1	CAC30815.1
OG0000557	ALV09930.1	CAC30814.1
OG0000558	ALV09931.1	CAC30813.1
OG0000559	ALV09932.1	CAC30812.1
OG0000560	ALV09933.1	CAC30811.1
OG0000561	ALV09934.1	CAC30810.1
OG0000562	ALV09935.1	CAC30809.1
OG0000563	ALV09936.1	CAC30808.1
OG0000565	ALV09940.1	CAC30803.1
OG0000566	ALV09941.1	CAC30802.1
OG0000567	ALV09942.1	CAC30801.1
OG0000568	ALV09943.1	CAC30800.1
OG0000569	ALV09944.1	CAC30799.1
OG0000570	ALV09945.1	CAC30798.1
OG0000571	ALV09946.1	CAC30797.1
OG0000572	ALV09947.1	CAC30796.1
OG0000573	ALV09948.1	CAC30795.1
OG0000574	ALV09949.1	CAC30794.1
OG0000575	ALV09955.1	CAC30789.1
OG0000576	ALV09957.1	CAC30787.1
OG0000577	ALV09958.1	CAC30786.1
OG0000578	ALV09959.1	CAC30785.1
OG0000580	ALV09984.1	CAC31193.1
OG0000585	ALV09996.1	CAC31191.1
OG0000586	ALV10001.1	CAC31186.1
OG0000587	ALV10004.1	CAC31183.1
OG0000588	ALV10005.1	CAC31182.1
OG0000589	ALV10013.1	CAC31175.1
OG0000590	ALV10014.1	CAC31174.1
OG0000591	ALV10023.1	CAC31168.1
OG0000592	ALV10026.1	CAC31166.1
OG0000593	ALV10028.1	CAC31165.1
OG0000594	ALV10030.1	CAC31162.1
OG0000595	ALV12852.1	CAC31161.1
OG0000596	ALV10031.1	CAC31160.1
OG0000597	ALV10032.1	CAC31159.1
OG0000598	ALV10033.1	CAC31158.1
OG0000599	ALV10035.1	CAC31155.1
OG0000600	ALV10037.1	CAC31151.1
OG0000601	ALV10038.1	CAC31150.1
OG0000602	ALV10039.1	CAC31148.1
OG0000603	ALV10042.1	CAC31141.1
OG0000607	ALV10064.1	CAC31122.1
OG0000609	ALV10070.1	CAC31112.1
OG0000610	ALV10071.1	CAC31111.1
OG0000611	ALV12864.1	CAC31110.1
OG0000612	ALV10075.1	CAC31106.1
OG0000613	ALV10079.1	CAC31102.1
OG0000614	ALV10083.1	CAC31099.1
OG0000615	ALV10084.1	CAC31098.1
OG0000616	ALV10085.1	CAC31097.1
OG0000617	ALV10087.1	CAC31096.1
OG0000618	ALV10091.1	CAC31092.1
OG0000619	ALV10092.1	CAC31091.1
OG0000620	ALV10094.1	CAC31089.1
OG0000621	ALV10102.1	CAC31085.1
OG0000622	ALV12868.1	CAC31078.1
OG0000623	ALV10110.1	CAC31073.1
OG0000624	ALV10114.1	CAC31068.1
OG0000625	ALV12870.1	CAC31066.1
OG0000626	ALV12871.1	CAC31053.1
OG0000630	ALV10144.1	CAC29658.1
OG0000631	ALV10146.1	CAC29659.1
OG0000632	ALV10147.1	CAC29661.1
OG0000633	ALV10148.1	CAC29662.1
OG0000634	ALV10149.1	CAC29663.1
OG0000635	ALV10150.1	CAC29664.1
OG0000636	ALV10151.1	CAC29666.1
OG0000637	ALV10152.1	CAC29667.1
OG0000638	ALV10153.1	CAC29668.1
OG0000639	ALV10154.1	CAC29669.1
OG0000640	ALV10163.1	CAC29677.1
OG0000641	ALV10167.1	CAC30952.1
OG0000642	ALV10176.1	CAC29681.1
OG0000643	ALV12882.1	CAC29682.1
OG0000644	ALV10178.1	CAC29683.1
OG0000645	ALV10179.1	CAC29684.1
OG0000646	ALV10180.1	CAC29685.1
OG0000647	ALV10181.1	CAC29686.1
OG0000649	ALV12883.1	CAC29688.1
OG0000650	ALV12884.1	CAC29689.1
OG0000651	ALV10187.1	CAC29690.1
OG0000652	ALV10188.1	CAC29691.1
OG0000653	ALV10189.1	CAC29692.1
OG0000654	ALV10190.1	CAC29693.1
OG0000655	ALV12885.1	CAC29695.1
OG0000656	ALV12887.1	CAC29700.1
OG0000657	ALV10196.1	CAC29701.1
OG0000659	ALV10200.1	CAC29746.1
OG0000660	ALV10201.1	CAC29747.1
OG0000661	ALV10202.1	CAC29748.1
OG0000662	ALV10203.1	CAC29749.1
OG0000663	ALV10204.1	CAC29750.1
OG0000664	ALV10206.1	CAC29751.1
OG0000665	ALV10207.1	CAC29752.1
OG0000666	ALV10208.1	CAC29753.1
OG0000667	ALV10209.1	CAC29754.1
OG0000668	ALV10210.1	CAC29756.1
OG0000669	ALV12888.1	CAC29757.1
OG0000670	ALV10212.1	CAC29760.1
OG0000671	ALV10216.1	CAC29764.1
OG0000672	ALV10217.1	CAC29765.1
OG0000673	ALV10218.1	CAC29766.1
OG0000674	ALV10262.1	CAC31917.1
OG0000675	ALV10263.1	CAC31916.1
OG0000676	ALV10266.1	CAC31911.1
OG0000677	ALV10268.1	CAC31909.1
OG0000678	ALV10269.1	CAC31908.1
OG0000679	ALV10271.1	CAC31906.1
OG0000680	ALV10273.1	CAC31984.1
OG0000682	ALV10282.1	CAC30909.1
OG0000683	ALV10284.1	CAC30907.1
OG0000684	ALV10285.1	CAC30906.1
OG0000685	ALV10286.1	CAC30905.1
OG0000686	ALV10288.1	CAC30902.1
OG0000687	ALV10289.1	CAC30901.1
OG0000688	ALV12900.1	CAC30900.1
OG0000689	ALV10295.1	CAC30897.1
OG0000690	ALV10296.1	CAC30896.1
OG0000691	ALV10297.1	CAC30895.1
OG0000692	ALV10298.1	CAC30894.1
OG0000693	ALV10299.1	CAC30893.1
OG0000694	ALV10300.1	CAC30892.1
OG0000695	ALV10301.1	CAC30891.1
OG0000697	ALV10315.1	CAC31336.1
OG0000699	ALV12905.1	CAC31342.1
OG0000703	ALV10339.1	CAC30459.1
OG0000704	ALV10342.1	CAC30457.1
OG0000705	ALV10343.1	CAC30456.1
OG0000706	ALV10344.1	CAC30455.1
OG0000707	ALV10345.1	CAC30454.1
OG0000709	ALV10351.1	CAC30448.1
OG0000710	ALV12909.1	CAC30447.1
OG0000711	ALV10356.1	CAC30444.1
OG0000712	ALV10358.1	CAC30442.1
OG0000713	ALV10363.1	CAC30438.1
OG0000714	ALV12912.1	CAC31613.1
OG0000715	ALV10372.1	CAC31432.1
OG0000716	ALV10378.1	CAC31439.1
OG0000717	ALV10379.1	CAC31440.1
OG0000718	ALV10382.1	CAC31442.1
OG0000719	ALV10385.1	CAC31444.1
OG0000720	ALV10386.1	CAC31445.1
OG0000721	ALV10387.1	CAC31446.1
OG0000722	ALV10388.1	CAC31447.1
OG0000723	ALV10391.1	CAC31450.1
OG0000724	ALV12918.1	CAC31456.1
OG0000725	ALV10398.1	CAC31457.1
OG0000726	ALV12919.1	CAC31458.1
OG0000727	ALV12920.1	CAC31459.1
OG0000728	ALV10399.1	CAC31460.1
OG0000729	ALV10403.1	CAC31461.1
OG0000732	ALV10409.1	CAC31467.1
OG0000733	ALV12922.1	CAC31468.1
OG0000734	ALV12923.1	CAC31469.1
OG0000735	ALV10410.1	CAC31470.1
OG0000736	ALV10411.1	CAC31471.1
OG0000737	ALV10412.1	CAC31472.1
OG0000738	ALV10416.1	CAC31474.1
OG0000739	ALV10420.1	CAC31476.1
OG0000740	ALV10421.1	CAC31477.1
OG0000741	ALV10423.1	CAC31479.1
OG0000742	ALV10424.1	CAC31480.1
OG0000743	ALV10426.1	CAC31482.1
OG0000745	ALV10429.1	CAC31486.1
OG0000747	ALV10439.1	CAC31494.1
OG0000748	ALV10440.1	CAC31495.1
OG0000749	ALV12926.1	CAC31496.1
OG0000750	ALV10441.1	CAC31497.1
OG0000751	ALV10442.1	CAC31498.1
OG0000752	ALV10443.1	CAC31500.1
OG0000753	ALV10444.1	CAC31501.1
OG0000755	ALV10445.1	CAC31502.1
OG0000756	ALV10446.1	CAC31503.1
OG0000757	ALV10447.1	CAC31504.1
OG0000758	ALV10448.1	CAC31505.1
OG0000760	ALV10457.1	CAC31508.1
OG0000761	ALV10459.1	CAC31510.1
OG0000762	ALV10460.1	CAC31511.1
OG0000763	ALV10462.1	CAC31512.1
OG0000764	ALV10466.1	CAC31515.1
OG0000765	ALV10467.1	CAC31517.1
OG0000766	ALV12930.1	CAC31518.1
OG0000767	ALV10468.1	CAC31519.1
OG0000768	ALV10469.1	CAC31520.1
OG0000769	ALV10470.1	CAC31521.1
OG0000770	ALV10471.1	CAC31522.1
OG0000771	ALV10472.1	CAC31523.1
OG0000772	ALV10473.1	CAC31524.1
OG0000773	ALV10474.1	CAC31525.1
OG0000774	ALV10475.1	CAC31526.1
OG0000775	ALV10476.1	CAC31527.1
OG0000776	ALV10477.1	CAC31528.1
OG0000777	ALV10478.1	CAC31530.1
OG0000778	ALV10479.1	CAC31531.1
OG0000779	ALV10480.1	CAC31532.1
OG0000780	ALV10485.1	CAC31536.1
OG0000781	ALV10487.1	CAC31538.1
OG0000782	ALV10488.1	CAC31539.1
OG0000783	ALV10489.1	CAC31540.1
OG0000784	ALV10495.1	CAC31546.1
OG0000785	ALV10496.1	CAC31547.1
OG0000786	ALV10497.1	CAC31548.1
OG0000787	ALV10501.1	CAC31552.1
OG0000788	ALV10502.1	CAC31553.1
OG0000789	ALV10503.1	CAC31554.1
OG0000790	ALV10504.1	CAC31555.1
OG0000791	ALV12933.1	CAC31556.1
OG0000792	ALV10505.1	CAC31557.1
OG0000793	ALV10506.1	CAC31558.1
OG0000797	ALV10518.1	CAC30704.1
OG0000799	ALV10541.1	CAC30040.1
OG0000800	ALV10542.1	CAC30041.1
OG0000801	ALV10544.1	CAC30043.1
OG0000802	ALV10545.1	CAC30044.1
OG0000803	ALV10546.1	CAC30045.1
OG0000804	ALV10550.1	CAC30048.1
OG0000805	ALV10551.1	CAC30049.1
OG0000806	ALV10552.1	CAC30050.1
OG0000807	ALV12935.1	CAC30051.1
OG0000808	ALV12936.1	CAC30052.1
OG0000809	ALV12939.1	CAC30056.1
OG0000810	ALV12940.1	CAC30058.1
OG0000811	ALV10561.1	CAC30059.1
OG0000812	ALV10562.1	CAC30060.1
OG0000813	ALV10564.1	CAC30062.1
OG0000814	ALV10565.1	CAC30063.1
OG0000815	ALV12941.1	CAC30064.1
OG0000816	ALV12942.1	CAC30065.1
OG0000817	ALV10566.1	CAC30066.1
OG0000818	ALV10569.1	CAC30067.1
OG0000819	ALV10570.1	CAC30068.1
OG0000820	ALV10571.1	CAC30069.1
OG0000821	ALV10574.1	CAC30070.1
OG0000822	ALV10575.1	CAC30071.1
OG0000823	ALV10576.1	CAC30072.1
OG0000824	ALV10577.1	CAC30073.1
OG0000827	ALV10587.1	CAC30077.1
OG0000828	ALV10590.1	CAC30078.1
OG0000829	ALV10591.1	CAC30079.1
OG0000830	ALV10592.1	CAC30080.1
OG0000831	ALV10595.1	CAC30085.1
OG0000833	ALV10601.1	CAC30087.1
OG0000834	ALV10602.1	CAC30088.1
OG0000835	ALV10604.1	CAC30090.1
OG0000836	ALV10605.1	CAC30091.1
OG0000837	ALV10608.1	CAC30092.1
OG0000838	ALV10612.1	CAC30095.1
OG0000839	ALV10613.1	CAC30097.1
OG0000840	ALV10614.1	CAC30098.1
OG0000841	ALV10615.1	CAC30099.1
OG0000842	ALV10616.1	CAC30100.1
OG0000843	ALV10617.1	CAC30101.1
OG0000844	ALV10618.1	CAC30102.1
OG0000845	ALV10619.1	CAC30103.1
OG0000846	ALV10620.1	CAC30104.1
OG0000847	ALV10621.1	CAC30105.1
OG0000848	ALV10622.1	CAC30106.1
OG0000849	ALV10627.1	CAC30771.1
OG0000850	ALV10629.1	CAC30769.1
OG0000852	ALV10632.1	CAC30767.1
OG0000853	ALV10633.1	CAC30766.1
OG0000854	ALV10634.1	CAC30765.1
OG0000855	ALV10635.1	CAC30764.1
OG0000856	ALV10636.1	CAC30763.1
OG0000857	ALV10637.1	CAC30762.1
OG0000858	ALV10640.1	CAC30760.1
OG0000859	ALV10641.1	CAC30759.1
OG0000860	ALV10642.1	CAC30758.1
OG0000861	ALV12945.1	CAC30757.1
OG0000862	ALV10643.1	CAC30756.1
OG0000863	ALV12946.1	CAC30753.1
OG0000866	ALV10675.1	CAC31576.1
OG0000868	ALV10677.1	CAC31579.1
OG0000869	ALV10678.1	CAC31580.1
OG0000870	ALV10679.1	CAC31581.1
OG0000873	ALV10686.1	CAC31588.1
OG0000876	ALV10696.1	CAC31590.1
OG0000878	ALV10701.1	CAC31595.1
OG0000879	ALV10702.1	CAC31597.1
OG0000880	ALV10703.1	CAC31598.1
OG0000881	ALV10704.1	CAC31599.1
OG0000882	ALV12958.1	CAC31601.1
OG0000883	ALV10706.1	CAC31602.1
OG0000884	ALV10707.1	CAC31603.1
OG0000886	ALV10709.1	CAC31605.1
OG0000887	ALV10710.1	CAC31606.1
OG0000888	ALV12959.1	CAC31608.1
OG0000889	ALV10714.1	CAC31638.1
OG0000890	ALV10715.1	CAC31639.1
OG0000891	ALV10716.1	CAC31640.1
OG0000892	ALV10717.1	CAC31641.1
OG0000893	ALV12960.1	CAC31642.1
OG0000895	ALV10719.1	CAC31644.1
OG0000896	ALV10720.1	CAC31645.1
OG0000897	ALV10721.1	CAC31648.1
OG0000898	ALV12961.1	CAC31650.1
OG0000899	ALV10723.1	CAC31651.1
OG0000900	ALV10724.1	CAC31652.1
OG0000901	ALV10725.1	CAC31653.1
OG0000902	ALV10726.1	CAC31654.1
OG0000903	ALV10727.1	CAC31655.1
OG0000904	ALV10730.1	CAC31658.1
OG0000905	ALV10731.1	CAC31659.1
OG0000906	ALV10738.1	CAC31857.1
OG0000907	ALV10739.1	CAC31667.1
OG0000909	ALV10742.1	CAC31762.1
OG0000910	ALV10743.1	CAC31763.1
OG0000911	ALV10744.1	CAC31764.1
OG0000912	ALV12962.1	CAC31768.1
OG0000913	ALV10747.1	CAC31771.1
OG0000914	ALV12965.1	CAC31773.1
OG0000915	ALV10750.1	CAC31774.1
OG0000916	ALV10751.1	CAC31775.1
OG0000917	ALV10752.1	CAC31776.1
OG0000918	ALV10753.1	CAC31777.1
OG0000919	ALV10754.1	CAC31778.1
OG0000920	ALV10757.1	CAC31780.1
OG0000922	ALV10759.1	CAC30352.1
OG0000923	ALV10760.1	CAC30353.1
OG0000924	ALV10762.1	CAC30357.1
OG0000925	ALV10763.1	CAC30358.1
OG0000926	ALV10764.1	CAC30359.1
OG0000927	ALV10765.1	CAC30360.1
OG0000928	ALV10766.1	CAC30361.1
OG0000929	ALV10767.1	CAC30362.1
OG0000930	ALV10768.1	CAC30363.1
OG0000931	ALV10769.1	CAC30364.1
OG0000932	ALV12968.1	CAC31727.1
OG0000933	ALV10790.1	CAC31728.1
OG0000936	ALV10794.1	CAC31732.1
OG0000937	ALV10795.1	CAC31733.1
OG0000938	ALV10798.1	CAC31738.1
OG0000939	ALV10799.1	CAC31739.1
OG0000940	ALV10800.1	CAC31740.1
OG0000941	ALV10801.1	CAC31741.1
OG0000942	ALV10802.1	CAC31742.1
OG0000943	ALV10803.1	CAC31743.1
OG0000944	ALV10804.1	CAC31744.1
OG0000946	ALV10814.1	CAC31749.1
OG0000947	ALV10815.1	CAC31750.1
OG0000948	ALV10816.1	CAC31751.1
OG0000949	ALV10817.1	CAC31752.1
OG0000950	ALV10818.1	CAC31753.1
OG0000953	ALV10876.1	CAC31761.1
OG0000954	ALV10877.1	CAC30495.1
OG0000955	ALV10878.1	CAC30494.1
OG0000956	ALV10886.1	CAC30491.1
OG0000957	ALV10887.1	CAC30490.1
OG0000958	ALV10888.1	CAC30489.1
OG0000959	ALV10889.1	CAC30488.1
OG0000960	ALV10890.1	CAC30487.1
OG0000965	ALV10911.1	CAC31039.1
OG0000966	ALV10913.1	CAC31037.1
OG0000967	ALV10914.1	CAC31036.1
OG0000968	ALV10917.1	CAC31032.1
OG0000969	ALV10918.1	CAC31031.1
OG0000970	ALV10919.1	CAC31030.1
OG0000971	ALV10920.1	CAC31029.1
OG0000972	ALV10921.1	CAC31028.1
OG0000973	ALV10923.1	CAC31027.1
OG0000974	ALV10927.1	CAC31025.1
OG0000975	ALV10928.1	CAC31024.1
OG0000976	ALV10935.1	CAC31021.1
OG0000977	ALV10936.1	CAC31019.1
OG0000978	ALV10937.1	CAC31018.1
OG0000979	ALV10947.1	CAC31014.1
OG0000980	ALV10951.1	CAC31010.1
OG0000981	ALV10952.1	CAC31009.1
OG0000982	ALV10953.1	CAC31008.1
OG0000985	ALV10962.1	CAC31003.1
OG0000986	ALV10963.1	CAC31001.1
OG0000987	ALV12986.1	CAC30993.1
OG0000989	ALV10973.1	CAC30985.1
OG0000991	ALV10983.1	CAC30975.1
OG0000992	ALV10988.1	CAC30970.1
OG0000993	ALV10989.1	CAC30967.1
OG0000994	ALV10990.1	CAC30966.1
OG0000995	ALV10999.1	CAC30940.1
OG0000996	ALV11001.1	CAC30938.1
OG0000999	ALV11104.1	CAC30375.1
OG0001000	ALV11105.1	CAC30376.1
OG0001001	ALV11106.1	CAC30377.1
OG0001002	ALV11107.1	CAC30378.1
OG0001003	ALV11115.1	CAC30389.1
OG0001005	ALV11118.1	CAC30394.1
OG0001007	ALV11123.1	CAC30396.1
OG0001008	ALV11132.1	CAC30398.1
OG0001009	ALV11152.1	CAC31715.1
OG0001010	ALV11153.1	CAC31714.1
OG0001011	ALV11154.1	CAC31713.1
OG0001012	ALV13011.1	CAC31712.1
OG0001013	ALV11155.1	CAC31711.1
OG0001014	ALV11156.1	CAC31710.1
OG0001015	ALV11157.1	CAC31709.1
OG0001017	ALV11167.1	CAC31704.1
OG0001018	ALV11168.1	CAC31703.1
OG0001019	ALV13012.1	CAC31702.1
OG0001020	ALV11169.1	CAC31701.1
OG0001021	ALV11172.1	CAC31696.1
OG0001022	ALV11173.1	CAC31695.1
OG0001023	ALV11174.1	CAC31694.1
OG0001024	ALV11175.1	CAC31693.1
OG0001025	ALV11177.1	CAC31691.1
OG0001026	ALV11178.1	CAC31690.1
OG0001027	ALV11181.1	CAC31687.1
OG0001028	ALV11187.1	CAC31683.1
OG0001029	ALV11189.1	CAC31681.1
OG0001030	ALV11190.1	CAC31680.1
OG0001031	ALV11191.1	CAC31679.1
OG0001032	ALV13015.1	CAC31678.1
OG0001033	ALV11195.1	CAC31674.1
OG0001034	ALV11196.1	CAC31670.1
OG0001035	ALV13016.1	CAC31669.1
OG0001036	ALV11199.1	CAC31304.1
OG0001037	ALV11201.1	CAC31302.1
OG0001038	ALV11202.1	CAC31301.1
OG0001039	ALV11203.1	CAC31300.1
OG0001040	ALV11204.1	CAC31299.1
OG0001041	ALV11205.1	CAC31298.1
OG0001042	ALV11207.1	CAC31296.1
OG0001043	ALV11208.1	CAC31295.1
OG0001044	ALV13018.1	CAC31293.1
OG0001045	ALV11209.1	CAC31292.1
OG0001046	ALV11210.1	CAC31291.1
OG0001047	ALV11211.1	CAC31290.1
OG0001048	ALV11216.1	CAC31289.1
OG0001049	ALV11217.1	CAC31288.1
OG0001050	ALV13019.1	CAC31287.1
OG0001051	ALV11218.1	CAC31286.1
OG0001052	ALV11219.1	CAC31285.1
OG0001053	ALV11220.1	CAC31284.1
OG0001054	ALV13020.1	CAC31283.1
OG0001055	ALV11221.1	CAC31282.1
OG0001056	ALV11223.1	CAC31279.1
OG0001057	ALV11224.1	CAC31278.1
OG0001058	ALV11226.1	CAC31277.1
OG0001059	ALV11227.1	CAC31276.1
OG0001060	ALV11229.1	CAC31274.1
OG0001061	ALV11230.1	CAC31273.1
OG0001062	ALV13021.1	CAC31272.1
OG0001063	ALV11231.1	CAC31271.1
OG0001064	ALV11232.1	CAC31270.1
OG0001065	ALV11233.1	CAC31269.1
OG0001066	ALV11234.1	CAC31267.1
OG0001067	ALV11235.1	CAC31266.1
OG0001068	ALV11239.1	CAC31262.1
OG0001069	ALV11241.1	CAC31260.1
OG0001070	ALV11242.1	CAC31259.1
OG0001071	ALV11243.1	CAC31258.1
OG0001072	ALV11244.1	CAC31257.1
OG0001073	ALV11245.1	CAC31256.1
OG0001074	ALV11247.1	CAC31254.1
OG0001075	ALV11248.1	CAC31253.1
OG0001076	ALV11249.1	CAC31252.1
OG0001077	ALV11251.1	CAC31250.1
OG0001078	ALV11252.1	CAC31249.1
OG0001079	ALV11255.1	CAC31247.1
OG0001080	ALV11256.1	CAC31246.1
OG0001081	ALV11258.1	CAC31245.1
OG0001082	ALV13026.1	CAC31243.1
OG0001083	ALV11259.1	CAC31242.1
OG0001084	ALV11261.1	CAC31240.1
OG0001085	ALV11262.1	CAC31239.1
OG0001086	ALV11263.1	CAC31238.1
OG0001087	ALV11265.1	CAC31306.1
OG0001088	ALV11266.1	CAC30581.1
OG0001089	ALV11267.1	CAC30582.1
OG0001090	ALV13027.1	CAC30583.1
OG0001091	ALV11268.1	CAC30584.1
OG0001092	ALV11270.1	CAC30586.1
OG0001093	ALV11273.1	CAC30588.1
OG0001094	ALV11274.1	CAC30589.1
OG0001095	ALV11275.1	CAC30590.1
OG0001096	ALV11279.1	CAC30595.1
OG0001097	ALV13031.1	CAC30600.1
OG0001098	ALV11283.1	CAC30602.1
OG0001099	ALV11285.1	CAC30604.1
OG0001100	ALV11286.1	CAC30605.1
OG0001101	ALV11289.1	CAC30608.1
OG0001102	ALV11297.1	CAC30735.1
OG0001103	ALV11298.1	CAC30736.1
OG0001104	ALV11299.1	CAC30737.1
OG0001107	ALV11329.1	CAC30747.1
OG0001108	ALV11351.1	CAC30721.1
OG0001109	ALV11352.1	CAC30722.1
OG0001110	ALV11353.1	CAC30723.1
OG0001111	ALV11360.1	CAC31230.1
OG0001112	ALV13042.1	CAC31229.1
OG0001113	ALV11369.1	CAC30349.1
OG0001114	ALV11370.1	CAC30348.1
OG0001115	ALV13047.1	CAC30344.1
OG0001116	ALV11375.1	CAC30343.1
OG0001117	ALV11376.1	CAC30341.1
OG0001118	ALV11380.1	CAC30336.1
OG0001119	ALV11381.1	CAC30335.1
OG0001120	ALV11384.1	CAC30142.1
OG0001121	ALV11385.1	CAC30141.1
OG0001122	ALV13048.1	CAC30139.1
OG0001123	ALV11389.1	CAC30136.1
OG0001124	ALV11390.1	CAC30135.1
OG0001125	ALV11393.1	CAC30134.1
OG0001126	ALV11394.1	CAC30133.1
OG0001127	ALV11395.1	CAC30132.1
OG0001132	ALV11422.1	CAC30123.1
OG0001133	ALV11424.1	CAC30122.1
OG0001135	ALV11427.1	CAC30119.1
OG0001136	ALV11431.1	CAC30115.1
OG0001137	ALV11432.1	CAC30114.1
OG0001138	ALV11433.1	CAC30113.1
OG0001139	ALV11434.1	CAC30112.1
OG0001140	ALV11435.1	CAC30111.1
OG0001141	ALV11441.1	CAC30402.1
OG0001142	ALV11442.1	CAC30403.1
OG0001143	ALV11443.1	CAC30404.1
OG0001144	ALV11449.1	CAC30408.1
OG0001145	ALV11451.1	CAC30997.1
OG0001148	ALV13056.1	CAC30413.1
OG0001149	ALV11460.1	CAC30414.1
OG0001150	ALV11461.1	CAC30415.1
OG0001151	ALV11462.1	CAC30416.1
OG0001152	ALV13057.1	CAC30417.1
OG0001153	ALV11464.1	CAC30418.1
OG0001154	ALV13058.1	CAC30419.1
OG0001155	ALV11465.1	CAC30420.1
OG0001156	ALV11466.1	CAC30421.1
OG0001157	ALV11467.1	CAC30422.1
OG0001158	ALV11474.1	CAC30427.1
OG0001159	ALV11475.1	CAC30428.1
OG0001160	ALV11476.1	CAC30429.1
OG0001161	ALV11477.1	CAC30430.1
OG0001162	ALV11478.1	CAC30431.1
OG0001163	ALV13062.1	CAC30434.1
OG0001164	ALV11481.1	CAC30435.1
OG0001165	ALV11482.1	CAC30436.1
OG0001166	ALV11483.1	CAC31636.1
OG0001167	ALV13063.1	CAC31634.1
OG0001168	ALV11490.1	CAC31630.1
OG0001169	ALV11491.1	CAC31629.1
OG0001170	ALV11494.1	CAC31627.1
OG0001171	ALV11495.1	CAC31626.1
OG0001172	ALV11496.1	CAC31625.1
OG0001176	ALV11519.1	CAC29939.1
OG0001177	ALV11520.1	CAC29938.1
OG0001178	ALV11521.1	CAC29937.1
OG0001179	ALV11523.1	CAC29935.1
OG0001180	ALV11534.1	CAC29933.1
OG0001181	ALV11535.1	CAC29932.1
OG0001182	ALV13067.1	CAC31574.1
OG0001183	ALV11536.1	CAC31573.1
OG0001184	ALV11537.1	CAC31572.1
OG0001185	ALV11544.1	CAC30032.1
OG0001186	ALV11546.1	CAC30031.1
OG0001187	ALV11547.1	CAC30030.1
OG0001188	ALV11548.1	CAC30029.1
OG0001189	ALV11549.1	CAC30028.1
OG0001190	ALV11550.1	CAC30027.1
OG0001191	ALV11551.1	CAC30026.1
OG0001192	ALV11552.1	CAC30025.1
OG0001193	ALV13069.1	CAC30024.1
OG0001194	ALV11565.1	CAC30023.1
OG0001195	ALV11566.1	CAC30022.1
OG0001196	ALV11567.1	CAC30021.1
OG0001197	ALV11568.1	CAC30020.1
OG0001198	ALV11572.1	CAC30018.1
OG0001200	ALV11577.1	CAC32211.1
OG0001201	ALV11579.1	CAC30016.1
OG0001203	ALV11582.1	CAC30009.1
OG0001206	ALV11589.1	CAC30002.1
OG0001207	ALV11590.1	CAC30001.1
OG0001208	ALV11591.1	CAC29999.1
OG0001209	ALV11593.1	CAC29997.1
OG0001210	ALV11594.1	CAC29996.1
OG0001211	ALV11595.1	CAC29995.1
OG0001212	ALV11596.1	CAC29994.1
OG0001213	ALV11597.1	CAC29993.1
OG0001214	ALV11598.1	CAC29992.1
OG0001215	ALV11600.1	CAC29991.1
OG0001216	ALV11601.1	CAC29990.1
OG0001217	ALV11602.1	CAC29989.1
OG0001218	ALV11611.1	CAC29983.1
OG0001219	ALV11612.1	CAC29982.1
OG0001221	ALV11614.1	CAC29958.1
OG0001222	ALV11616.1	CAC29959.1
OG0001223	ALV11617.1	CAC29960.1
OG0001224	ALV11618.1	CAC29961.1
OG0001225	ALV11619.1	CAC29962.1
OG0001226	ALV11620.1	CAC29963.1
OG0001227	ALV11621.1	CAC29964.1
OG0001228	ALV11644.1	CAC29975.1
OG0001229	ALV13079.1	CAC31720.1
OG0001230	ALV11660.1	CAC31719.1
OG0001231	ALV11663.1	CAC31426.1
OG0001232	ALV11664.1	CAC31425.1
OG0001233	ALV13080.1	CAC31424.1
OG0001234	ALV13081.1	CAC31422.1
OG0001235	ALV11666.1	CAC31421.1
OG0001236	ALV13082.1	CAC31418.1
OG0001237	ALV11677.1	CAC31411.1
OG0001238	ALV11678.1	CAC31410.1
OG0001239	ALV11679.1	CAC31409.1
OG0001240	ALV11680.1	CAC31408.1
OG0001241	ALV11682.1	CAC31406.1
OG0001242	ALV11683.1	CAC31405.1
OG0001243	ALV11684.1	CAC31404.1
OG0001244	ALV13085.1	CAC31403.1
OG0001245	ALV11688.1	CAC31398.1
OG0001246	ALV11689.1	CAC31397.1
OG0001247	ALV11690.1	CAC31396.1
OG0001248	ALV13086.1	CAC31395.1
OG0001249	ALV11693.1	CAC31390.1
OG0001250	ALV11696.1	CAC31387.1
OG0001251	ALV11697.1	CAC31386.1
OG0001252	ALV11698.1	CAC31385.1
OG0001253	ALV11699.1	CAC31384.1
OG0001254	ALV11700.1	CAC31383.1
OG0001256	ALV11704.1	CAC31378.1
OG0001257	ALV13088.1	CAC31377.1
OG0001258	ALV11705.1	CAC31376.1
OG0001259	ALV11706.1	CAC31375.1
OG0001260	ALV11710.1	CAC31371.1
OG0001261	ALV11711.1	CAC31370.1
OG0001262	ALV11713.1	CAC31369.1
OG0001263	ALV11714.1	CAC31368.1
OG0001264	ALV11716.1	CAC31367.1
OG0001265	ALV11717.1	CAC31366.1
OG0001266	ALV11718.1	CAC31365.1
OG0001267	ALV11721.1	CAC31360.1
OG0001268	ALV11722.1	CAC31359.1
OG0001269	ALV11727.1	CAC30463.1
OG0001270	ALV11728.1	CAC30464.1
OG0001271	ALV13091.1	CAC30465.1
OG0001272	ALV11736.1	CAC30469.1
OG0001273	ALV11737.1	CAC30470.1
OG0001274	ALV11745.1	CAC30476.1
OG0001275	ALV11746.1	CAC30477.1
OG0001278	ALV11756.1	CAC31236.1
OG0001279	ALV11757.1	CAC31235.1
OG0001280	ALV11759.1	CAC31234.1
OG0001281	ALV13093.1	CAC31233.1
OG0001282	ALV11766.1	CAC30497.1
OG0001283	ALV11767.1	CAC30498.1
OG0001284	ALV11768.1	CAC30499.1
OG0001285	ALV11809.1	CAC30506.1
OG0001286	ALV11810.1	CAC30507.1
OG0001287	ALV11812.1	CAC30509.1
OG0001288	ALV11814.1	CAC30511.1
OG0001289	ALV11815.1	CAC30512.1
OG0001291	ALV11830.1	CAC30524.1
OG0001292	ALV11832.1	CAC30527.1
OG0001293	ALV11836.1	CAC30528.1
OG0001294	ALV11840.1	CAC30532.1
OG0001295	ALV11841.1	CAC30533.1
OG0001296	ALV13101.1	CAC30534.1
OG0001297	ALV11850.1	CAC30540.1
OG0001298	ALV11851.1	CAC30541.1
OG0001299	ALV11852.1	CAC30542.1
OG0001300	ALV11856.1	CAC30547.1
OG0001301	ALV11857.1	CAC30548.1
OG0001302	ALV11858.1	CAC30549.1
OG0001303	ALV11862.1	CAC30551.1
OG0001306	ALV13104.1	CAC30558.1
OG0001307	ALV11868.1	CAC30561.1
OG0001308	ALV11869.1	CAC30562.1
OG0001309	ALV11870.1	CAC30563.1
OG0001310	ALV11871.1	CAC30564.1
OG0001311	ALV11873.1	CAC30566.1
OG0001312	ALV11874.1	CAC30567.1
OG0001313	ALV11875.1	CAC30568.1
OG0001314	ALV11876.1	CAC30569.1
OG0001317	ALV11881.1	CAC30573.1
OG0001318	ALV13107.1	CAC30575.1
OG0001320	ALV11884.1	CAC30579.1
OG0001321	ALV11885.1	CAC30580.1
OG0001322	ALV13109.1	CAC30611.1
OG0001323	ALV11888.1	CAC30612.1
OG0001324	ALV11889.1	CAC30613.1
OG0001325	ALV13110.1	CAC30614.1
OG0001326	ALV13112.1	CAC31868.1
OG0001327	ALV11909.1	CAC29639.1
OG0001328	ALV11922.1	CAC30616.1
OG0001329	ALV11923.1	CAC30617.1
OG0001330	ALV11925.1	CAC30619.1
OG0001331	ALV13118.1	CAC30620.1
OG0001332	ALV11929.1	CAC30624.1
OG0001333	ALV11932.1	CAC30628.1
OG0001334	ALV11933.1	CAC30629.1
OG0001335	ALV11936.1	CAC30630.1
OG0001336	ALV13120.1	CAC30633.1
OG0001337	ALV11939.1	CAC30634.1
OG0001338	ALV11940.1	CAC30635.1
OG0001339	ALV11941.1	CAC30636.1
OG0001341	ALV11947.1	CAC30641.1
OG0001342	ALV13121.1	CAC30642.1
OG0001343	ALV11955.1	CAC30647.1
OG0001344	ALV11956.1	CAC30648.1
OG0001345	ALV11958.1	CAC30651.1
OG0001346	ALV11959.1	CAC30652.1
OG0001347	ALV11962.1	CAC30653.1
OG0001348	ALV11963.1	CAC30654.1
OG0001349	ALV11964.1	CAC30655.1
OG0001350	ALV11965.1	CAC30656.1
OG0001351	ALV11966.1	CAC30657.1
OG0001352	ALV11968.1	CAC30659.1
OG0001353	ALV11974.1	CAC30660.1
OG0001354	ALV11975.1	CAC30661.1
OG0001355	ALV11978.1	CAC30664.1
OG0001356	ALV11979.1	CAC30665.1
OG0001357	ALV11980.1	CAC30666.1
OG0001358	ALV11981.1	CAC30667.1
OG0001359	ALV11982.1	CAC30668.1
OG0001360	ALV13127.1	CAC30672.1
OG0001361	ALV11985.1	CAC30673.1
OG0001362	ALV13128.1	CAC30676.1
OG0001363	ALV11989.1	CAC30679.1
OG0001364	ALV11990.1	CAC30680.1
OG0001365	ALV13130.1	CAC30681.1
OG0001366	ALV13132.1	CAC30682.1
OG0001367	ALV13133.1	CAC30686.1
OG0001368	ALV11996.1	CAC30687.1
OG0001369	ALV11997.1	CAC30688.1
OG0001370	ALV11998.1	CAC30689.1
OG0001371	ALV12002.1	CAC30693.1
OG0001374	ALV12042.1	CAC30180.1
OG0001375	ALV12043.1	CAC30179.1
OG0001376	ALV13139.1	CAC30176.1
OG0001377	ALV12047.1	CAC30175.1
OG0001380	ALV12071.1	CAC30171.1
OG0001381	ALV12073.1	CAC30170.1
OG0001382	ALV12074.1	CAC30169.1
OG0001389	ALV12122.1	CAC30152.1
OG0001390	ALV13150.1	CAC30151.1
OG0001391	ALV12124.1	CAC30149.1
OG0001392	ALV13152.1	CAC30148.1
OG0001393	ALV13153.1	CAC30146.1
OG0001394	ALV13155.1	CAC30328.1
OG0001395	ALV12132.1	CAC30327.1
OG0001396	ALV12133.1	CAC30326.1
OG0001397	ALV12134.1	CAC30325.1
OG0001398	ALV13156.1	CAC30324.1
OG0001399	ALV13157.1	CAC30323.1
OG0001400	ALV12137.1	CAC30320.1
OG0001401	ALV12140.1	CAC30318.1
OG0001402	ALV12141.1	CAC30316.1
OG0001403	ALV12143.1	CAC30314.1
OG0001404	ALV12144.1	CAC30313.1
OG0001405	ALV13158.1	CAC30312.1
OG0001406	ALV12152.1	CAC30302.1
OG0001407	ALV12153.1	CAC30301.1
OG0001408	ALV13159.1	CAC30300.1
OG0001410	ALV12159.1	CAC30291.1
OG0001411	ALV12160.1	CAC30290.1
OG0001412	ALV12163.1	CAC30288.1
OG0001413	ALV12164.1	CAC30287.1
OG0001414	ALV12165.1	CAC30285.1
OG0001415	ALV13161.1	CAC30284.1
OG0001416	ALV12167.1	CAC30283.1
OG0001417	ALV12168.1	CAC30282.1
OG0001418	ALV12169.1	CAC30281.1
OG0001419	ALV12170.1	CAC30280.1
OG0001420	ALV12177.1	CAC30274.1
OG0001421	ALV12178.1	CAC30273.1
OG0001422	ALV12179.1	CAC30272.1
OG0001423	ALV12181.1	CAC30270.1
OG0001424	ALV12182.1	CAC30269.1
OG0001425	ALV12183.1	CAC30268.1
OG0001426	ALV12184.1	CAC30267.1
OG0001427	ALV12185.1	CAC30265.1
OG0001428	ALV12186.1	CAC30262.1
OG0001429	ALV12187.1	CAC30261.1
OG0001430	ALV12188.1	CAC30260.1
OG0001431	ALV12189.1	CAC30259.1
OG0001432	ALV12190.1	CAC30257.1
OG0001433	ALV12195.1	CAC30246.1
OG0001434	ALV12196.1	CAC30245.1
OG0001435	ALV13163.1	CAC30244.1
OG0001436	ALV12197.1	CAC30243.1
OG0001437	ALV12198.1	CAC30242.1
OG0001438	ALV12199.1	CAC30241.1
OG0001439	ALV12200.1	CAC30240.1
OG0001440	ALV12202.1	CAC30238.1
OG0001441	ALV13164.1	CAC30237.1
OG0001444	ALV12214.1	CAC30226.1
OG0001445	ALV12217.1	CAC30224.1
OG0001449	ALV12270.1	CAC30206.1
OG0001450	ALV12271.1	CAC30205.1
OG0001451	ALV12281.1	CAC30200.1
OG0001454	ALV12285.1	CAC30195.1
OG0001455	ALV12289.1	CAC30191.1
OG0001457	ALV12300.1	CAC30185.1
OG0001458	ALV13178.1	CAC30183.1
OG0001459	ALV12311.1	CAC29927.1
OG0001460	ALV12315.1	CAC29922.1
OG0001462	ALV12332.1	CAC29903.1
OG0001463	ALV12335.1	CAC29901.1
OG0001464	ALV12336.1	CAC29900.1
OG0001465	ALV12344.1	CAC29897.1
OG0001466	ALV12345.1	CAC29896.1
OG0001467	ALV12346.1	CAC29895.1
OG0001468	ALV12347.1	CAC29894.1
OG0001469	ALV12350.1	CAC29891.1
OG0001470	ALV12351.1	CAC29890.1
OG0001471	ALV12353.1	CAC29888.1
OG0001472	ALV12354.1	CAC29887.1
OG0001473	ALV13187.1	CAC29886.1
OG0001474	ALV12356.1	CAC29885.1
OG0001475	ALV13188.1	CAC29883.1
OG0001476	ALV12362.1	CAC29881.1
OG0001477	ALV12364.1	CAC29879.1
OG0001478	ALV12366.1	CAC29878.1
OG0001479	ALV12368.1	CAC29874.1
OG0001480	ALV12369.1	CAC29873.1
OG0001481	ALV13191.1	CAC29872.1
OG0001482	ALV12370.1	CAC29871.1
OG0001483	ALV12379.1	CAC30910.1
OG0001484	ALV12380.1	CAC30911.1
OG0001485	ALV12381.1	CAC30912.1
OG0001486	ALV12382.1	CAC30913.1
OG0001487	ALV12383.1	CAC30914.1
OG0001488	ALV12384.1	CAC30915.1
OG0001489	ALV12386.1	CAC30917.1
OG0001490	ALV12388.1	CAC30919.1
OG0001493	ALV12403.1	CAC31210.1
OG0001495	ALV12420.1	CAC29862.1
OG0001497	ALV12429.1	CAC29856.1
OG0001502	ALV12483.1	CAC29832.1
OG0001503	ALV12484.1	CAC29831.1
OG0001504	ALV12485.1	CAC29830.1
OG0001505	ALV12486.1	CAC29829.1
OG0001506	ALV12487.1	CAC29828.1
OG0001507	ALV12488.1	CAC29827.1
OG0001509	ALV12490.1	CAC30873.1
OG0001510	ALV12491.1	CAC30874.1
OG0001511	ALV12492.1	CAC30875.1
OG0001512	ALV12494.1	CAC30876.1
OG0001513	ALV12495.1	CAC30877.1
OG0001514	ALV12496.1	CAC30878.1
OG0001515	ALV12499.1	CAC29743.1
OG0001516	ALV12500.1	CAC29742.1
OG0001517	ALV12501.1	CAC29741.1
OG0001518	ALV12503.1	CAC29740.1
OG0001519	ALV12504.1	CAC29739.1
OG0001520	ALV12505.1	CAC29738.1
OG0001521	ALV12506.1	CAC29737.1
OG0001522	ALV12507.1	CAC29736.1
OG0001523	ALV12508.1	CAC29735.1
OG0001524	ALV12509.1	CAC29734.1
OG0001525	ALV12510.1	CAC29733.1
OG0001526	ALV12511.1	CAC29732.1
OG0001527	ALV12512.1	CAC29731.1
OG0001528	ALV12513.1	CAC29730.1
OG0001529	ALV12725.1	CAC29913.1
OG0001530	ALV13209.1	CAC29722.1
OG0001531	ALV12518.1	CAC29721.1
OG0001532	ALV12519.1	CAC29719.1
OG0001533	ALV12520.1	CAC29718.1
OG0001534	ALV12521.1	CAC29713.1
OG0001535	ALV12522.1	CAC29715.1
OG0001536	ALV12523.1	CAC29716.1
OG0001537	ALV13212.1	CAC29711.1
OG0001538	ALV12533.1	CAC29710.1
OG0001539	ALV12534.1	CAC29708.1
OG0001540	ALV12535.1	CAC29707.1
OG0001541	ALV12545.1	CAC31805.1
OG0001545	ALV12550.1	CAC31811.1
OG0001546	ALV12551.1	CAC31812.1
OG0001547	ALV12552.1	CAC31813.1
OG0001548	ALV12553.1	CAC31814.1
OG0001549	ALV12554.1	CAC31815.1
OG0001550	ALV12555.1	CAC31816.1
OG0001551	ALV12556.1	CAC31817.1
OG0001552	ALV12559.1	CAC31819.1
OG0001553	ALV12560.1	CAC31820.1
OG0001554	ALV12562.1	CAC31821.1
OG0001555	ALV12563.1	CAC31822.1
OG0001556	ALV12564.1	CAC31823.1
OG0001557	ALV12565.1	CAC31824.1
OG0001558	ALV12566.1	CAC31825.1
OG0001559	ALV12576.1	CAC31828.1
OG0001561	ALV12583.1	CAC31836.1
OG0001562	ALV12586.1	CAC31837.1
OG0001563	ALV12587.1	CAC31838.1
OG0001564	ALV12588.1	CAC31839.1
OG0001565	ALV12591.1	CAC31843.1
OG0001566	ALV12593.1	CAC31845.1
OG0001567	ALV12594.1	CAC31846.1
OG0001568	ALV12596.1	CAC31848.1
OG0001569	ALV12597.1	CAC31849.1
OG0001570	ALV12598.1	CAC31850.1
OG0001571	ALV12599.1	CAC31851.1
OG0001572	ALV12600.1	CAC31852.1
OG0001573	ALV12601.1	CAC31853.1
OG0001575	ALV12622.1	CAC31991.1
OG0001576	ALV12623.1	CAC31990.1
OG0001577	ALV12624.1	CAC31989.1
OG0001579	ALV12644.1	CAC29628.1
OG0001580	ALV12645.1	CAC29627.1
OG0001581	ALV13233.1	CAC29626.1
OG0001582	ALV12648.1	CAC29625.1
OG0001583	ALV12649.1	CAC29624.1
OG0001584	ALV13234.1	CAC29623.1
OG0001585	ALV12650.1	CAC29622.1
OG0001586	ALV12651.1	CAC29621.1
OG0001587	ALV12652.1	CAC29620.1
OG0001588	ALV12657.1	CAC29618.1
OG0001589	ALV12658.1	CAC29617.1
OG0001590	ALV12660.1	CAC29615.1
OG0001591	ALV12661.1	CAC29614.1
OG0001592	ALV12662.1	CAC29613.1
OG0001593	ALV12663.1	CAC29612.1
OG0001594	ALV12669.1	CAC29608.1
OG0001595	ALV12670.1	CAC29607.1
OG0001596	ALV12671.1	CAC29606.1
OG0001597	ALV12673.1	CAC29604.1
OG0001598	ALV12674.1	CAC29603.1
OG0001599	ALV12675.1	CAC29602.1
OG0001600	ALV12676.1	CAC29601.1
OG0001601	ALV13236.1	CAC29600.1
OG0001602	ALV13237.1	CAC29599.1
OG0001603	ALV12679.1	CAC29597.1
OG0001604	ALV12682.1	CAC29595.1
OG0001605	ALV13239.1	CAC31614.1
OG0001607	ALV12697.1	CAC29590.1
OG0001608	ALV12698.1	CAC29589.1
OG0001609	ALV12700.1	CAC29587.1
OG0001610	ALV12701.1	CAC29586.1
OG0001611	ALV13241.1	CAC29582.1
OG0001612	ALV12705.1	CAC29581.1
OG0001613	ALV12707.1	CAC30187.1
OG0001614	ALV12709.1	CAC29580.1
OG0001615	ALV12710.1	CAC29579.1
OG0001616	ALV13242.1	CAC29577.1
OG0001617	ALV12712.1	CAC29576.1
OG0001618	ALV12714.1	CAC29575.1
OG0001619	ALV12715.1	CAC29574.1
OG0001620	ALV12716.1	CAC29573.1
OG0001621	ALV12720.1	CAC29570.1
OG0001622	ALV12721.1	CAC29569.1
OG0001624	ALV12751.1	CAC32229.1
OG0001625	ALV12752.1	CAC32230.1
OG0001626	ALV13247.1	CAC32231.1
OG0001627	ALV12753.1	CAC32232.1
OG0001628	ALV12756.1	CAC32235.1
OG0001629	ALV12758.1	CAC32236.1
OG0001630	ALV12759.1	CAC32237.1
OG0001631	ALV12760.1	CAC32238.1
OG0001632	ALV12761.1	CAC32239.1
OG0001633	ALV12762.1	CAC32240.1
OG0001634	ALV12763.1	CAC32241.1
OG0001635	ALV12764.1	CAC32242.1
OG0001649	ALV13022.1	CAC31268.1
OG0001666	ALV09315.1	CAC29538.1
OG0001673	ALV09346.1	CAC30708.1
OG0001676	ALV09368.1	CAC30943.1
OG0001678	ALV09370.1	CAC30946.1
OG0001679	ALV09371.1	CAC30947.1
OG0001680	ALV09372.1	CAC30948.1
OG0001681	ALV12776.1	CAC30949.1
OG0001682	ALV09373.1	CAC30950.1
OG0001712	ALV09457.1	CAC32145.1
OG0001713	ALV09458.1	CAC32146.1
OG0001714	ALV09459.1	CAC32148.1
OG0001724	ALV09494.1	CAC32101.1
OG0001736	ALV09519.1	CAC32082.1
OG0001749	ALV09570.1	CAC32049.1
OG0001756	ALV09613.1	CAC29794.1
OG0001795	ALV09739.1	CAC31945.1
OG0001873	ALV10003.1	CAC31184.1
OG0001882	ALV10029.1	CAC31164.1
OG0001931	ALV10194.1	CAC29698.1
OG0001957	ALV10265.1	CAC31912.1
OG0001994	ALV10389.1	CAC31448.1
OG0002026	ALV10520.1	CAC30705.1
OG0002037	ALV10589.1	CAC30076.1
OG0002076	ALV10834.1	CAC30369.1
OG0002080	ALV10852.1	CAC32008.1
OG0002138	ALV11045.1	CAC30929.1
OG0002172	ALV11166.1	CAC29919.1
OG0002176	ALV11192.1	CAC31677.1
OG0002179	ALV11206.1	CAC31297.1
OG0002202	ALV13035.1	CAC30734.1
OG0002210	ALV11324.1	CAC30368.1
OG0002227	ALV11387.1	CAC30138.1
OG0002311	ALV11691.1	CAC31394.1
OG0002315	ALV11701.1	CAC31382.1
OG0002329	ALV11760.1	CAC30307.1
OG0002339	ALV11811.1	CAC30508.1
OG0002356	ALV13103.1	CAC30535.1
OG0002372	ALV13111.1	CAC31869.1
OG0002373	ALV11897.1	CAC31867.1
OG0002374	ALV11899.1	CAC31865.1
OG0002375	ALV11902.1	CAC29645.1
OG0002377	ALV11905.1	CAC29644.1
OG0002378	ALV11907.1	CAC29642.1
OG0002379	ALV13114.1	CAC29641.1
OG0002382	ALV11917.1	CAC29635.1
OG0002393	ALV11967.1	CAC30658.1
OG0002460	ALV12180.1	CAC30271.1
OG0002509	ALV12385.1	CAC30916.1
OG0002560	ALV12516.1	CAC29915.1
OG0002561	ALV12517.1	CAC29914.1
OG0002592	ALV12590.1	CAC31842.1
OG0002603	ALV12629.1	CAC31882.1
OG0002621	ALV12733.1	CAC29552.1
OG0002622	ALV12735.1	CAC29550.1
OG0002623	ALV13243.1	CAC29549.1
OG0002638	ALV12766.1	CAC32244.1
OG0002639	ALV13248.1	CAC32245.1
OG0002641	ALV13222.1	CAC31830.1
OG0002647	ALV13074.1	CAC31086.1
OG0002648	ALV10113.1	CAC31069.1
OG0002649	ALV10198.1	CAC29744.1
OG0002651	ALV12964.1	CAC31772.1
OG0002656	ALV11180.1	CAC31688.1
OG0002657	ALV11194.1	CAC31675.1
OG0002659	ALV11331.1	CAC30574.1
OG0002661	ALV10464.1	CAC31513.1
OG0002663	ALV11754.1	CAC30483.1
OG0002664	ALV12070.1	CAC30172.1
OG0002665	ALV12201.1	CAC30239.1
OG0003384	ALV12150.1	CAC30308.1
OG0003492	ALV12729.1	CAC29563.1
OG0003493	ALV12730.1	CAC29562.1
OG0003494	ALV12731.1	CAC29561.1
OG0003495	ALV12732.1	CAC29560.1
OG0003552	ALV09698.1	CAC31895.1
OG0003554	ALV11343.1	CAC31133.1
