Orthogroup	Mbovis	Mavium
OG0000001	ALV12068.1, ALV12069.1	AAS05732.1, AAS05733.1
OG0000001	ALV10901.1	AAS03835.1, AAS03469.1
OG0000001	ALV10119.1, ALV09634.1	AAS03838.1
OG0000001	ALV11742.1, ALV10232.1	AAS04892.1
OG0000001	ALV12953.1, ALV11000.1, ALV12290.1, ALV10320.1, ALV10086.1, ALV10851.1, ALV12091.1, ALV12090.1, ALV12442.1, ALV11379.1, ALV12464.1, ALV09605.1, ALV09977.1, ALV12810.1	AAS06489.1
OG0000001	ALV12292.1	AAS03472.1, AAS05244.1, AAS05970.1, AAS05969.1
OG0000002	ALV10365.1	AAS04920.1
OG0000002	ALV11114.1	AAS04113.1
OG0000002	ALV10771.1	AAS03687.1
OG0000002	ALV10773.1	AAS03688.1
OG0000002	ALV12689.1	AAS06314.1
OG0000003	ALV09513.1	AAS04912.1
OG0000003	ALV09539.1, ALV09697.1	AAS06315.1, AAS06040.1
OG0000003	ALV13124.1, ALV11973.1, ALV09545.1	AAS06332.1
OG0000004	ALV13001.1	AAS04056.1, AAS06127.1, AAS03019.1, AAS06143.1, AAS02583.1, AAS04847.1, AAS05268.1, AAS05878.1, AAS03015.1, AAS04976.1, AAS05563.1, AAS04967.1, AAS05809.1, AAS04665.1, AAS05801.1, AAS04710.1, AAS03694.1, AAS05770.1, AAS04104.1, AAS06057.1, AAS03026.1, AAS03772.1, AAS02895.1, AAS03753.1, AAS05062.1, AAS02667.1, AAS06053.1, AAS03698.1, AAS05880.1, AAS05685.1, AAS04843.1, AAS03071.1, AAS04024.1, AAS06429.1
OG0000005	ALV10367.1	AAS04913.1
OG0000005	ALV10668.1, ALV10661.1	AAS06302.1, AAS04180.1
OG0000005	ALV09649.1	AAS05834.1
OG0000005	ALV11908.1, ALV11892.1	AAS04179.1
OG0000006	ALV10896.1	AAS06694.1
OG0000006	ALV10881.1, ALV10883.1	AAS04893.1, AAS03824.1
OG0000006	ALV12395.1	AAS03831.1
OG0000007	ALV09713.1	AAS06514.1
OG0000007	ALV09870.1	AAS06667.1
OG0000007	ALV12813.1	AAS06513.1
OG0000007	ALV12328.1, ALV09868.1, ALV09869.1	AAS06645.1
OG0000008	ALV12452.1	AAS04661.1, AAS03091.1, AAS02985.1, AAS04183.1, AAS03044.1, AAS06618.1, AAS04500.1, AAS04966.1, AAS04682.1, AAS04699.1, AAS04842.1, AAS03069.1, AAS04347.1, AAS04296.1, AAS04901.1, AAS06368.1, AAS04688.1, AAS04578.1, AAS03931.1, AAS02839.1
OG0000009	ALV09745.1, ALV10694.1	AAS05597.1
OG0000009	ALV11373.1, ALV11372.1, ALV09901.1	AAS04055.1
OG0000012	ALV09992.1	AAS02919.1
OG0000012	ALV09479.1	AAS04965.1, AAS03072.1, AAS04900.1, AAS06063.1, AAS04503.1, AAS05691.1, AAS04964.1, AAS05099.1, AAS03975.1, AAS04401.1, AAS04504.1, AAS04655.1, AAS05690.1, AAS06212.1
OG0000013	ALV12896.1	AAS06442.1
OG0000013	ALV12592.1	AAS05112.1
OG0000013	ALV12462.1	AAS06487.1, AAS03130.1, AAS03564.1
OG0000013	ALV13201.1	AAS02845.1, AAS03474.1, AAS02865.1
OG0000014	ALV12954.1	AAS06300.1, AAS06496.1, AAS02392.1, AAS05598.1
OG0000014	ALV12843.1	AAS06439.1, AAS04555.1, AAS04054.1
OG0000014	ALV09695.1	AAS03558.1
OG0000016	ALV12413.1	AAS02879.1
OG0000016	ALV09815.1	AAS06632.1
OG0000017	ALV12466.1	AAS02999.1, AAS03033.1, AAS04679.1, AAS04065.1, AAS03065.1, AAS03030.1, AAS04668.1, AAS04972.1, AAS04544.1, AAS03775.1, AAS04902.1, AAS04702.1, AAS06135.1, AAS04669.1, AAS02824.1
OG0000018	ALV10831.1	AAS06739.1
OG0000018	ALV10045.1	AAS05935.1, AAS06614.1, AAS04393.1, AAS06431.1, AAS02539.1, AAS03199.1, AAS06741.1, AAS06740.1, AAS06747.1, AAS02980.1
OG0000020	ALV11787.1, ALV09980.1	AAS04473.1
OG0000021	ALV10322.1	AAS04962.1, AAS06200.1, AAS06208.1, AAS05065.1, AAS04712.1, AAS02471.1, AAS04707.1, AAS06475.1, AAS03200.1, AAS03000.1, AAS04715.1, AAS04716.1, AAS03998.1
OG0000024	ALV10975.1	AAS03926.1
OG0000024	ALV12672.1	AAS02533.1
OG0000024	ALV09398.1	AAS06081.1
OG0000026	ALV10141.1	AAS03816.1, AAS06737.1, AAS02445.1, AAS06134.1, AAS03747.1, AAS03915.1, AAS04798.1, AAS02543.1, AAS04371.1, AAS04280.1, AAS03201.1
OG0000028	ALV10884.1, ALV10231.1, ALV10375.1	AAS03825.1
OG0000029	ALV12026.1	AAS04855.1, AAS04698.1, AAS04515.1, AAS05091.1, AAS03756.1, AAS02366.1, AAS03700.1
OG0000029	ALV10417.1	AAS04854.1
OG0000030	ALV11788.1, ALV09981.1	AAS04472.1
OG0000031	ALV09428.1	AAS06151.1, AAS02997.1, AAS04717.1, AAS06209.1, AAS04672.1, AAS05064.1, AAS04659.1, AAS03097.1, AAS04505.1, AAS06054.1, AAS04388.1
OG0000032	ALV09817.1	AAS06634.1
OG0000033	ALV09818.1	AAS06635.1
OG0000033	ALV09432.1	AAS04507.1, AAS03077.1, AAS04169.1, AAS02426.1, AAS04432.1
OG0000034	ALV10434.1	AAS04821.1
OG0000035	ALV12686.1	AAS06271.1, AAS04011.1
OG0000035	ALV12688.1	AAS06313.1
OG0000036	ALV12983.1, ALV12984.1, ALV10809.1, ALV10882.1	AAS03823.1
OG0000037	ALV10166.1	AAS06834.1
OG0000038	ALV10547.1	AAS02439.1
OG0000038	ALV09544.1	AAS06331.1
OG0000040	ALV10130.1	AAS04103.1, AAS04554.1, AAS02649.1, AAS05198.1, AAS04840.1, AAS04513.1, AAS04330.1, AAS06169.1, AAS06126.1, AAS03187.1
OG0000041	ALV10553.1	AAS03444.1, AAS04335.1, AAS04517.1, AAS06144.1, AAS03758.1, AAS03937.1, AAS06059.1, AAS03780.1, AAS03767.1, AAS04693.1
OG0000042	ALV12825.1, ALV12802.1	AAS06726.1
OG0000042	ALV09639.1	AAS03370.1
OG0000044	ALV12687.1, ALV12952.1	AAS04550.1, AAS05628.1
OG0000044	ALV10366.1	AAS04549.1
OG0000045	ALV10482.1, ALV10484.1, ALV10483.1	AAS04757.1
OG0000046	ALV10857.1	AAS06045.1, AAS04337.1
OG0000046	ALV12602.1	AAS03793.1, AAS05978.1, AAS04621.1, AAS02650.1
OG0000047	ALV10902.1	AAS03840.1, AAS03837.1, AAS03471.1, AAS05102.1, AAS05706.1, AAS05103.1, AAS05968.1, AAS02904.1, AAS03834.1
OG0000048	ALV09820.1	AAS03081.1, AAS04510.1, AAS06638.1
OG0000048	ALV12790.1	AAS06158.1
OG0000049	ALV09638.1	AAS05813.1, AAS03745.1, AAS06424.1
OG0000049	ALV10945.1	AAS03878.1
OG0000050	ALV10663.1, ALV10665.1	AAS06312.1, AAS05713.1, AAS03991.1, AAS05188.1
OG0000051	ALV10806.1	AAS05197.1, AAS05769.1, AAS04201.1, AAS03936.1, AAS05882.1, AAS04812.1, AAS06010.1, AAS03749.1, AAS03782.1
OG0000053	ALV11287.1	AAS04315.1
OG0000053	ALV11288.1	AAS06035.1, AAS04316.1
OG0000054	ALV12438.1	AAS02854.1, AAS03695.1, AAS05877.1, AAS06856.1, AAS02375.1, AAS06099.1, AAS02605.1, AAS02604.1
OG0000055	ALV13204.1	AAS03003.1, AAS04377.1, AAS03337.1, AAS04724.1, AAS03041.1, AAS04963.1, AAS05887.1, AAS02827.1
OG0000056	ALV12469.1	AAS02820.1, AAS04680.1, AAS03776.1, AAS03064.1, AAS04545.1, AAS03032.1, AAS04670.1, AAS02998.1
OG0000057	ALV09374.1	AAS04187.1, AAS04188.1, AAS03559.1, AAS04186.1, AAS03737.1, AAS04489.1
OG0000058	ALV12352.1	AAS06815.1
OG0000058	ALV09685.1	AAS06486.1
OG0000060	ALV10134.1	AAS06722.1, AAS05938.1
OG0000060	ALV10132.1	AAS03189.1
OG0000061	ALV11075.1	AAS04356.1, AAS05043.1
OG0000061	ALV10362.1	AAS04924.1
OG0000064	ALV10770.1	AAS03686.1
OG0000064	ALV10774.1	AAS04959.1, AAS03689.1
OG0000065	ALV13039.1	AAS05037.1, AAS06596.1, AAS04069.1, AAS03488.1, AAS03272.1, AAS05808.1
OG0000066	ALV12463.1	AAS02826.1, AAS04975.1, AAS03042.1, AAS02469.1, AAS02391.1, AAS04686.1, AAS03286.1
OG0000067	ALV13213.1	AAS02345.1, AAS03467.1, AAS04591.1, AAS04467.1, AAS02421.1, AAS06309.1, AAS03166.1
OG0000069	ALV09430.1	AAS06153.1
OG0000069	ALV09816.1	AAS06633.1
OG0000070	ALV12834.1	AAS06636.1
OG0000070	ALV09433.1	AAS06156.1
OG0000071	ALV09819.1	AAS06637.1
OG0000071	ALV09434.1	AAS06157.1
OG0000072	ALV12835.1	AAS06639.1
OG0000072	ALV09435.1	AAS06159.1
OG0000073	ALV09473.1	AAS04681.1, AAS06145.1, AAS03762.1, AAS03755.1, AAS04052.1, AAS06205.1
OG0000074	ALV10623.1	AAS03512.1
OG0000074	ALV09502.1	AAS06244.1
OG0000075	ALV09518.1	AAS06257.1
OG0000075	ALV13043.1	AAS04419.1
OG0000077	ALV10264.1	AAS03340.1
OG0000077	ALV12400.1	AAS03773.1
OG0000078	ALV10397.1	AAS05763.1, AAS03666.1, AAS04028.1, AAS03087.1, AAS05645.1, AAS04876.1
OG0000079	ALV10517.1	AAS03266.1, AAS03663.1
OG0000080	ALV10580.1	AAS03475.1
OG0000080	ALV11497.1	AAS04618.1
OG0000081	ALV10695.1	AAS03788.1, AAS04791.1, AAS03382.1, AAS04499.1, AAS02443.1, AAS03580.1
OG0000082	ALV10823.1, ALV12980.1	AAS05092.1, AAS03763.1, AAS05055.1
OG0000083	ALV11073.1	AAS04071.1
OG0000083	ALV11094.1	AAS04058.1, AAS04059.1
OG0000084	ALV12746.1, ALV11144.1	AAS06876.1
OG0000085	ALV13202.1	AAS02847.1, AAS03013.1, AAS03750.1, AAS03008.1, AAS05948.1, AAS03800.1
OG0000086	ALV12630.1	AAS02587.1, AAS02572.1, AAS02584.1, AAS06860.1, AAS05745.1, AAS05672.1
OG0000088	ALV12121.1, ALV09340.1	AAS05841.1
OG0000089	ALV09344.1	AAS06597.1, AAS04036.1, AAS04043.1, AAS04100.1
OG0000090	ALV09345.1, ALV09684.1	AAS06483.1
OG0000091	ALV10283.1, ALV09347.1	AAS05016.1
OG0000093	ALV10317.1	AAS02615.1
OG0000093	ALV09709.1	AAS06509.1
OG0000094	ALV09754.1	AAS06561.1
OG0000094	ALV09998.1	AAS02925.1
OG0000095	ALV09762.1	AAS06576.1
OG0000096	ALV09794.1, ALV10185.1	AAS06608.1
OG0000097	ALV09978.1	AAS02745.1, AAS03167.1, AAS02906.1, AAS02570.1, AAS02981.1, AAS04619.1
OG0000099	ALV12853.1, ALV12056.1	AAS02962.1
OG0000100	ALV10059.1	AAS05902.1, AAS06867.1, AAS05823.1, AAS03006.1
OG0000101	ALV10261.1	AAS03094.1, AAS04714.1, AAS03910.1, AAS03334.1
OG0000102	ALV12280.1	AAS02547.1
OG0000102	ALV10435.1	AAS04820.1
OG0000103	ALV11910.1, ALV10662.1	AAS06310.1
OG0000104	ALV12976.1	AAS03774.1, AAS03648.1, AAS06016.1, AAS04417.1, AAS06015.1
OG0000105	ALV10946.1	AAS06459.1, AAS03112.1, AAS02492.1, AAS04666.1, AAS03880.1
OG0000106	ALV11994.1, ALV11047.1	AAS05643.1
OG0000107	ALV11095.1, ALV12065.1	AAS05818.1, AAS04057.1
OG0000108	ALV13008.1	AAS04116.1
OG0000109	ALV13245.1, ALV11145.1	AAS06875.1
OG0000110	ALV11911.1, ALV11468.1	AAS04589.1
OG0000111	ALV11368.1, ALV13061.1	AAS06289.1, AAS03949.1
OG0000113	ALV11668.1, ALV11669.1	AAS05122.1
OG0000114	ALV11957.1	AAS05586.1, AAS05803.1, AAS06062.1, AAS06225.1
OG0000115	ALV12312.1	AAS06646.1, AAS03063.1, AAS04974.1, AAS06025.1
OG0000116	ALV12412.1	AAS02880.1, AAS03075.1, AAS02410.1, AAS04167.1, AAS02424.1
OG0000117	ALV12415.1	AAS03046.1, AAS04662.1, AAS02984.1, AAS03070.1, AAS02877.1
OG0000118	ALV12475.1	AAS02814.1, AAS03765.1, AAS03973.1, AAS03402.1, AAS04339.1
OG0000119	ALV12681.1	AAS02523.1
OG0000119	ALV12680.1	AAS02524.1
OG0000121	ALV09286.1	AAS02324.1
OG0000122	ALV09354.1	AAS06841.1, AAS03285.1
OG0000123	ALV09540.1, ALV10099.1	AAS06327.1
OG0000124	ALV09546.1, ALV11972.1	AAS06333.1
OG0000125	ALV09547.1, ALV11971.1	AAS06334.1
OG0000126	ALV09606.1	AAS05036.1, AAS04696.1, AAS06420.1
OG0000127	ALV09653.1	AAS05668.1, AAS02688.1, AAS06434.1
OG0000128	ALV09677.1	AAS06822.1, AAS04448.1, AAS06471.1
OG0000129	ALV10018.1	AAS03422.1, AAS06055.1, AAS04569.1, AAS02945.1
OG0000130	ALV10036.1	AAS02961.1
OG0000131	ALV10136.1	AAS02589.1
OG0000132	ALV10043.1	AAS04519.1, AAS02975.1, AAS04521.1
OG0000133	ALV12863.1	AAS03104.1
OG0000134	ALV10327.1, ALV12906.1	AAS04956.1
OG0000135	ALV12934.1	AAS03084.1, AAS04424.1, AAS04426.1, AAS03067.1
OG0000136	ALV10539.1, ALV12016.1	AAS05699.1
OG0000137	ALV10638.1	AAS03524.1, AAS05985.1, AAS05984.1
OG0000138	ALV10649.1	AAS02991.1, AAS02990.1, AAS03543.1
OG0000139	ALV12994.1, ALV10651.1	AAS03545.1
OG0000141	ALV10894.1	AAS03470.1, AAS03836.1
OG0000142	ALV12988.1	AAS02661.1, AAS04350.1, AAS03920.1
OG0000143	ALV11013.1	AAS04667.1, AAS04973.1, AAS04703.1
OG0000144	ALV10862.1, ALV11083.1	AAS05549.1, AAS02346.1
OG0000145	ALV11099.1, ALV13142.1	AAS04060.1
OG0000146	ALV12621.1, ALV11344.1	AAS03183.1
OG0000147	ALV11419.1	AAS04125.1, AAS03427.1, AAS02461.1, AAS04527.1
OG0000148	ALV11571.1, ALV11570.1	AAS03391.1
OG0000149	ALV13181.1, ALV11667.1	AAS05120.1
OG0000150	ALV11707.1	AAS04640.1, AAS04379.1, AAS05838.1, AAS05160.1
OG0000151	ALV13096.1, ALV11798.1	AAS05220.1
OG0000152	ALV11898.1	AAS03553.1, AAS03554.1, AAS06082.1
OG0000154	ALV13119.1	AAS06699.1, AAS03224.1, AAS05555.1
OG0000155	ALV13144.1	AAS05738.1, AAS06068.1, AAS06353.1, AAS02580.1
OG0000156	ALV12148.1	AAS05875.1, AAS02989.1, AAS03759.1, AAS05673.1
OG0000157	ALV12154.1	AAS05893.1, AAS02413.1, AAS02414.1, AAS06096.1
OG0000158	ALV12237.1, ALV12254.1, ALV12220.1	AAS05973.1
OG0000159	ALV12239.1, ALV12222.1, ALV12256.1	AAS05975.1
OG0000160	ALV12240.1, ALV12257.1, ALV12223.1	AAS05976.1, AAS05035.1
OG0000161	ALV12259.1, ALV12242.1, ALV12225.1	AAS05979.1
OG0000162	ALV12260.1, ALV12243.1, ALV12226.1	AAS05980.1
OG0000163	ALV12246.1, ALV12263.1, ALV12229.1	AAS05983.1
OG0000164	ALV12231.1, ALV12265.1, ALV12248.1	AAS05988.1
OG0000165	ALV12250.1, ALV12233.1, ALV12267.1	AAS05990.1
OG0000166	ALV12234.1, ALV12268.1, ALV12251.1	AAS05991.1
OG0000167	ALV12252.1, ALV12235.1, ALV12269.1	AAS05992.1
OG0000168	ALV12850.1, ALV13172.1	AAS05836.1, AAS04269.1
OG0000169	ALV13173.1	AAS04483.1, AAS04087.1, AAS03263.1, AAS05996.1
OG0000170	ALV13176.1	AAS06009.1, AAS04007.1, AAS04392.1, AAS06647.1
OG0000171	ALV12301.1, ALV12291.1	AAS06012.1
OG0000173	ALV12449.1	AAS02843.1, AAS04906.1, AAS03778.1, AAS04656.1
OG0000174	ALV12474.1	AAS02815.1, AAS03769.1, AAS03017.1, AAS03010.1
OG0000175	ALV13214.1	AAS05012.1, AAS06816.1, AAS02743.1
OG0000176	ALV12612.1	AAS02448.1
OG0000177	ALV12632.1	AAS02901.1, AAS02643.1, AAS02578.1
OG0000178	ALV12634.1	AAS05939.1, AAS05941.1, AAS03538.1, AAS02576.1
OG0000179	ALV12659.1	AAS04136.1, AAS04135.1, AAS02551.1
OG0000181	ALV10982.1	AAS03938.1, AAS05811.1, AAS06141.1, AAS05876.1, AAS06742.1
OG0000182	ALV09300.1	AAS05039.1
OG0000183	ALV09322.1	AAS02377.1
OG0000186	ALV12779.1	AAS06226.1, AAS06072.1
OG0000187	ALV09400.1	AAS06089.1, AAS02582.1, AAS05670.1
OG0000188	ALV09426.1	AAS06148.1
OG0000189	ALV09442.1	AAS02348.1, AAS06111.1, AAS06167.1
OG0000190	ALV09451.1	AAS06296.1, AAS06182.1
OG0000191	ALV09455.1	AAS06185.1, AAS02472.1, AAS06211.1
OG0000192	ALV09470.1	AAS03802.1, AAS04671.1, AAS06199.1
OG0000193	ALV09471.1	AAS06201.1, AAS04726.1, AAS04722.1
OG0000194	ALV09530.1	AAS06268.1, AAS04579.1, AAS05743.1
OG0000196	ALV09567.1	AAS04067.1, AAS06050.1, AAS06347.1
OG0000197	ALV09601.1	AAS06390.1, AAS05667.1
OG0000198	ALV09603.1	AAS04012.1, AAS06392.1
OG0000199	ALV09678.1	AAS02418.1, AAS02417.1, AAS06472.1
OG0000200	ALV12819.1	AAS06532.1, AAS05822.1
OG0000201	ALV09734.1	AAS06538.1
OG0000202	ALV09740.1	AAS05284.1, AAS06543.1
OG0000203	ALV09748.1	AAS06554.1
OG0000204	ALV09776.1	AAS06589.1, AAS04081.1
OG0000205	ALV09790.1	AAS03982.1, AAS06605.1
OG0000206	ALV09827.1, ALV11953.1	AAS03418.1
OG0000208	ALV09878.1	AAS03641.1, AAS02782.1, AAS06678.1
OG0000209	ALV09908.1	AAS06693.1, AAS02681.1
OG0000210	ALV09950.1	AAS06738.1
OG0000211	ALV12845.1	AAS02446.1, AAS02669.1, AAS06744.1
OG0000212	ALV09974.1	AAS02349.1, AAS02467.1, AAS06764.1
OG0000213	ALV09983.1	AAS05940.1, AAS03539.1, AAS02909.1
OG0000214	ALV09986.1	AAS02912.1, AAS06052.1, AAS04683.1
OG0000215	ALV10007.1	AAS05693.1, AAS02936.1, AAS02935.1
OG0000216	ALV10040.1	AAS02972.1, AAS02449.1
OG0000217	ALV10068.1	AAS03106.1, AAS04031.1
OG0000218	ALV10069.1	AAS03107.1, AAS04032.1
OG0000219	ALV10088.1	AAS06460.1, AAS03136.1
OG0000220	ALV10093.1	AAS03141.1, AAS03204.1
OG0000221	ALV10108.1	AAS02470.1, AAS03150.1
OG0000222	ALV12872.1	AAS02969.1, AAS03190.1
OG0000223	ALV10133.1	AAS02970.1, AAS03191.1
OG0000224	ALV10169.1	AAS03227.1, AAS03040.1, AAS05744.1
OG0000225	ALV10182.1	AAS06757.1, AAS02368.1, AAS02891.1
OG0000226	ALV10215.1	AAS03307.1, AAS05681.1
OG0000230	ALV10267.1	AAS03343.1, AAS05601.1
OG0000231	ALV10270.1	AAS03346.1, AAS05310.1
OG0000232	ALV10336.1	AAS04577.1, AAS04950.1
OG0000233	ALV10350.1, ALV12974.1	AAS04934.1
OG0000234	ALV10355.1	AAS05787.1, AAS04930.1
OG0000235	ALV10359.1	AAS04182.1, AAS03460.1, AAS04926.1
OG0000236	ALV10377.1	AAS05775.1, AAS02450.1, AAS04896.1
OG0000237	ALV10390.1	AAS03271.1, AAS03153.1, AAS04882.1
OG0000238	ALV09806.1	AAS03110.1
OG0000239	ALV10458.1	AAS04786.1, AAS03303.1
OG0000240	ALV10465.1	AAS06321.1, AAS04780.1
OG0000241	ALV12929.1	AAS02690.1
OG0000242	ALV10512.1	AAS04730.1, AAS06284.1, AAS06285.1
OG0000243	ALV10526.1	AAS03068.1, AAS04427.1, AAS03085.1
OG0000245	ALV10628.1	AAS05669.1, AAS03514.1
OG0000246	ALV10644.1	AAS05731.1, AAS03531.1
OG0000247	ALV12948.1	AAS03004.1, AAS03544.1
OG0000248	ALV13211.1	AAS02750.1
OG0000249	ALV11913.1	AAS03550.1
OG0000250	ALV10700.1	AAS03588.1, AAS06560.1
OG0000251	ALV10711.1	AAS03428.1, AAS03607.1
OG0000252	ALV10729.1	AAS03626.1, AAS06455.1
OG0000253	ALV12963.1	AAS03655.1, AAS06355.1
OG0000254	ALV10749.1	AAS03667.1, AAS06835.1, AAS03066.1
OG0000255	ALV10755.1	AAS05705.1, AAS03883.1, AAS03673.1
OG0000256	ALV12970.1	AAS04465.1, AAS03725.1
OG0000257	ALV10813.1	AAS03727.1, AAS03269.1
OG0000258	ALV10912.1	AAS03850.1, AAS05548.1
OG0000259	ALV10967.1	AAS03913.1
OG0000259	ALV10968.1	AAS04398.1
OG0000260	ALV10972.1	AAS03134.1, AAS03923.1
OG0000261	ALV12990.1	AAS03932.1, AAS03086.1
OG0000262	ALV12991.1	AAS03943.1, AAS03740.1, AAS06384.1
OG0000263	ALV10991.1	AAS03947.1, AAS04638.1
OG0000264	ALV12996.1	AAS03014.1, AAS02762.1, AAS03962.1
OG0000265	ALV13006.1	AAS06649.1, AAS04082.1
OG0000266	ALV11137.1	AAS03534.1, AAS03650.1, AAS04789.1
OG0000268	ALV13014.1	AAS04194.1, AAS04375.1
OG0000269	ALV11200.1	AAS04206.1
OG0000270	ALV11222.1	AAS06396.1, AAS05617.1, AAS04228.1
OG0000272	ALV11238.1	AAS04249.1, AAS03090.1
OG0000273	ALV11240.1	AAS04251.1
OG0000274	ALV11246.1	AAS03738.1, AAS04258.1
OG0000275	ALV11260.1	AAS04274.1, AAS05613.1
OG0000276	ALV11284.1	AAS04312.1, AAS06227.1
OG0000277	ALV13038.1	AAS06087.1, AAS02662.1, AAS04374.1
OG0000278	ALV11366.1	AAS02684.1, AAS04422.1, AAS04421.1
OG0000279	ALV11382.1	AAS06323.1, AAS04456.1
OG0000280	ALV11397.1	AAS04485.1, AAS04484.1
OG0000281	ALV11398.1	AAS04486.1, AAS03736.1, AAS04189.1
OG0000282	ALV11410.1	AAS02431.1, AAS04174.1, AAS02407.1
OG0000283	ALV11438.1	AAS05231.1, AAS04642.1, AAS02466.1
OG0000284	ALV11485.1	AAS04998.1, AAS04607.1
OG0000286	ALV11532.1	AAS03987.1, AAS04639.1
OG0000287	ALV11538.1	AAS03984.1, AAS04651.1
OG0000288	ALV13073.1	AAS03366.1, AAS03367.1
OG0000289	ALV11659.1	AAS03742.1, AAS05108.1
OG0000290	ALV11672.1	AAS04922.1, AAS05124.1
OG0000291	ALV11681.1	AAS02701.1, AAS05133.1
OG0000292	ALV11723.1	AAS03182.1, AAS05176.1
OG0000293	ALV11817.1	AAS04185.1, AAS05232.1
OG0000294	ALV11855.1	AAS05270.1, AAS05687.1, AAS06837.1
OG0000295	ALV11890.1	AAS04493.1, AAS06295.1
OG0000296	ALV11937.1	AAS03739.1, AAS05567.1
OG0000297	ALV11938.1	AAS05568.1
OG0000298	ALV11942.1	AAS04573.1, AAS05573.1
OG0000299	ALV11943.1	AAS05574.1, AAS04572.1
OG0000300	ALV11949.1	AAS05581.1, AAS06230.1
OG0000301	ALV11986.1	AAS05840.1, AAS02404.1, AAS05632.1
OG0000302	ALV13129.1	AAS05635.1
OG0000303	ALV11991.1	AAS03930.1, AAS05641.1
OG0000304	ALV12008.1	AAS06001.1, AAS05675.1
OG0000305	ALV12044.1	AAS06281.1, AAS05720.1
OG0000307	ALV12099.1	AAS05771.1, AAS06441.1, AAS06098.1
OG0000308	ALV12102.1	AAS04027.1, AAS02401.1, AAS05777.1
OG0000309	ALV12136.1	AAS03798.1, AAS05862.1
OG0000311	ALV12176.1	AAS04232.1, AAS02798.1, AAS05916.1
OG0000312	ALV12191.1	AAS05934.1
OG0000313	ALV12194.1	AAS06610.1, AAS02444.1
OG0000314	ALV12204.1	AAS05954.1, AAS05190.1
OG0000315	ALV12207.1	AAS03813.1, AAS02700.1, AAS05958.1
OG0000316	ALV13169.1, ALV13167.1, ALV13165.1	AAS05972.1
OG0000317	ALV12241.1, ALV12224.1, ALV12258.1	AAS05977.1
OG0000318	ALV12261.1, ALV12227.1, ALV12244.1	AAS05981.1
OG0000319	ALV12262.1, ALV12228.1, ALV12245.1	AAS05982.1
OG0000320	ALV12266.1, ALV12249.1, ALV12232.1	AAS05989.1
OG0000321	ALV12286.1	AAS06004.1
OG0000322	ALV12341.1	AAS06279.1, AAS02555.1, AAS05683.1
OG0000323	ALV12387.1	AAS03109.1, AAS06776.1, AAS06777.1
OG0000324	ALV12389.1	AAS03282.1, AAS06774.1
OG0000325	ALV13197.1	AAS02896.1, AAS06115.1
OG0000326	ALV12425.1	AAS04697.1, AAS04705.1, AAS02867.1
OG0000327	ALV12476.1	AAS02813.1, AAS05686.1, AAS02996.1
OG0000328	ALV12525.1	AAS02747.1, AAS05796.1
OG0000329	ALV13215.1	AAS02986.1, AAS02740.1
OG0000330	ALV12558.1	AAS02715.1, AAS02399.1
OG0000331	ALV12595.1	AAS02635.1, AAS04338.1
OG0000332	ALV12636.1	AAS02573.1, AAS06628.1, AAS06629.1
OG0000333	ALV12667.1	AAS02538.1, AAS04689.1
OG0000334	ALV12668.1	AAS02537.1
OG0000335	ALV12717.1	AAS02496.1
OG0000342	ALV09281.1	AAS02318.1
OG0000343	ALV09282.1	AAS02319.1
OG0000344	ALV09283.1	AAS02320.1
OG0000345	ALV09284.1	AAS02321.1
OG0000346	ALV12767.1	AAS02322.1
OG0000347	ALV09285.1	AAS02323.1
OG0000348	ALV09289.1	AAS02328.1
OG0000349	ALV09290.1	AAS02330.1
OG0000350	ALV09292.1	AAS02332.1
OG0000351	ALV09293.1	AAS02333.1
OG0000352	ALV09294.1	AAS02335.1
OG0000353	ALV09295.1	AAS02336.1
OG0000354	ALV09296.1	AAS02337.1
OG0000355	ALV09297.1	AAS02338.1
OG0000356	ALV09298.1	AAS02339.1
OG0000357	ALV09299.1	AAS02340.1
OG0000358	ALV09303.1	AAS02353.1
OG0000359	ALV12770.1	AAS02362.1
OG0000360	ALV09316.1	AAS02364.1
OG0000361	ALV09317.1	AAS02365.1
OG0000362	ALV09318.1	AAS02367.1
OG0000363	ALV09320.1	AAS06306.1, AAS02371.1
OG0000364	ALV09323.1	AAS02378.1
OG0000365	ALV09325.1	AAS02380.1
OG0000366	ALV09326.1	AAS02381.1
OG0000367	ALV09327.1	AAS02382.1
OG0000368	ALV09329.1	AAS02384.1
OG0000369	ALV09330.1	AAS02385.1
OG0000370	ALV09331.1	AAS02386.1
OG0000371	ALV09332.1	AAS02387.1
OG0000372	ALV09333.1	AAS02388.1
OG0000373	ALV09343.1	AAS06006.1
OG0000374	ALV09351.1	AAS05688.1, AAS03035.1
OG0000375	ALV09375.1	AAS04614.1
OG0000376	ALV09379.1	AAS06297.1, AAS06320.1
OG0000377	ALV09380.1	AAS06048.1
OG0000378	ALV12777.1	AAS06064.1
OG0000379	ALV09386.1	AAS05799.1, AAS03254.1
OG0000380	ALV12778.1	AAS06070.1
OG0000381	ALV12781.1	AAS06074.1
OG0000382	ALV09394.1	AAS06077.1
OG0000383	ALV09404.1	AAS03661.1, AAS06103.1
OG0000384	ALV09405.1	AAS06104.1
OG0000385	ALV09406.1	AAS06105.1, AAS03967.1
OG0000386	ALV09408.1	AAS06136.1, AAS06107.1
OG0000387	ALV09412.1	AAS06114.1
OG0000388	ALV12784.1	AAS06116.1
OG0000389	ALV09413.1	AAS06117.1, AAS06060.1
OG0000390	ALV09419.1	AAS06122.1
OG0000391	ALV09420.1	AAS06123.1
OG0000392	ALV12787.1	AAS06124.1
OG0000393	ALV12788.1	AAS06128.1
OG0000394	ALV09436.1	AAS06160.1
OG0000395	ALV09437.1	AAS06161.1
OG0000396	ALV09438.1	AAS06162.1
OG0000397	ALV09439.1	AAS06163.1
OG0000398	ALV09441.1	AAS06166.1
OG0000399	ALV09443.1	AAS06172.1
OG0000400	ALV09444.1	AAS06173.1
OG0000401	ALV09445.1	AAS06174.1
OG0000402	ALV09450.1	AAS06181.1
OG0000403	ALV09460.1	AAS06187.1
OG0000404	ALV09461.1	AAS06188.1, AAS05791.1
OG0000405	ALV12794.1	AAS06189.1
OG0000406	ALV09463.1	AAS06191.1
OG0000407	ALV09464.1	AAS06192.1
OG0000408	ALV09465.1	AAS06193.1
OG0000409	ALV09468.1	AAS06196.1
OG0000410	ALV09472.1	AAS06202.1
OG0000411	ALV09480.1	AAS06213.1
OG0000412	ALV09481.1	AAS06214.1
OG0000413	ALV09482.1	AAS06215.1
OG0000414	ALV09483.1	AAS06216.1
OG0000415	ALV09484.1	AAS06217.1
OG0000416	ALV09491.1	AAS06223.1
OG0000417	ALV09493.1	AAS06236.1
OG0000418	ALV09495.1	AAS06238.1
OG0000419	ALV09496.1	AAS06239.1
OG0000420	ALV09499.1	AAS06241.1
OG0000421	ALV09500.1	AAS06242.1
OG0000422	ALV09501.1	AAS06243.1
OG0000423	ALV09503.1	AAS06246.1
OG0000424	ALV09508.1	AAS06250.1
OG0000425	ALV09520.1	AAS06258.1
OG0000426	ALV09521.1	AAS06259.1
OG0000427	ALV09527.1	AAS06264.1
OG0000428	ALV09528.1	AAS06266.1, AAS06853.1
OG0000429	ALV09529.1	AAS06267.1, AAS05740.1
OG0000430	ALV09541.1	AAS06328.1
OG0000431	ALV09542.1	AAS06329.1
OG0000432	ALV09543.1	AAS06330.1
OG0000433	ALV09548.1	AAS06335.1
OG0000434	ALV09549.1	AAS06336.1
OG0000435	ALV09550.1	AAS06337.1
OG0000436	ALV09551.1	AAS06338.1
OG0000437	ALV09559.1	AAS04340.1, AAS04049.1
OG0000438	ALV09565.1	AAS06345.1, AAS03582.1
OG0000439	ALV09566.1	AAS06346.1
OG0000440	ALV09568.1	AAS06349.1, AAS04512.1
OG0000441	ALV09571.1	AAS03978.1, AAS06354.1
OG0000442	ALV09576.1	AAS06370.1
OG0000443	ALV09577.1	AAS05802.1, AAS06375.1
OG0000444	ALV09587.1	AAS06378.1
OG0000445	ALV09589.1	AAS06380.1
OG0000446	ALV09590.1	AAS06381.1
OG0000447	ALV09602.1	AAS06391.1
OG0000448	ALV09604.1	AAS06393.1
OG0000449	ALV09607.1	AAS06419.1
OG0000450	ALV09608.1	AAS06417.1
OG0000451	ALV09610.1	AAS06414.1
OG0000452	ALV09611.1	AAS06413.1
OG0000453	ALV09614.1	AAS06412.1
OG0000454	ALV12805.1	AAS06409.1
OG0000455	ALV09630.1	AAS06407.1
OG0000456	ALV09631.1	AAS06405.1
OG0000457	ALV09632.1	AAS06403.1
OG0000458	ALV09636.1	AAS06422.1
OG0000459	ALV09637.1	AAS06423.1
OG0000460	ALV09647.1	AAS06430.1
OG0000461	ALV09652.1	AAS06433.1
OG0000462	ALV09656.1	AAS06443.1
OG0000463	ALV09657.1	AAS06444.1
OG0000464	ALV09660.1	AAS06447.1
OG0000465	ALV09661.1	AAS06448.1
OG0000466	ALV09662.1	AAS06449.1
OG0000467	ALV09663.1	AAS06450.1
OG0000468	ALV09664.1	AAS06457.1, AAS06456.1
OG0000469	ALV09668.1	AAS06462.1
OG0000470	ALV09669.1	AAS06463.1
OG0000471	ALV09672.1	AAS06465.1
OG0000472	ALV09674.1	AAS06468.1
OG0000473	ALV09675.1	AAS06469.1
OG0000474	ALV09676.1	AAS06470.1
OG0000475	ALV09681.1	AAS06478.1
OG0000476	ALV12809.1	AAS06479.1
OG0000477	ALV09682.1	AAS06480.1
OG0000478	ALV09699.1	AAS06498.1
OG0000479	ALV09706.1	AAS06506.1
OG0000480	ALV09707.1	AAS06507.1
OG0000481	ALV09708.1	AAS06508.1
OG0000482	ALV09710.1	AAS06510.1
OG0000483	ALV09712.1	AAS06512.1
OG0000484	ALV09716.1	AAS06515.1
OG0000485	ALV09718.1	AAS06518.1
OG0000486	ALV12815.1	AAS06519.1
OG0000487	ALV09719.1	AAS06520.1
OG0000488	ALV09720.1	AAS06521.1
OG0000489	ALV09721.1	AAS06522.1
OG0000490	ALV09722.1	AAS06523.1
OG0000491	ALV09723.1	AAS06524.1, AAS05712.1
OG0000492	ALV09724.1	AAS06525.1
OG0000493	ALV12816.1	AAS06526.1
OG0000494	ALV12817.1	AAS06529.1
OG0000495	ALV09727.1	AAS06530.1
OG0000496	ALV09728.1	AAS06531.1
OG0000497	ALV12820.1	AAS06533.1
OG0000498	ALV12821.1	AAS06536.1
OG0000499	ALV09733.1	AAS06537.1
OG0000500	ALV09735.1	AAS06539.1
OG0000501	ALV09737.1	AAS06541.1
OG0000502	ALV09738.1	AAS06542.1
OG0000503	ALV09741.1	AAS06544.1
OG0000504	ALV09742.1	AAS06545.1
OG0000505	ALV09743.1	AAS06546.1
OG0000506	ALV12822.1	AAS06547.1
OG0000507	ALV09747.1	AAS06552.1
OG0000508	ALV12823.1	AAS06553.1
OG0000509	ALV12824.1	AAS06555.1
OG0000510	ALV09758.1	AAS06570.1
OG0000511	ALV09759.1	AAS06571.1
OG0000512	ALV12827.1	AAS06572.1
OG0000513	ALV09760.1	AAS06573.1
OG0000514	ALV12828.1	AAS06574.1
OG0000515	ALV09761.1	AAS06575.1
OG0000516	ALV09764.1	AAS06577.1
OG0000517	ALV09767.1	AAS06579.1
OG0000518	ALV09775.1	AAS06588.1
OG0000519	ALV09777.1	AAS06590.1
OG0000520	ALV09778.1	AAS06591.1
OG0000521	ALV09779.1	AAS06592.1
OG0000522	ALV09780.1	AAS06046.1, AAS06593.1
OG0000523	ALV09781.1	AAS06594.1
OG0000524	ALV12829.1	AAS06600.1
OG0000525	ALV09786.1	AAS06601.1
OG0000526	ALV09787.1	AAS06602.1
OG0000527	ALV09788.1	AAS06603.1
OG0000528	ALV09791.1	AAS06606.1
OG0000529	ALV09793.1	AAS06607.1
OG0000530	ALV09795.1	AAS06609.1
OG0000531	ALV09857.1	AAS06654.1
OG0000532	ALV09858.1	AAS06655.1
OG0000533	ALV09859.1	AAS06656.1
OG0000534	ALV09860.1	AAS06657.1
OG0000535	ALV09861.1	AAS06658.1
OG0000536	ALV09862.1	AAS06659.1
OG0000537	ALV09863.1	AAS06660.1
OG0000538	ALV09864.1	AAS06661.1
OG0000539	ALV09865.1	AAS06662.1
OG0000540	ALV09866.1	AAS06663.1
OG0000541	ALV09867.1	AAS06666.1
OG0000542	ALV09871.1	AAS06668.1
OG0000543	ALV09872.1	AAS06669.1
OG0000544	ALV09875.1	AAS06675.1
OG0000545	ALV09876.1	AAS06676.1
OG0000546	ALV09879.1	AAS06679.1
OG0000547	ALV09892.1	AAS06680.1
OG0000548	ALV09893.1	AAS06681.1
OG0000549	ALV09895.1	AAS06682.1
OG0000550	ALV09906.1	AAS06690.1
OG0000551	ALV09907.1	AAS06691.1
OG0000552	ALV12844.1	AAS06692.1
OG0000553	ALV09926.1	AAS06710.1
OG0000554	ALV09927.1	AAS06711.1
OG0000555	ALV09928.1	AAS06712.1
OG0000556	ALV09929.1	AAS06713.1
OG0000557	ALV09930.1	AAS06714.1
OG0000558	ALV09931.1	AAS06715.1
OG0000559	ALV09932.1	AAS06716.1
OG0000560	ALV09933.1	AAS06717.1
OG0000561	ALV09934.1	AAS06718.1
OG0000562	ALV09935.1	AAS06719.1
OG0000563	ALV09936.1	AAS06720.1
OG0000564	ALV09939.1	AAS06723.1, AAS06725.1
OG0000565	ALV09940.1	AAS06727.1
OG0000566	ALV09941.1	AAS06728.1
OG0000567	ALV09942.1	AAS06729.1
OG0000568	ALV09943.1	AAS06730.1
OG0000569	ALV09944.1	AAS06731.1
OG0000570	ALV09945.1	AAS06732.1
OG0000571	ALV09946.1	AAS06733.1
OG0000572	ALV09947.1	AAS06734.1
OG0000573	ALV09948.1	AAS06735.1
OG0000574	ALV09949.1	AAS06736.1
OG0000575	ALV09955.1	AAS06746.1
OG0000576	ALV09957.1	AAS06748.1
OG0000577	ALV09958.1	AAS06749.1
OG0000578	ALV09959.1	AAS06750.1
OG0000579	ALV09973.1	AAS03061.1, AAS06763.1
OG0000580	ALV09984.1	AAS02910.1
OG0000581	ALV09985.1	AAS02911.1, AAS02858.1
OG0000582	ALV09991.1	AAS03796.1, AAS02918.1
OG0000583	ALV09994.1	AAS02921.1, AAS03048.1
OG0000584	ALV09995.1	AAS02922.1, AAS05098.1
OG0000585	ALV09996.1	AAS02923.1
OG0000586	ALV10001.1	AAS02928.1
OG0000587	ALV10004.1	AAS02931.1
OG0000588	ALV10005.1	AAS02932.1
OG0000589	ALV10013.1	AAS02942.1
OG0000590	ALV10014.1	AAS02943.1
OG0000591	ALV10023.1	AAS02949.1
OG0000592	ALV10026.1	AAS02952.1
OG0000593	ALV10028.1	AAS06770.1
OG0000594	ALV10030.1	AAS02954.1
OG0000595	ALV12852.1	AAS02955.1
OG0000596	ALV10031.1	AAS02956.1
OG0000597	ALV10032.1	AAS02957.1
OG0000598	ALV10033.1	AAS02958.1
OG0000599	ALV10035.1	AAS02960.1
OG0000600	ALV10037.1	AAS02964.1
OG0000601	ALV10038.1	AAS02965.1
OG0000602	ALV10039.1	AAS02967.1
OG0000603	ALV10042.1	AAS02974.1
OG0000604	ALV12855.1	AAS02976.1, AAS05704.1
OG0000605	ALV10054.1	AAS02988.1, AAS05622.1
OG0000606	ALV10060.1	AAS03018.1, AAS03744.1
OG0000607	ALV10064.1	AAS03100.1
OG0000608	ALV10065.1	AAS03956.1, AAS03101.1
OG0000609	ALV10070.1	AAS03116.1
OG0000610	ALV10071.1	AAS03117.1
OG0000611	ALV12864.1	AAS03118.1
OG0000612	ALV10075.1	AAS03122.1
OG0000613	ALV10079.1	AAS03127.1
OG0000614	ALV10083.1	AAS03131.1
OG0000615	ALV10084.1	AAS03132.1
OG0000616	ALV10085.1	AAS03133.1
OG0000617	ALV10087.1	AAS03135.1
OG0000618	ALV10091.1	AAS03139.1
OG0000619	ALV10092.1	AAS03140.1
OG0000620	ALV10094.1	AAS03142.1
OG0000621	ALV10102.1	AAS03146.1
OG0000622	ALV12868.1	AAS03151.1
OG0000623	ALV10110.1	AAS03157.1
OG0000624	ALV10114.1	AAS03162.1
OG0000625	ALV12870.1	AAS03163.1
OG0000626	ALV12871.1	AAS03186.1
OG0000627	ALV10139.1	AAS03197.1, AAS03646.1
OG0000628	ALV12875.1	AAS03202.1, AAS05782.1
OG0000629	ALV12876.1	AAS03645.1, AAS03206.1
OG0000630	ALV10144.1	AAS03208.1
OG0000631	ALV10146.1	AAS03209.1
OG0000632	ALV10147.1	AAS03210.1
OG0000633	ALV10148.1	AAS03212.1
OG0000634	ALV10149.1	AAS03213.1
OG0000635	ALV10150.1	AAS03214.1
OG0000636	ALV10151.1	AAS03217.1
OG0000637	ALV10152.1	AAS03218.1
OG0000638	ALV10153.1	AAS03219.1
OG0000639	ALV10154.1	AAS03220.1
OG0000640	ALV10163.1	AAS03225.1
OG0000641	ALV10167.1	AAS02397.1
OG0000642	ALV10176.1	AAS03232.1
OG0000643	ALV12882.1	AAS03233.1
OG0000644	ALV10178.1	AAS03234.1
OG0000645	ALV10179.1	AAS03235.1
OG0000646	ALV10180.1	AAS03236.1
OG0000647	ALV10181.1	AAS03237.1
OG0000648	ALV10183.1	AAS06756.1
OG0000649	ALV12883.1	AAS03239.1
OG0000650	ALV12884.1	AAS03240.1
OG0000651	ALV10187.1	AAS03241.1
OG0000652	ALV10188.1	AAS03242.1
OG0000653	ALV10189.1	AAS03243.1
OG0000654	ALV10190.1	AAS03244.1
OG0000655	ALV12885.1	AAS03255.1
OG0000656	ALV12887.1	AAS03260.1
OG0000657	ALV10196.1	AAS03261.1
OG0000658	ALV10199.1	AAS03265.1, AAS03268.1
OG0000659	ALV10200.1	AAS03289.1
OG0000660	ALV10201.1	AAS03290.1
OG0000661	ALV10202.1	AAS03291.1
OG0000662	ALV10203.1	AAS03292.1
OG0000663	ALV10204.1	AAS03293.1
OG0000664	ALV10206.1	AAS03294.1
OG0000665	ALV10207.1	AAS03295.1
OG0000666	ALV10208.1	AAS03296.1
OG0000667	ALV10209.1	AAS03298.1
OG0000668	ALV10210.1	AAS03300.1
OG0000669	ALV12888.1	AAS03301.1
OG0000670	ALV10212.1	AAS03304.1
OG0000671	ALV10216.1	AAS03308.1
OG0000672	ALV10217.1	AAS03309.1
OG0000673	ALV10218.1	AAS03310.1
OG0000674	ALV10262.1	AAS03335.1
OG0000675	ALV10263.1	AAS03336.1
OG0000676	ALV10266.1	AAS03342.1
OG0000677	ALV10268.1	AAS03344.1
OG0000678	ALV10269.1	AAS03345.1
OG0000679	ALV10271.1	AAS05024.1
OG0000680	ALV10273.1	AAS05020.1
OG0000682	ALV10282.1	AAS05017.1
OG0000683	ALV10284.1	AAS05015.1
OG0000684	ALV10285.1	AAS05014.1
OG0000685	ALV10286.1	AAS05013.1
OG0000686	ALV10288.1	AAS05010.1
OG0000687	ALV10289.1	AAS05009.1
OG0000688	ALV12900.1	AAS05008.1
OG0000689	ALV10295.1	AAS05005.1
OG0000690	ALV10296.1	AAS05004.1
OG0000691	ALV10297.1	AAS05003.1
OG0000692	ALV10298.1	AAS05002.1
OG0000693	ALV10299.1	AAS05001.1
OG0000694	ALV10300.1	AAS05000.1
OG0000695	ALV10301.1	AAS04999.1
OG0000696	ALV10310.1	AAS04004.1, AAS04988.1
OG0000697	ALV10315.1	AAS04981.1
OG0000698	ALV10318.1	AAS04644.1, AAS04979.1
OG0000699	ALV12905.1	AAS04978.1
OG0000700	ALV10328.1	AAS04954.1, AAS05664.1
OG0000701	ALV10329.1	AAS04641.1, AAS04952.1
OG0000702	ALV10330.1	AAS06755.1, AAS04951.1
OG0000703	ALV10339.1	AAS04947.1
OG0000704	ALV10342.1	AAS04943.1
OG0000705	ALV10343.1	AAS04942.1
OG0000706	ALV10344.1	AAS04941.1
OG0000707	ALV10345.1	AAS04940.1
OG0000708	ALV10348.1	AAS02686.1, AAS04936.1
OG0000709	ALV10351.1	AAS04933.1
OG0000710	ALV12909.1	AAS04932.1
OG0000711	ALV10356.1	AAS04929.1
OG0000712	ALV10358.1	AAS04928.1
OG0000713	ALV10363.1	AAS04923.1
OG0000714	ALV12912.1	AAS04551.1
OG0000715	ALV10372.1	AAS04897.1
OG0000716	ALV10378.1	AAS04895.1
OG0000717	ALV10379.1	AAS04891.1
OG0000718	ALV10382.1	AAS04889.1
OG0000719	ALV10385.1	AAS04887.1
OG0000720	ALV10386.1	AAS04886.1
OG0000721	ALV10387.1	AAS04885.1
OG0000722	ALV10388.1	AAS04884.1
OG0000723	ALV10391.1	AAS04881.1
OG0000724	ALV12918.1	AAS04875.1
OG0000725	ALV10398.1	AAS04874.1
OG0000726	ALV12919.1	AAS04873.1
OG0000727	ALV12920.1	AAS04872.1
OG0000728	ALV10399.1	AAS04871.1
OG0000729	ALV10403.1	AAS04870.1
OG0000730	ALV10404.1	AAS02903.1, AAS04869.1
OG0000731	ALV10406.1	AAS04382.1, AAS04867.1
OG0000732	ALV10409.1	AAS04865.1
OG0000733	ALV12922.1	AAS04864.1
OG0000734	ALV12923.1	AAS04863.1
OG0000735	ALV10410.1	AAS04862.1
OG0000736	ALV10411.1	AAS04859.1
OG0000737	ALV10412.1	AAS04858.1
OG0000738	ALV10416.1	AAS04856.1
OG0000739	ALV10420.1	AAS04853.1
OG0000740	ALV10421.1	AAS04852.1
OG0000741	ALV10423.1	AAS04850.1
OG0000742	ALV10424.1	AAS04839.1
OG0000743	ALV10426.1	AAS04837.1
OG0000745	ALV10429.1	AAS04832.1
OG0000746	ALV10431.1	AAS02898.1, AAS04826.1
OG0000747	ALV10439.1	AAS04817.1
OG0000748	ALV10440.1	AAS04816.1
OG0000749	ALV12926.1	AAS04815.1
OG0000750	ALV10441.1	AAS04814.1
OG0000751	ALV10442.1	AAS04813.1
OG0000752	ALV10443.1	AAS04811.1
OG0000753	ALV10444.1	AAS04810.1
OG0000754	ALV12927.1	AAS06234.1, AAS03273.1
OG0000755	ALV10445.1	AAS04808.1
OG0000756	ALV10446.1	AAS04807.1
OG0000757	ALV10447.1	AAS04806.1
OG0000758	ALV10448.1	AAS04805.1
OG0000759	ALV10450.1	AAS04801.1, AAS04916.1
OG0000760	ALV10457.1	AAS04787.1
OG0000761	ALV10459.1	AAS04785.1
OG0000762	ALV10460.1	AAS04784.1
OG0000763	ALV10462.1	AAS04783.1
OG0000764	ALV10466.1	AAS04779.1
OG0000765	ALV10467.1	AAS04777.1
OG0000766	ALV12930.1	AAS04776.1
OG0000767	ALV10468.1	AAS04775.1
OG0000768	ALV10469.1	AAS04774.1
OG0000769	ALV10470.1	AAS04773.1
OG0000770	ALV10471.1	AAS04772.1
OG0000771	ALV10472.1	AAS04771.1
OG0000772	ALV10473.1	AAS04770.1
OG0000773	ALV10474.1	AAS04769.1
OG0000774	ALV10475.1	AAS04768.1
OG0000775	ALV10476.1	AAS04767.1
OG0000776	ALV10477.1	AAS04766.1
OG0000777	ALV10478.1	AAS04765.1
OG0000778	ALV10479.1	AAS04764.1
OG0000779	ALV10480.1	AAS04762.1
OG0000780	ALV10485.1	AAS04756.1
OG0000781	ALV10487.1	AAS04754.1
OG0000782	ALV10488.1	AAS04753.1
OG0000783	ALV10489.1	AAS04752.1
OG0000784	ALV10495.1	AAS04746.1
OG0000785	ALV10496.1	AAS04745.1
OG0000786	ALV10497.1	AAS04744.1
OG0000787	ALV10501.1	AAS04742.1
OG0000788	ALV10502.1	AAS04741.1
OG0000789	ALV10503.1	AAS04740.1
OG0000790	ALV10504.1	AAS04739.1
OG0000791	ALV12933.1	AAS04737.1
OG0000792	ALV10505.1	AAS04736.1
OG0000793	ALV10506.1	AAS04735.1
OG0000794	ALV10507.1	AAS02342.1, AAS03872.1
OG0000795	ALV10508.1	AAS02343.1, AAS03871.1
OG0000796	ALV10510.1	AAS03869.1, AAS05697.1
OG0000797	ALV10518.1	AAS03665.1
OG0000798	ALV10524.1	AAS06474.1
OG0000799	ALV10541.1	AAS03432.1
OG0000800	ALV10542.1	AAS03433.1
OG0000801	ALV10544.1	AAS03435.1
OG0000802	ALV10545.1	AAS03436.1
OG0000803	ALV10546.1	AAS03437.1
OG0000804	ALV10550.1	AAS03439.1
OG0000805	ALV10551.1	AAS03440.1
OG0000806	ALV10552.1	AAS03441.1
OG0000807	ALV12935.1	AAS03442.1
OG0000808	ALV12936.1	AAS03443.1
OG0000809	ALV12939.1	AAS03447.1
OG0000810	ALV12940.1	AAS03448.1
OG0000811	ALV10561.1	AAS03449.1
OG0000812	ALV10562.1	AAS03450.1
OG0000813	ALV10564.1	AAS03452.1
OG0000814	ALV10565.1	AAS03453.1
OG0000815	ALV12941.1	AAS03454.1
OG0000816	ALV12942.1	AAS03455.1
OG0000817	ALV10566.1	AAS03456.1
OG0000818	ALV10569.1	AAS03457.1
OG0000819	ALV10570.1	AAS03458.1
OG0000820	ALV10571.1	AAS03459.1
OG0000821	ALV10574.1	AAS03463.1
OG0000822	ALV10575.1	AAS03464.1
OG0000823	ALV10576.1	AAS03465.1
OG0000824	ALV10577.1	AAS03466.1
OG0000825	ALV10581.1	AAS06047.1, AAS03476.1
OG0000826	ALV10582.1	AAS03477.1, AAS05266.1
OG0000827	ALV10587.1	AAS06362.1
OG0000828	ALV10590.1	AAS03481.1
OG0000829	ALV10591.1	AAS03482.1
OG0000830	ALV10592.1	AAS03483.1
OG0000831	ALV10595.1	AAS03484.1
OG0000832	ALV10597.1	AAS02685.1, AAS06651.1
OG0000833	ALV10601.1	AAS03491.1
OG0000834	ALV10602.1	AAS03492.1
OG0000835	ALV10604.1	AAS03494.1
OG0000836	ALV10605.1	AAS03495.1
OG0000837	ALV10608.1	AAS03496.1
OG0000838	ALV10612.1	AAS03499.1
OG0000839	ALV10613.1	AAS03500.1
OG0000840	ALV10614.1	AAS03501.1
OG0000841	ALV10615.1	AAS03502.1
OG0000842	ALV10616.1	AAS03503.1
OG0000843	ALV10617.1	AAS03504.1
OG0000844	ALV10618.1	AAS03505.1
OG0000845	ALV10619.1	AAS03506.1
OG0000846	ALV10620.1	AAS03507.1
OG0000847	ALV10621.1	AAS03508.1
OG0000848	ALV10622.1	AAS03509.1
OG0000849	ALV10627.1	AAS03513.1
OG0000850	ALV10629.1	AAS03515.1
OG0000851	ALV10631.1	AAS03517.1, AAS03948.1
OG0000852	ALV10632.1	AAS03518.1
OG0000853	ALV10633.1	AAS03519.1
OG0000854	ALV10634.1	AAS03520.1
OG0000855	ALV10635.1	AAS03521.1
OG0000856	ALV10636.1	AAS03522.1
OG0000857	ALV10637.1	AAS03523.1
OG0000858	ALV10640.1	AAS03526.1
OG0000859	ALV10641.1	AAS03527.1
OG0000860	ALV10642.1	AAS03528.1
OG0000861	ALV12945.1	AAS03529.1
OG0000862	ALV10643.1	AAS03530.1
OG0000863	ALV12946.1	AAS03542.1
OG0000864	ALV10658.1	AAS06311.1, AAS03735.1
OG0000865	ALV10674.1	AAS06802.1, AAS03562.1
OG0000866	ALV10675.1	AAS03563.1
OG0000867	ALV10676.1	AAS02495.1, AAS03565.1
OG0000868	ALV10677.1	AAS03566.1
OG0000869	ALV10678.1	AAS03567.1
OG0000870	ALV10679.1	AAS03568.1
OG0000871	ALV10683.1	AAS06406.1, AAS03572.1
OG0000872	ALV10685.1	AAS03812.1, AAS03573.1
OG0000873	ALV10686.1	AAS03574.1
OG0000874	ALV10687.1	AAS03577.1, AAS04026.1
OG0000875	ALV10693.1	AAS06709.1, AAS05600.1
OG0000876	ALV10696.1	AAS03581.1
OG0000877	ALV12955.1	AAS05810.1, AAS03587.1
OG0000878	ALV10701.1	AAS03589.1
OG0000879	ALV10702.1	AAS03591.1
OG0000880	ALV10703.1	AAS03592.1
OG0000881	ALV10704.1	AAS03593.1
OG0000882	ALV12958.1	AAS03600.1
OG0000883	ALV10706.1	AAS03601.1
OG0000884	ALV10707.1	AAS03602.1
OG0000885	ALV10708.1	AAS03603.1, AAS06839.1
OG0000886	ALV10709.1	AAS03605.1
OG0000887	ALV10710.1	AAS03606.1
OG0000888	ALV12959.1	AAS03608.1
OG0000889	ALV10714.1	AAS03610.1
OG0000890	ALV10715.1	AAS03611.1
OG0000891	ALV10716.1	AAS03612.1
OG0000892	ALV10717.1	AAS03613.1
OG0000893	ALV12960.1	AAS03614.1
OG0000894	ALV10718.1	AAS03615.1, AAS06698.1
OG0000895	ALV10719.1	AAS03616.1
OG0000896	ALV10720.1	AAS03617.1
OG0000897	ALV10721.1	AAS03618.1
OG0000898	ALV12961.1	AAS03620.1
OG0000899	ALV10723.1	AAS03621.1
OG0000900	ALV10724.1	AAS03622.1
OG0000901	ALV10725.1	AAS03623.1
OG0000902	ALV10726.1	AAS03624.1
OG0000903	ALV10727.1	AAS03625.1
OG0000904	ALV10730.1	AAS03627.1
OG0000905	ALV10731.1	AAS03628.1
OG0000906	ALV10738.1	AAS03635.1
OG0000907	ALV10739.1	AAS03636.1
OG0000908	ALV10741.1	AAS03114.1, AAS03638.1
OG0000909	ALV10742.1	AAS03639.1
OG0000910	ALV10743.1	AAS03642.1
OG0000911	ALV10744.1	AAS03643.1
OG0000912	ALV12962.1	AAS03652.1
OG0000913	ALV10747.1	AAS03656.1
OG0000914	ALV12965.1	AAS03658.1
OG0000915	ALV10750.1	AAS03668.1
OG0000916	ALV10751.1	AAS03669.1
OG0000917	ALV10752.1	AAS03670.1
OG0000918	ALV10753.1	AAS03671.1
OG0000919	ALV10754.1	AAS03672.1
OG0000920	ALV10757.1	AAS03674.1
OG0000921	ALV10758.1	AAS02654.1, AAS03675.1
OG0000922	ALV10759.1	AAS03676.1
OG0000923	ALV10760.1	AAS03677.1
OG0000924	ALV10762.1	AAS03678.1
OG0000925	ALV10763.1	AAS03679.1
OG0000926	ALV10764.1	AAS03680.1
OG0000927	ALV10765.1	AAS03681.1
OG0000928	ALV10766.1	AAS03682.1
OG0000929	ALV10767.1	AAS03683.1
OG0000930	ALV10768.1	AAS03684.1
OG0000931	ALV10769.1	AAS03685.1
OG0000932	ALV12968.1	AAS03706.1
OG0000933	ALV10790.1	AAS03707.1
OG0000934	ALV10791.1	AAS03708.1, AAS04369.1
OG0000935	ALV10793.1	AAS03710.1, AAS06083.1
OG0000936	ALV10794.1	AAS03712.1
OG0000937	ALV10795.1	AAS03713.1
OG0000938	ALV10798.1	AAS03717.1
OG0000939	ALV10799.1	AAS03718.1
OG0000940	ALV10800.1	AAS03719.1
OG0000941	ALV10801.1	AAS03720.1
OG0000942	ALV10802.1	AAS03721.1
OG0000943	ALV10803.1	AAS03722.1
OG0000944	ALV10804.1	AAS03723.1
OG0000945	ALV10805.1	AAS03724.1, AAS04794.1
OG0000946	ALV10814.1	AAS03728.1
OG0000947	ALV10815.1	AAS03729.1
OG0000948	ALV10816.1	AAS03730.1
OG0000949	ALV10817.1	AAS03731.1
OG0000950	ALV10818.1	AAS03732.1
OG0000951	ALV10849.1	AAS06844.1, AAS03781.1
OG0000952	ALV10859.1	AAS04286.1, AAS03770.1
OG0000953	ALV10876.1	AAS03811.1
OG0000954	ALV10877.1	AAS03818.1
OG0000955	ALV10878.1	AAS03819.1
OG0000956	ALV10886.1	AAS03826.1
OG0000957	ALV10887.1	AAS03827.1
OG0000958	ALV10888.1	AAS03828.1
OG0000959	ALV10889.1	AAS03829.1
OG0000960	ALV10890.1	AAS03830.1
OG0000961	ALV10903.1	AAS03841.1, AAS03654.1
OG0000962	ALV10904.1	AAS03264.1
OG0000963	ALV10907.1	AAS05615.1, AAS03843.1
OG0000964	ALV10909.1	AAS03847.1, AAS03764.1
OG0000965	ALV10911.1	AAS03848.1
OG0000966	ALV10913.1	AAS03851.1
OG0000967	ALV10914.1	AAS03852.1
OG0000968	ALV10917.1	AAS03856.1
OG0000969	ALV10918.1	AAS03857.1
OG0000970	ALV10919.1	AAS03858.1
OG0000971	ALV10920.1	AAS03859.1
OG0000972	ALV10921.1	AAS03860.1
OG0000973	ALV10923.1	AAS03862.1
OG0000974	ALV10927.1	AAS03865.1
OG0000975	ALV10928.1	AAS03866.1
OG0000976	ALV10935.1	AAS03873.1
OG0000977	ALV10936.1	AAS03875.1
OG0000978	ALV10937.1	AAS03876.1
OG0000979	ALV10947.1	AAS03881.1
OG0000980	ALV10951.1	AAS03886.1
OG0000981	ALV10952.1	AAS03887.1
OG0000982	ALV10953.1	AAS03888.1
OG0000983	ALV10956.1	AAS03891.1, AAS04033.1
OG0000984	ALV10958.1	AAS03894.1, AAS03215.1
OG0000985	ALV10962.1	AAS03900.1
OG0000986	ALV10963.1	AAS03902.1
OG0000987	ALV12986.1	AAS03912.1
OG0000988	ALV10970.1	AAS03921.1, AAS03095.1
OG0000989	ALV10973.1	AAS03924.1
OG0000990	ALV10976.1	AAS03928.1
OG0000991	ALV10983.1	AAS03939.1
OG0000992	ALV10988.1	AAS03942.1
OG0000993	ALV10989.1	AAS03945.1
OG0000994	ALV10990.1	AAS03946.1
OG0000995	ALV10999.1	AAS03960.1
OG0000996	ALV11001.1	AAS03963.1
OG0000997	ALV11007.1	AAS04035.1, AAS05267.1
OG0000998	ALV11011.1	AAS03969.1
OG0000999	ALV11104.1	AAS04083.1
OG0001000	ALV11105.1	AAS04084.1
OG0001001	ALV11106.1	AAS04085.1
OG0001002	ALV11107.1	AAS04086.1
OG0001003	ALV11115.1	AAS04115.1
OG0001004	ALV11116.1	AAS04118.1, AAS06204.1
OG0001005	ALV11118.1	AAS04120.1
OG0001007	ALV11123.1	AAS04121.1
OG0001008	ALV11132.1	AAS04131.1
OG0001009	ALV11152.1	AAS04143.1
OG0001010	ALV11153.1	AAS04145.1
OG0001011	ALV11154.1	AAS04146.1
OG0001012	ALV13011.1	AAS04147.1
OG0001013	ALV11155.1	AAS04148.1
OG0001014	ALV11156.1	AAS04149.1
OG0001015	ALV11157.1	AAS04150.1
OG0001017	ALV11167.1	AAS04151.1
OG0001018	ALV11168.1	AAS04152.1
OG0001019	ALV13012.1	AAS04153.1
OG0001020	ALV11169.1	AAS04154.1
OG0001021	ALV11172.1	AAS04157.1
OG0001022	ALV11173.1	AAS04158.1
OG0001023	ALV11174.1	AAS04159.1
OG0001024	ALV11175.1	AAS04160.1
OG0001025	ALV11177.1	AAS04163.1
OG0001026	ALV11178.1	AAS04164.1
OG0001027	ALV11181.1	AAS04177.1
OG0001028	ALV11187.1	AAS04193.1
OG0001029	ALV11189.1	AAS04195.1
OG0001030	ALV11190.1	AAS04196.1
OG0001031	ALV11191.1	AAS04197.1
OG0001032	ALV13015.1	AAS03892.1
OG0001033	ALV11195.1	AAS04200.1
OG0001034	ALV11196.1	AAS04202.1
OG0001035	ALV13016.1	AAS04203.1
OG0001036	ALV11199.1	AAS04205.1
OG0001037	ALV11201.1	AAS04207.1
OG0001038	ALV11202.1	AAS04208.1
OG0001039	ALV11203.1	AAS04209.1
OG0001040	ALV11204.1	AAS04210.1
OG0001041	ALV11205.1	AAS04211.1
OG0001042	ALV11207.1	AAS04213.1
OG0001043	ALV11208.1	AAS04214.1
OG0001044	ALV13018.1	AAS04216.1
OG0001045	ALV11209.1	AAS04217.1
OG0001046	ALV11210.1	AAS04218.1
OG0001047	ALV11211.1	AAS04219.1
OG0001048	ALV11216.1	AAS04220.1
OG0001049	ALV11217.1	AAS04221.1
OG0001050	ALV13019.1	AAS04222.1
OG0001051	ALV11218.1	AAS04223.1
OG0001052	ALV11219.1	AAS04224.1
OG0001053	ALV11220.1	AAS04225.1
OG0001054	ALV13020.1	AAS04226.1
OG0001055	ALV11221.1	AAS04227.1
OG0001056	ALV11223.1	AAS04230.1
OG0001057	ALV11224.1	AAS04231.1
OG0001058	ALV11226.1	AAS04233.1
OG0001059	ALV11227.1	AAS04234.1
OG0001060	ALV11229.1	AAS04236.1
OG0001061	ALV11230.1	AAS04237.1
OG0001062	ALV13021.1	AAS04238.1
OG0001063	ALV11231.1	AAS04239.1
OG0001064	ALV11232.1	AAS04240.1
OG0001065	ALV11233.1	AAS04241.1
OG0001066	ALV11234.1	AAS04243.1
OG0001067	ALV11235.1	AAS04245.1
OG0001068	ALV11239.1	AAS04250.1
OG0001069	ALV11241.1	AAS04252.1
OG0001070	ALV11242.1	AAS04254.1
OG0001071	ALV11243.1	AAS04255.1
OG0001072	ALV11244.1	AAS04256.1
OG0001073	ALV11245.1	AAS04257.1
OG0001074	ALV11247.1	AAS04259.1
OG0001075	ALV11248.1	AAS04260.1
OG0001076	ALV11249.1	AAS04261.1
OG0001077	ALV11251.1	AAS04263.1
OG0001078	ALV11252.1	AAS04265.1
OG0001079	ALV11255.1	AAS04267.1
OG0001080	ALV11256.1	AAS04268.1
OG0001081	ALV11258.1	AAS04270.1
OG0001082	ALV13026.1	AAS04272.1
OG0001083	ALV11259.1	AAS04273.1
OG0001084	ALV11261.1	AAS04275.1
OG0001085	ALV11262.1	AAS04276.1
OG0001086	ALV11263.1	AAS04277.1
OG0001087	ALV11265.1	AAS04279.1
OG0001088	ALV11266.1	AAS04282.1
OG0001089	ALV11267.1	AAS04283.1
OG0001090	ALV13027.1	AAS04284.1
OG0001091	ALV11268.1	AAS04285.1
OG0001092	ALV11270.1	AAS04287.1
OG0001093	ALV11273.1	AAS04297.1
OG0001094	ALV11274.1	AAS04298.1
OG0001095	ALV11275.1	AAS04299.1
OG0001096	ALV11279.1	AAS04303.1
OG0001097	ALV13031.1	AAS04309.1
OG0001098	ALV11283.1	AAS04311.1
OG0001099	ALV11285.1	AAS04313.1
OG0001100	ALV11286.1	AAS04314.1
OG0001101	ALV11289.1	AAS04317.1
OG0001102	ALV11297.1	AAS04323.1
OG0001103	ALV11298.1	AAS04324.1
OG0001104	ALV11299.1	AAS04325.1
OG0001105	ALV11302.1	AAS06382.1, AAS04329.1
OG0001106	ALV11322.1	AAS05034.1, AAS04360.1
OG0001107	ALV11329.1	AAS04372.1
OG0001108	ALV11351.1	AAS04407.1
OG0001109	ALV11352.1	AAS04408.1
OG0001110	ALV11353.1	AAS04409.1
OG0001111	ALV11360.1	AAS04414.1
OG0001112	ALV13042.1	AAS04415.1
OG0001113	ALV11369.1	AAS04440.1
OG0001114	ALV11370.1	AAS04441.1
OG0001115	ALV13047.1	AAS04446.1
OG0001116	ALV11375.1	AAS04447.1
OG0001117	ALV11376.1	AAS04449.1
OG0001118	ALV11380.1	AAS04454.1
OG0001119	ALV11381.1	AAS04455.1
OG0001120	ALV11384.1	AAS04458.1
OG0001121	ALV11385.1	AAS04459.1
OG0001122	ALV13048.1	AAS04462.1
OG0001123	ALV11389.1	AAS04476.1
OG0001124	ALV11390.1	AAS04477.1
OG0001125	ALV11393.1	AAS04478.1
OG0001126	ALV11394.1	AAS04479.1
OG0001127	ALV11395.1	AAS04480.1
OG0001128	ALV09650.1, ALV13050.1	AAS04492.1
OG0001129	ALV11402.1	AAS04494.1, AAS06291.1
OG0001130	ALV11411.1	AAS04352.1, AAS04525.1
OG0001131	ALV11412.1	AAS04353.1, AAS04526.1
OG0001132	ALV11422.1	AAS04530.1
OG0001133	ALV11424.1	AAS04531.1
OG0001134	ALV11425.1	AAS04532.1, AAS03701.1
OG0001135	ALV11427.1	AAS04534.1
OG0001136	ALV11431.1	AAS04538.1
OG0001137	ALV11432.1	AAS04539.1
OG0001138	ALV11433.1	AAS04540.1
OG0001139	ALV11434.1	AAS04541.1
OG0001140	ALV11435.1	AAS04542.1
OG0001141	ALV11441.1	AAS04559.1
OG0001142	ALV11442.1	AAS04560.1
OG0001143	ALV11443.1	AAS04561.1
OG0001144	ALV11449.1	AAS04564.1
OG0001145	ALV11451.1	AAS03906.1
OG0001146	ALV11458.1	AAS04567.1, AAS03596.1
OG0001147	ALV11459.1	AAS02616.1
OG0001148	ALV13056.1	AAS04575.1
OG0001149	ALV11460.1	AAS04580.1
OG0001150	ALV11461.1	AAS04581.1
OG0001151	ALV11462.1	AAS04582.1
OG0001152	ALV13057.1	AAS04583.1
OG0001153	ALV11464.1	AAS04584.1
OG0001154	ALV13058.1	AAS04585.1
OG0001155	ALV11465.1	AAS04586.1
OG0001156	ALV11466.1	AAS04587.1
OG0001157	ALV11467.1	AAS04588.1
OG0001158	ALV11474.1	AAS04595.1
OG0001159	ALV11475.1	AAS04596.1
OG0001160	ALV11476.1	AAS04597.1
OG0001161	ALV11477.1	AAS04598.1
OG0001162	ALV11478.1	AAS04599.1
OG0001163	ALV13062.1	AAS04602.1
OG0001164	ALV11481.1	AAS04603.1
OG0001165	ALV11482.1	AAS04604.1
OG0001166	ALV11483.1	AAS04605.1
OG0001167	ALV13063.1	AAS04608.1
OG0001168	ALV11490.1	AAS04611.1
OG0001169	ALV11491.1	AAS04612.1
OG0001170	ALV11494.1	AAS04615.1
OG0001171	ALV11495.1	AAS04616.1
OG0001172	ALV11496.1	AAS04617.1
OG0001173	ALV11508.1	AAS03804.1, AAS04625.1
OG0001174	ALV11509.1	AAS04626.1, AAS03805.1
OG0001175	ALV11513.1	AAS04630.1
OG0001176	ALV11519.1	AAS04633.1
OG0001177	ALV11520.1	AAS04634.1
OG0001178	ALV11521.1	AAS04635.1
OG0001179	ALV11523.1	AAS04637.1
OG0001180	ALV11534.1	AAS04645.1
OG0001181	ALV11535.1	AAS04646.1
OG0001182	ALV13067.1	AAS04647.1
OG0001183	ALV11536.1	AAS04648.1
OG0001184	ALV11537.1	AAS04649.1
OG0001185	ALV11544.1	AAS03417.1
OG0001186	ALV11546.1	AAS03415.1
OG0001187	ALV11547.1	AAS03414.1
OG0001188	ALV11548.1	AAS03413.1
OG0001189	ALV11549.1	AAS03412.1
OG0001190	ALV11550.1	AAS03411.1
OG0001191	ALV11551.1	AAS03410.1
OG0001192	ALV11552.1	AAS03409.1
OG0001193	ALV13069.1	AAS03408.1
OG0001194	ALV11565.1	AAS03397.1
OG0001195	ALV11566.1	AAS03396.1
OG0001196	ALV11567.1	AAS03395.1
OG0001197	ALV11568.1	AAS03394.1
OG0001198	ALV11572.1	AAS03389.1
OG0001199	ALV11574.1	AAS04373.1
OG0001200	ALV11577.1	AAS03387.1
OG0001201	ALV11579.1	AAS03385.1
OG0001202	ALV11581.1	AAS06229.1, AAS03383.1
OG0001203	ALV11582.1	AAS03380.1
OG0001204	ALV13072.1	AAS06566.1, AAS03379.1
OG0001205	ALV11585.1	AAS03373.1, AAS03093.1
OG0001206	ALV11589.1	AAS03369.1
OG0001207	ALV11590.1	AAS03368.1
OG0001208	ALV11591.1	AAS03364.1
OG0001209	ALV11593.1	AAS03362.1
OG0001210	ALV11594.1	AAS03361.1
OG0001211	ALV11595.1	AAS03360.1
OG0001212	ALV11596.1	AAS03359.1
OG0001213	ALV11597.1	AAS03358.1
OG0001214	ALV11598.1	AAS03357.1
OG0001215	ALV11600.1	AAS03355.1
OG0001216	ALV11601.1	AAS03354.1
OG0001217	ALV11602.1	AAS03353.1
OG0001218	ALV11611.1	AAS03347.1
OG0001219	ALV11612.1	AAS05025.1
OG0001220	ALV11613.1	AAS05026.1, AAS04046.1
OG0001221	ALV11614.1	AAS05027.1
OG0001222	ALV11616.1	AAS05028.1
OG0001223	ALV11617.1	AAS05029.1
OG0001224	ALV11618.1	AAS05030.1
OG0001225	ALV11619.1	AAS05031.1
OG0001226	ALV11620.1	AAS05032.1
OG0001227	ALV11621.1	AAS05033.1
OG0001228	ALV11644.1	AAS05057.1
OG0001229	ALV13079.1	AAS05109.1
OG0001230	ALV11660.1	AAS05110.1
OG0001231	ALV11663.1	AAS05114.1
OG0001232	ALV11664.1	AAS05115.1
OG0001233	ALV13080.1	AAS05116.1
OG0001234	ALV13081.1	AAS05118.1
OG0001235	ALV11666.1	AAS05119.1
OG0001236	ALV13082.1	AAS05121.1
OG0001237	ALV11677.1	AAS05129.1
OG0001238	ALV11678.1	AAS05130.1
OG0001239	ALV11679.1	AAS05131.1
OG0001240	ALV11680.1	AAS05132.1
OG0001241	ALV11682.1	AAS05134.1
OG0001242	ALV11683.1	AAS05135.1
OG0001243	ALV11684.1	AAS05136.1
OG0001244	ALV13085.1	AAS05137.1
OG0001245	ALV11688.1	AAS05140.1
OG0001246	ALV11689.1	AAS05141.1
OG0001247	ALV11690.1	AAS05142.1
OG0001248	ALV13086.1	AAS05143.1
OG0001249	ALV11693.1	AAS05148.1
OG0001250	ALV11696.1	AAS05150.1
OG0001251	ALV11697.1	AAS05151.1
OG0001252	ALV11698.1	AAS05152.1
OG0001253	ALV11699.1	AAS05153.1
OG0001254	ALV11700.1	AAS05154.1
OG0001255	ALV11703.1	AAS06427.1, AAS04030.1
OG0001256	ALV11704.1	AAS05156.1
OG0001257	ALV13088.1	AAS05157.1
OG0001258	ALV11705.1	AAS05158.1
OG0001259	ALV11706.1	AAS05159.1
OG0001260	ALV11710.1	AAS05162.1
OG0001261	ALV11711.1	AAS05163.1
OG0001262	ALV11713.1	AAS05164.1
OG0001263	ALV11714.1	AAS05165.1
OG0001264	ALV11716.1	AAS05167.1
OG0001265	ALV11717.1	AAS05168.1
OG0001266	ALV11718.1	AAS05169.1
OG0001267	ALV11721.1	AAS05174.1
OG0001268	ALV11722.1	AAS05175.1
OG0001269	ALV11727.1	AAS05180.1
OG0001270	ALV11728.1	AAS05181.1
OG0001271	ALV13091.1	AAS05182.1
OG0001272	ALV11736.1	AAS05185.1
OG0001273	ALV11737.1	AAS05186.1
OG0001274	ALV11745.1	AAS05193.1
OG0001275	ALV11746.1	AAS05194.1
OG0001276	ALV11749.1	AAS05831.1, AAS05201.1
OG0001277	ALV11750.1	AAS05833.1, AAS05203.1
OG0001278	ALV11756.1	AAS05207.1
OG0001279	ALV11757.1	AAS05208.1
OG0001280	ALV11759.1	AAS05209.1
OG0001281	ALV13093.1	AAS05210.1
OG0001282	ALV11766.1	AAS05215.1
OG0001283	ALV11767.1	AAS05216.1
OG0001284	ALV11768.1	AAS05217.1
OG0001285	ALV11809.1	AAS05223.1
OG0001286	ALV11810.1	AAS05224.1
OG0001287	ALV11812.1	AAS05226.1
OG0001288	ALV11814.1	AAS05228.1
OG0001289	ALV11815.1	AAS05229.1
OG0001290	ALV11824.1	AAS04161.1, AAS05240.1
OG0001291	ALV11830.1	AAS05247.1
OG0001292	ALV11832.1	AAS05251.1
OG0001293	ALV11836.1	AAS05253.1
OG0001294	ALV11840.1	AAS05255.1
OG0001295	ALV11841.1	AAS05256.1
OG0001296	ALV13101.1	AAS05257.1
OG0001297	ALV11850.1	AAS05261.1
OG0001298	ALV11851.1	AAS05262.1
OG0001299	ALV11852.1	AAS05263.1
OG0001300	ALV11856.1	AAS05271.1
OG0001301	ALV11857.1	AAS05272.1
OG0001302	ALV11858.1	AAS05273.1
OG0001303	ALV11862.1	AAS05275.1
OG0001304	ALV11863.1	AAS04181.1, AAS05277.1
OG0001305	ALV11865.1	AAS05279.1, AAS03901.1
OG0001306	ALV13104.1	AAS05282.1
OG0001307	ALV11868.1	AAS05286.1
OG0001308	ALV11869.1	AAS05287.1
OG0001309	ALV11870.1	AAS05288.1
OG0001310	ALV11871.1	AAS05289.1
OG0001311	ALV11873.1	AAS05291.1
OG0001312	ALV11874.1	AAS05292.1
OG0001313	ALV11875.1	AAS05293.1
OG0001314	ALV11876.1	AAS05294.1
OG0001315	ALV13105.1	AAS03034.1, AAS05295.1
OG0001316	ALV11879.1	AAS05298.1, AAS03795.1
OG0001317	ALV11881.1	AAS05300.1
OG0001318	ALV13107.1	AAS05302.1
OG0001319	ALV13108.1	AAS03711.1, AAS05305.1
OG0001320	ALV11884.1	AAS05306.1
OG0001321	ALV11885.1	AAS05307.1
OG0001322	ALV13109.1	AAS05311.1
OG0001323	ALV11888.1	AAS05312.1
OG0001324	ALV11889.1	AAS05313.1
OG0001325	ALV13110.1	AAS05314.1
OG0001326	ALV13112.1	AAS03555.1
OG0001327	ALV11909.1	AAS02376.1
OG0001328	ALV11922.1	AAS05550.1
OG0001329	ALV11923.1	AAS05551.1
OG0001330	ALV11925.1	AAS05552.1
OG0001331	ALV13118.1	AAS05553.1
OG0001332	ALV11929.1	AAS05557.1
OG0001333	ALV11932.1	AAS05564.1
OG0001334	ALV11933.1	AAS05565.1
OG0001335	ALV11936.1	AAS05566.1
OG0001336	ALV13120.1	AAS05569.1
OG0001337	ALV11939.1	AAS05570.1
OG0001338	ALV11940.1	AAS05571.1
OG0001339	ALV11941.1	AAS05572.1
OG0001340	ALV11944.1	AAS03009.1, AAS05575.1
OG0001341	ALV11947.1	AAS05577.1
OG0001342	ALV13121.1	AAS05578.1
OG0001343	ALV11955.1	AAS05584.1
OG0001344	ALV11956.1	AAS05585.1
OG0001345	ALV11958.1	AAS05588.1
OG0001346	ALV11959.1	AAS05589.1
OG0001347	ALV11962.1	AAS05590.1
OG0001348	ALV11963.1	AAS05592.1
OG0001349	ALV11964.1	AAS05593.1
OG0001350	ALV11965.1	AAS05594.1
OG0001351	ALV11966.1	AAS05595.1
OG0001352	ALV11968.1	AAS05603.1
OG0001353	ALV11974.1	AAS05605.1
OG0001354	ALV11975.1	AAS05606.1
OG0001355	ALV11978.1	AAS05608.1
OG0001356	ALV11979.1	AAS05609.1
OG0001357	ALV11980.1	AAS05610.1
OG0001358	ALV11981.1	AAS05611.1
OG0001359	ALV11982.1	AAS05612.1
OG0001360	ALV13127.1	AAS05630.1
OG0001361	ALV11985.1	AAS05631.1
OG0001362	ALV13128.1	AAS05634.1
OG0001363	ALV11989.1	AAS05637.1
OG0001364	ALV11990.1	AAS05638.1
OG0001365	ALV13130.1	AAS05639.1
OG0001366	ALV13132.1	AAS05640.1
OG0001367	ALV13133.1	AAS05647.1
OG0001368	ALV11996.1	AAS05648.1
OG0001369	ALV11997.1	AAS05649.1
OG0001370	ALV11998.1	AAS05650.1
OG0001371	ALV12002.1	AAS05655.1
OG0001372	ALV12029.1	AAS05191.1
OG0001373	ALV12037.1	AAS04288.1, AAS02602.1
OG0001374	ALV12042.1	AAS05718.1
OG0001375	ALV12043.1	AAS05719.1
OG0001376	ALV13139.1	AAS05723.1
OG0001377	ALV12047.1	AAS05724.1
OG0001378	ALV12063.1	AAS05725.1, AAS05820.1
OG0001379	ALV13143.1	AAS05821.1, AAS04063.1
OG0001380	ALV12071.1	AAS05735.1
OG0001381	ALV12073.1	AAS05736.1
OG0001382	ALV12074.1	AAS05737.1
OG0001383	ALV12082.1	AAS03055.1, AAS05754.1
OG0001384	ALV12083.1	AAS05755.1
OG0001385	ALV12084.1	AAS05757.1, AAS02412.1
OG0001386	ALV13147.1	AAS06861.1, AAS05773.1
OG0001387	ALV12101.1	AAS05776.1, AAS02464.1
OG0001388	ALV13148.1	AAS06404.1, AAS04141.1
OG0001389	ALV12122.1	AAS05842.1
OG0001390	ALV13150.1	AAS05843.1
OG0001391	ALV12124.1	AAS05845.1
OG0001392	ALV13152.1	AAS05846.1
OG0001393	ALV13153.1	AAS05847.1
OG0001394	ALV13155.1	AAS05855.1
OG0001395	ALV12132.1	AAS05856.1
OG0001396	ALV12133.1	AAS05857.1
OG0001397	ALV12134.1	AAS05858.1
OG0001398	ALV13156.1	AAS05859.1
OG0001399	ALV13157.1	AAS05860.1
OG0001400	ALV12137.1	AAS05863.1
OG0001401	ALV12140.1	AAS05866.1
OG0001402	ALV12141.1	AAS05868.1
OG0001403	ALV12143.1	AAS05870.1
OG0001404	ALV12144.1	AAS05871.1
OG0001405	ALV13158.1	AAS05872.1
OG0001406	ALV12152.1	AAS05883.1
OG0001407	ALV12153.1	AAS05884.1
OG0001408	ALV13159.1	AAS05885.1
OG0001409	ALV12155.1	AAS06095.1, AAS05894.1
OG0001410	ALV12159.1	AAS05899.1
OG0001411	ALV12160.1	AAS05900.1
OG0001412	ALV12163.1	AAS05904.1
OG0001413	ALV12164.1	AAS05905.1
OG0001414	ALV12165.1	AAS05906.1
OG0001415	ALV13161.1	AAS05908.1
OG0001416	ALV12167.1	AAS05909.1
OG0001417	ALV12168.1	AAS05910.1
OG0001418	ALV12169.1	AAS05911.1
OG0001419	ALV12170.1	AAS05912.1
OG0001420	ALV12177.1	AAS05917.1
OG0001421	ALV12178.1	AAS05918.1
OG0001422	ALV12179.1	AAS05919.1
OG0001423	ALV12181.1	AAS05921.1
OG0001424	ALV12182.1	AAS05922.1
OG0001425	ALV12183.1	AAS05924.1
OG0001426	ALV12184.1	AAS05925.1
OG0001427	ALV12185.1	AAS05926.1
OG0001428	ALV12186.1	AAS05928.1
OG0001429	ALV12187.1	AAS05929.1
OG0001430	ALV12188.1	AAS05930.1
OG0001431	ALV12189.1	AAS05931.1
OG0001432	ALV12190.1	AAS05933.1
OG0001433	ALV12195.1	AAS05942.1
OG0001434	ALV12196.1	AAS05943.1
OG0001435	ALV13163.1	AAS05944.1
OG0001436	ALV12197.1	AAS05945.1
OG0001437	ALV12198.1	AAS05946.1
OG0001438	ALV12199.1	AAS05947.1
OG0001439	ALV12200.1	AAS05949.1
OG0001440	ALV12202.1	AAS05951.1
OG0001441	ALV13164.1	AAS05952.1
OG0001442	ALV12205.1	AAS03791.1, AAS05956.1
OG0001443	ALV12210.1	AAS02542.1, AAS05961.1
OG0001444	ALV12214.1	AAS05964.1
OG0001445	ALV12217.1	AAS05967.1
OG0001449	ALV12270.1	AAS05993.1
OG0001450	ALV12271.1	AAS05994.1
OG0001451	ALV12281.1	AAS05998.1
OG0001452	ALV12284.1	AAS04652.1, AAS03576.1
OG0001454	ALV12285.1	AAS06003.1
OG0001455	ALV12289.1	AAS06008.1
OG0001457	ALV12300.1	AAS06011.1
OG0001458	ALV13178.1	AAS06013.1
OG0001459	ALV12311.1	AAS06024.1
OG0001460	ALV12315.1	AAS06028.1
OG0001461	ALV12326.1	AAS06031.1, AAS02586.1
OG0001462	ALV12332.1	AAS06039.1
OG0001463	ALV12335.1	AAS06041.1
OG0001464	ALV12336.1	AAS06042.1
OG0001465	ALV12344.1	AAS06830.1
OG0001466	ALV12345.1	AAS06829.1
OG0001467	ALV12346.1	AAS06828.1
OG0001468	ALV12347.1	AAS06827.1
OG0001469	ALV12350.1	AAS06824.1
OG0001470	ALV12351.1	AAS06823.1
OG0001471	ALV12353.1	AAS06814.1
OG0001472	ALV12354.1	AAS06813.1
OG0001473	ALV13187.1	AAS06811.1
OG0001474	ALV12356.1	AAS06810.1
OG0001475	ALV13188.1	AAS06808.1
OG0001476	ALV12362.1	AAS06806.1
OG0001477	ALV12364.1	AAS06803.1
OG0001478	ALV12366.1	AAS06801.1
OG0001479	ALV12368.1	AAS06797.1
OG0001480	ALV12369.1	AAS06796.1
OG0001481	ALV13191.1	AAS06795.1
OG0001482	ALV12370.1	AAS06794.1
OG0001483	ALV12379.1	AAS06785.1
OG0001484	ALV12380.1	AAS06784.1
OG0001485	ALV12381.1	AAS06783.1
OG0001486	ALV12382.1	AAS06782.1
OG0001487	ALV12383.1	AAS06781.1
OG0001488	ALV12384.1	AAS06780.1
OG0001489	ALV12386.1	AAS06778.1
OG0001490	ALV12388.1	AAS06775.1
OG0001491	ALV13194.1	AAS05301.1, AAS02899.1
OG0001492	ALV13196.1	AAS06356.1, AAS06357.1
OG0001493	ALV12403.1	AAS02890.1
OG0001494	ALV12417.1	AAS02875.1, AAS04905.1
OG0001495	ALV12420.1	AAS02870.1
OG0001496	ALV12421.1	AAS02869.1, AAS04704.1
OG0001497	ALV12429.1	AAS02862.1
OG0001498	ALV12445.1	AAS02848.1, AAS04048.1
OG0001499	ALV12456.1	AAS02834.1, AAS02665.1
OG0001500	ALV12460.1	AAS06178.1
OG0001501	ALV13207.1	AAS02808.1, AAS05095.1
OG0001502	ALV12483.1	AAS02796.1
OG0001503	ALV12484.1	AAS02795.1
OG0001504	ALV12485.1	AAS02794.1
OG0001505	ALV12486.1	AAS02793.1
OG0001506	ALV12487.1	AAS02792.1
OG0001507	ALV12488.1	AAS02791.1
OG0001508	ALV12489.1	AAS03172.1, AAS02790.1
OG0001509	ALV12490.1	AAS02788.1
OG0001510	ALV12491.1	AAS02787.1
OG0001511	ALV12492.1	AAS02786.1
OG0001512	ALV12494.1	AAS02785.1
OG0001513	ALV12495.1	AAS02784.1
OG0001514	ALV12496.1	AAS02783.1
OG0001515	ALV12499.1	AAS02778.1
OG0001516	ALV12500.1	AAS02777.1
OG0001517	ALV12501.1	AAS02776.1
OG0001518	ALV12503.1	AAS02775.1
OG0001519	ALV12504.1	AAS02774.1
OG0001520	ALV12505.1	AAS02773.1
OG0001521	ALV12506.1	AAS02772.1
OG0001522	ALV12507.1	AAS02771.1
OG0001523	ALV12508.1	AAS02770.1
OG0001524	ALV12509.1	AAS02769.1
OG0001525	ALV12510.1	AAS02768.1
OG0001526	ALV12511.1	AAS02767.1
OG0001527	ALV12512.1	AAS02766.1
OG0001528	ALV12513.1	AAS02765.1
OG0001530	ALV13209.1	AAS02756.1
OG0001531	ALV12518.1	AAS02755.1
OG0001532	ALV12519.1	AAS02753.1
OG0001533	ALV12520.1	AAS02752.1
OG0001534	ALV12521.1	AAS02751.1
OG0001535	ALV12522.1	AAS02749.1
OG0001536	ALV12523.1	AAS02748.1
OG0001537	ALV13212.1	AAS02746.1
OG0001538	ALV12533.1	AAS02744.1
OG0001539	ALV12534.1	AAS02742.1
OG0001540	ALV12535.1	AAS02741.1
OG0001541	ALV12545.1	AAS02730.1
OG0001542	ALV13220.1	AAS03407.1, AAS02729.1
OG0001543	ALV12546.1	AAS02728.1, AAS03406.1
OG0001544	ALV12547.1	AAS02727.1, AAS03405.1
OG0001545	ALV12550.1	AAS02723.1
OG0001546	ALV12551.1	AAS02722.1
OG0001547	ALV12552.1	AAS02721.1
OG0001548	ALV12553.1	AAS02720.1
OG0001549	ALV12554.1	AAS02719.1
OG0001550	ALV12555.1	AAS02718.1
OG0001551	ALV12556.1	AAS02717.1
OG0001552	ALV12559.1	AAS02714.1
OG0001553	ALV12560.1	AAS02713.1
OG0001554	ALV12562.1	AAS02712.1
OG0001555	ALV12563.1	AAS02711.1
OG0001556	ALV12564.1	AAS02710.1
OG0001557	ALV12565.1	AAS02709.1
OG0001558	ALV12566.1	AAS02708.1
OG0001559	ALV12576.1	AAS02673.1
OG0001560	ALV12578.1	AAS02585.1, AAS02618.1
OG0001561	ALV12583.1	AAS02624.1
OG0001562	ALV12586.1	AAS02626.1
OG0001563	ALV12587.1	AAS02627.1
OG0001564	ALV12588.1	AAS02628.1
OG0001565	ALV12591.1	AAS02632.1
OG0001566	ALV12593.1	AAS02633.1
OG0001567	ALV12594.1	AAS02634.1
OG0001568	ALV12596.1	AAS02636.1
OG0001569	ALV12597.1	AAS02637.1
OG0001570	ALV12598.1	AAS02638.1
OG0001571	ALV12599.1	AAS02639.1
OG0001572	ALV12600.1	AAS02640.1
OG0001573	ALV12601.1	AAS02641.1
OG0001574	ALV12608.1	AAS02663.1, AAS06534.1
OG0001575	ALV12622.1	AAS02596.1
OG0001576	ALV12623.1	AAS02595.1
OG0001577	ALV12624.1	AAS02594.1
OG0001578	ALV12642.1	AAS06761.1, AAS02569.1
OG0001579	ALV12644.1	AAS02566.1
OG0001580	ALV12645.1	AAS02565.1
OG0001581	ALV13233.1	AAS02562.1
OG0001582	ALV12648.1	AAS02561.1
OG0001583	ALV12649.1	AAS02560.1
OG0001584	ALV13234.1	AAS02559.1
OG0001585	ALV12650.1	AAS02558.1
OG0001586	ALV12651.1	AAS02557.1
OG0001587	ALV12652.1	AAS02556.1
OG0001588	ALV12657.1	AAS02553.1
OG0001589	ALV12658.1	AAS02552.1
OG0001590	ALV12660.1	AAS02550.1
OG0001591	ALV12661.1	AAS02549.1
OG0001592	ALV12662.1	AAS02546.1
OG0001593	ALV12663.1	AAS02545.1
OG0001594	ALV12669.1	AAS02536.1
OG0001595	ALV12670.1	AAS02535.1
OG0001596	ALV12671.1	AAS02534.1
OG0001597	ALV12673.1	AAS02532.1
OG0001598	ALV12674.1	AAS02531.1
OG0001599	ALV12675.1	AAS02530.1
OG0001600	ALV12676.1	AAS02529.1
OG0001601	ALV13236.1	AAS02528.1
OG0001602	ALV13237.1	AAS02527.1
OG0001603	ALV12679.1	AAS02525.1
OG0001604	ALV12682.1	AAS02522.1
OG0001605	ALV13239.1	AAS04553.1
OG0001606	ALV12693.1	AAS05618.1, AAS02519.1
OG0001607	ALV12697.1	AAS02514.1
OG0001608	ALV12698.1	AAS02513.1
OG0001609	ALV12700.1	AAS02511.1
OG0001610	ALV12701.1	AAS02510.1
OG0001611	ALV13241.1	AAS02507.1
OG0001612	ALV12705.1	AAS02506.1
OG0001613	ALV12707.1	AAS06364.1
OG0001614	ALV12709.1	AAS02504.1
OG0001615	ALV12710.1	AAS02503.1
OG0001616	ALV13242.1	AAS02502.1
OG0001617	ALV12712.1	AAS02501.1
OG0001618	ALV12714.1	AAS02499.1
OG0001619	ALV12715.1	AAS02498.1
OG0001620	ALV12716.1	AAS02497.1
OG0001621	ALV12720.1	AAS02490.1
OG0001622	ALV12721.1	AAS02489.1
OG0001623	ALV12745.1	AAS05559.1, AAS06874.1
OG0001624	ALV12751.1	AAS06882.1
OG0001625	ALV12752.1	AAS06884.1
OG0001626	ALV13247.1	AAS06885.1
OG0001627	ALV12753.1	AAS06886.1
OG0001628	ALV12756.1	AAS06889.1
OG0001629	ALV12758.1	AAS06891.1
OG0001630	ALV12759.1	AAS06892.1
OG0001631	ALV12760.1	AAS06893.1
OG0001632	ALV12761.1	AAS06894.1
OG0001633	ALV12762.1	AAS06895.1
OG0001634	ALV12763.1	AAS06896.1
OG0001635	ALV12764.1	AAS06897.1
OG0001637	ALV10006.1	AAS02934.1, AAS02415.1, AAS06094.1
OG0001649	ALV13022.1	AAS04242.1
OG0001650	ALV12238.1, ALV12221.1, ALV12255.1	AAS05974.1
OG0001652	ALV11143.1	AAS06877.1, AAS06878.1
OG0001653	ALV09288.1	AAS02327.1
OG0001655	ALV09291.1	AAS02331.1
OG0001656	ALV09301.1	AAS02350.1
OG0001657	ALV09302.1	AAS02352.1
OG0001658	ALV09304.1	AAS02354.1
OG0001659	ALV12768.1	AAS02355.1
OG0001660	ALV09305.1	AAS02356.1
OG0001661	ALV09306.1	AAS02357.1
OG0001662	ALV09307.1	AAS02358.1
OG0001663	ALV09308.1	AAS02359.1
OG0001664	ALV12769.1	AAS02360.1
OG0001665	ALV09314.1	AAS02361.1
OG0001666	ALV09315.1	AAS02363.1
OG0001667	ALV09319.1	AAS02370.1
OG0001668	ALV09321.1	AAS02372.1
OG0001669	ALV09324.1	AAS02379.1
OG0001670	ALV09328.1	AAS02383.1
OG0001671	ALV09338.1	AAS02597.1
OG0001672	ALV09339.1	AAS02398.1
OG0001674	ALV09353.1	AAS06866.1
OG0001675	ALV12772.1	AAS06842.1
OG0001683	ALV09381.1	AAS06049.1
OG0001684	ALV09385.1	AAS03253.1
OG0001685	ALV12780.1	AAS06073.1
OG0001686	ALV09389.1	AAS06075.1
OG0001687	ALV09390.1	AAS06076.1
OG0001688	ALV09395.1	AAS06078.1
OG0001689	ALV09396.1	AAS06079.1
OG0001690	ALV09397.1	AAS06080.1
OG0001691	ALV09399.1	AAS06088.1
OG0001692	ALV09401.1	AAS06091.1
OG0001693	ALV09402.1	AAS06092.1
OG0001694	ALV09403.1	AAS06102.1
OG0001695	ALV09407.1	AAS06106.1
OG0001696	ALV09409.1	AAS06108.1
OG0001697	ALV12782.1	AAS06109.1
OG0001698	ALV12783.1	AAS06240.1
OG0001699	ALV09410.1	AAS06112.1
OG0001700	ALV09411.1	AAS06113.1
OG0001701	ALV09416.1	AAS06118.1
OG0001702	ALV09417.1	AAS06120.1
OG0001703	ALV09422.1	AAS06125.1
OG0001704	ALV12789.1	AAS06146.1
OG0001705	ALV09425.1	AAS06147.1
OG0001706	ALV09440.1	AAS06165.1
OG0001707	ALV12791.1	AAS06171.1
OG0001708	ALV09448.1	AAS06177.1
OG0001709	ALV09449.1	AAS06180.1
OG0001710	ALV09452.1	AAS06183.1
OG0001711	ALV09453.1	AAS06184.1
OG0001715	ALV09462.1	AAS06190.1
OG0001716	ALV09466.1	AAS06194.1
OG0001717	ALV09467.1	AAS06195.1
OG0001718	ALV09476.1	AAS06206.1
OG0001719	ALV09487.1	AAS06218.1
OG0001720	ALV09488.1	AAS06219.1
OG0001721	ALV09489.1	AAS06221.1
OG0001722	ALV09490.1	AAS06222.1
OG0001723	ALV09492.1	AAS06235.1
OG0001725	ALV09505.1	AAS06247.1
OG0001726	ALV09506.1	AAS06248.1
OG0001727	ALV09507.1	AAS06249.1
OG0001728	ALV09509.1	AAS06251.1
OG0001729	ALV12796.1	AAS06252.1
OG0001730	ALV09510.1	AAS06253.1
OG0001731	ALV09511.1	AAS04264.1
OG0001732	ALV09512.1	AAS05250.1
OG0001733	ALV09515.1	AAS06254.1
OG0001734	ALV09516.1	AAS06255.1
OG0001735	ALV09517.1	AAS06256.1
OG0001737	ALV09522.1	AAS06260.1
OG0001738	ALV09526.1	AAS06263.1
OG0001739	ALV09531.1	AAS06269.1
OG0001740	ALV09532.1	AAS06273.1
OG0001741	ALV09533.1	AAS06274.1
OG0001742	ALV12797.1	AAS06339.1
OG0001743	ALV09552.1	AAS06340.1
OG0001744	ALV09553.1	AAS04435.1
OG0001745	ALV12798.1	AAS06341.1
OG0001746	ALV09563.1	AAS06342.1
OG0001747	ALV09564.1	AAS06344.1
OG0001748	ALV09569.1	AAS06350.1
OG0001750	ALV12799.1	AAS06352.1
OG0001751	ALV12800.1	AAS04445.1
OG0001752	ALV09586.1	AAS06376.1
OG0001753	ALV12801.1	AAS06377.1
OG0001754	ALV09595.1	AAS06387.1
OG0001755	ALV09609.1	AAS06416.1
OG0001757	ALV09615.1	AAS06410.1
OG0001758	ALV09616.1	AAS04093.1
OG0001759	ALV09617.1	AAS04094.1
OG0001760	ALV09626.1	AAS02402.1
OG0001761	ALV09629.1	AAS06408.1
OG0001762	ALV12806.1	AAS06401.1
OG0001763	ALV09635.1	AAS06421.1
OG0001764	ALV09644.1	AAS06425.1
OG0001765	ALV09646.1	AAS06428.1
OG0001766	ALV09654.1	AAS06435.1
OG0001767	ALV09655.1	AAS06436.1
OG0001768	ALV09658.1	AAS06445.1
OG0001769	ALV09659.1	AAS06446.1
OG0001770	ALV09665.1	AAS06458.1
OG0001771	ALV09666.1	AAS02435.1
OG0001772	ALV09667.1	AAS06461.1
OG0001773	ALV09670.1	AAS06464.1
OG0001774	ALV12808.1	AAS06466.1
OG0001775	ALV09673.1	AAS06467.1
OG0001776	ALV09679.1	AAS06473.1
OG0001777	ALV09683.1	AAS06482.1
OG0001778	ALV09686.1	AAS06488.1
OG0001779	ALV09687.1	AAS06492.1
OG0001780	ALV09696.1	AAS06495.1
OG0001781	ALV09700.1	AAS06499.1
OG0001782	ALV09702.1	AAS06501.1
OG0001783	ALV09703.1	AAS06502.1
OG0001784	ALV09704.1	AAS06503.1
OG0001785	ALV12812.1	AAS06504.1
OG0001786	ALV09705.1	AAS06505.1
OG0001787	ALV09711.1	AAS06511.1
OG0001788	ALV12814.1	AAS06516.1
OG0001789	ALV09717.1	AAS06517.1
OG0001790	ALV09725.1	AAS06527.1
OG0001791	ALV09726.1	AAS06528.1
OG0001792	ALV09729.1	AAS03702.1
OG0001793	ALV09731.1	AAS06535.1
OG0001794	ALV09736.1	AAS06540.1
OG0001796	ALV09746.1	AAS06551.1
OG0001797	ALV09749.1	AAS06556.1
OG0001798	ALV09751.1	AAS06557.1
OG0001799	ALV09752.1	AAS06558.1
OG0001800	ALV09753.1	AAS06559.1
OG0001801	ALV09757.1	AAS06564.1
OG0001802	ALV12826.1	AAS06568.1
OG0001803	ALV09766.1	AAS06578.1
OG0001804	ALV09768.1	AAS06580.1
OG0001805	ALV09769.1	AAS06582.1
OG0001806	ALV09770.1	AAS06583.1
OG0001807	ALV09771.1	AAS06584.1
OG0001808	ALV09772.1	AAS06585.1
OG0001809	ALV09773.1	AAS06586.1
OG0001810	ALV09774.1	AAS06587.1
OG0001811	ALV09784.1	AAS06598.1
OG0001812	ALV09785.1	AAS06599.1
OG0001813	ALV09789.1	AAS06604.1
OG0001814	ALV09792.1	AAS02442.1
OG0001815	ALV12830.1	AAS06611.1
OG0001816	ALV09796.1	AAS06612.1
OG0001817	ALV09797.1	AAS06613.1
OG0001818	ALV09808.1	AAS06623.1
OG0001819	ALV09811.1	AAS06625.1
OG0001820	ALV09812.1	AAS06626.1
OG0001821	ALV09814.1	AAS06631.1
OG0001822	ALV09828.1	AAS03419.1
OG0001823	ALV09839.1	AAS06363.1
OG0001824	ALV12838.1	AAS06621.1
OG0001825	ALV09845.1	AAS06622.1
OG0001826	ALV09850.1	AAS06640.1
OG0001827	ALV09851.1	AAS04345.1
OG0001828	ALV09852.1	AAS04344.1
OG0001829	ALV09854.1	AAS06641.1
OG0001830	ALV09855.1	AAS06644.1
OG0001831	ALV09856.1	AAS06652.1
OG0001832	ALV12840.1	AAS06653.1
OG0001833	ALV09873.1	AAS06671.1
OG0001834	ALV12841.1	AAS06672.1
OG0001835	ALV09874.1	AAS06673.1
OG0001836	ALV09877.1	AAS06677.1
OG0001837	ALV09896.1	AAS06838.1
OG0001838	ALV09897.1	AAS06683.1
OG0001839	ALV09898.1	AAS06684.1
OG0001840	ALV09899.1	AAS06685.1
OG0001841	ALV09900.1	AAS06686.1
OG0001842	ALV09904.1	AAS06688.1
OG0001843	ALV09905.1	AAS06689.1
OG0001844	ALV09909.1	AAS06695.1
OG0001845	ALV09910.1	AAS06696.1
OG0001846	ALV09911.1	AAS06697.1
OG0001847	ALV09913.1	AAS06700.1
OG0001848	ALV09914.1	AAS06701.1
OG0001849	ALV09916.1	AAS06702.1
OG0001850	ALV09917.1	AAS06703.1
OG0001851	ALV09918.1	AAS06704.1
OG0001852	ALV09919.1	AAS06705.1
OG0001853	ALV09920.1	AAS06707.1
OG0001854	ALV09921.1	AAS06708.1
OG0001855	ALV09938.1	AAS06724.1
OG0001856	ALV09953.1	AAS06743.1
OG0001857	ALV09954.1	AAS06745.1
OG0001858	ALV12846.1	AAS06751.1
OG0001859	ALV09960.1	AAS06752.1
OG0001860	ALV09961.1	AAS06762.1
OG0001861	ALV09975.1	AAS06765.1
OG0001862	ALV09976.1	AAS06418.1
OG0001863	ALV09982.1	AAS02908.1
OG0001864	ALV09987.1	AAS02913.1
OG0001865	ALV09988.1	AAS02914.1
OG0001866	ALV09989.1	AAS02915.1
OG0001867	ALV09990.1	AAS02916.1
OG0001868	ALV09993.1	AAS02920.1
OG0001869	ALV09997.1	AAS02924.1
OG0001870	ALV09999.1	AAS02926.1
OG0001871	ALV10000.1	AAS02927.1
OG0001872	ALV10002.1	AAS02929.1
OG0001873	ALV10003.1	AAS02930.1
OG0001874	ALV10008.1	AAS02937.1
OG0001875	ALV10011.1	AAS02939.1
OG0001876	ALV10012.1	AAS02941.1
OG0001877	ALV10015.1	AAS02944.1
OG0001878	ALV10022.1	AAS02947.1
OG0001879	ALV12851.1	AAS02948.1
OG0001880	ALV10024.1	AAS02950.1
OG0001881	ALV10027.1	AAS02953.1
OG0001883	ALV10034.1	AAS02959.1
OG0001884	ALV12854.1	AAS02966.1
OG0001885	ALV10041.1	AAS02973.1
OG0001886	ALV12856.1	AAS02977.1
OG0001887	ALV10044.1	AAS02978.1
OG0001888	ALV12857.1	AAS02979.1
OG0001889	ALV10050.1	AAS03533.1
OG0001890	ALV10053.1	AAS02987.1
OG0001891	ALV10055.1	AAS03001.1
OG0001892	ALV10058.1	AAS03005.1
OG0001893	ALV12859.1	AAS03007.1
OG0001894	ALV10063.1	AAS03027.1
OG0001895	ALV12862.1	AAS03098.1
OG0001896	ALV10066.1	AAS03102.1
OG0001897	ALV10067.1	AAS03105.1
OG0001898	ALV10072.1	AAS03119.1
OG0001899	ALV10073.1	AAS03120.1
OG0001900	ALV10074.1	AAS03121.1
OG0001901	ALV10076.1	AAS03123.1
OG0001902	ALV10077.1	AAS03124.1
OG0001903	ALV10078.1	AAS03126.1
OG0001904	ALV10081.1	AAS03128.1
OG0001905	ALV10089.1	AAS03137.1
OG0001906	ALV10090.1	AAS03138.1
OG0001907	ALV10095.1	AAS03143.1
OG0001908	ALV10096.1	AAS03144.1
OG0001909	ALV10103.1	AAS03147.1
OG0001910	ALV10104.1	AAS03148.1
OG0001911	ALV10109.1	AAS03156.1
OG0001912	ALV12869.1	AAS03158.1
OG0001913	ALV10112.1	AAS03160.1
OG0001915	ALV10128.1	AAS03185.1
OG0001916	ALV10131.1	AAS03188.1
OG0001917	ALV12874.1	AAS03192.1
OG0001918	ALV10140.1	AAS03198.1
OG0001919	ALV10143.1	AAS03203.1
OG0001920	ALV12877.1	AAS03207.1
OG0001921	ALV12879.1	AAS03216.1
OG0001922	ALV10155.1	AAS03222.1
OG0001923	ALV10156.1	AAS03223.1
OG0001924	ALV10168.1	AAS03226.1
OG0001925	ALV12881.1	AAS03228.1
OG0001926	ALV10170.1	AAS03229.1
OG0001927	ALV10171.1	AAS03230.1
OG0001928	ALV10172.1	AAS03231.1
OG0001929	ALV10186.1	AAS03238.1
OG0001930	ALV12886.1	AAS03257.1
OG0001932	ALV10195.1	AAS03259.1
OG0001933	ALV10211.1	AAS03302.1
OG0001934	ALV10213.1	AAS03305.1
OG0001935	ALV10214.1	AAS03306.1
OG0001936	ALV10219.1	AAS03312.1
OG0001937	ALV10220.1	AAS03313.1
OG0001938	ALV10222.1	AAS03317.1
OG0001939	ALV10223.1	AAS03315.1
OG0001940	ALV10224.1	AAS03314.1
OG0001941	ALV10225.1	AAS03318.1
OG0001942	ALV10226.1	AAS03319.1
OG0001943	ALV10251.1	AAS03323.1
OG0001944	ALV12892.1	AAS03324.1
OG0001945	ALV10252.1	AAS03325.1
OG0001946	ALV12893.1	AAS02666.1
OG0001947	ALV10253.1	AAS03326.1
OG0001948	ALV10254.1	AAS03327.1
OG0001949	ALV10255.1	AAS03328.1
OG0001950	ALV10256.1	AAS03329.1
OG0001951	ALV10257.1	AAS03330.1
OG0001952	ALV12894.1	AAS03331.1
OG0001953	ALV10258.1	AAS03332.1
OG0001954	ALV10260.1	AAS03333.1
OG0001955	ALV12897.1	AAS03338.1
OG0001956	ALV12898.1	AAS03339.1
OG0001957	ALV10265.1	AAS03341.1
OG0001958	ALV10272.1	AAS05023.1
OG0001959	ALV12899.1	AAS05021.1
OG0001960	ALV10287.1	AAS05011.1
OG0001961	ALV10293.1	AAS05006.1
OG0001962	ALV10303.1	AAS04997.1
OG0001963	ALV10304.1	AAS04992.1
OG0001964	ALV10307.1	AAS04991.1
OG0001965	ALV12901.1	AAS04990.1
OG0001966	ALV10309.1	AAS04989.1
OG0001967	ALV10311.1	AAS04987.1
OG0001968	ALV10312.1	AAS04986.1
OG0001969	ALV10313.1	AAS04984.1
OG0001970	ALV12902.1	AAS04983.1
OG0001971	ALV10314.1	AAS04982.1
OG0001972	ALV12903.1	AAS02614.1
OG0001973	ALV12904.1	AAS02612.1
OG0001974	ALV10319.1	AAS06665.1
OG0001975	ALV10325.1	AAS04960.1
OG0001976	ALV10326.1	AAS04957.1
OG0001977	ALV12907.1	AAS04955.1
OG0001978	ALV10337.1	AAS04949.1
OG0001979	ALV10338.1	AAS05764.1
OG0001980	ALV12908.1	AAS04948.1
OG0001981	ALV10341.1	AAS04945.1
OG0001982	ALV10346.1	AAS04938.1
OG0001983	ALV10347.1	AAS04937.1
OG0001984	ALV10349.1	AAS04935.1
OG0001985	ALV10352.1	AAS04931.1
OG0001986	ALV10361.1	AAS02456.1
OG0001987	ALV12913.1	AAS04911.1
OG0001988	ALV12914.1	AAS04910.1
OG0001989	ALV10368.1	AAS04909.1
OG0001990	ALV10369.1	AAS02487.1
OG0001991	ALV12915.1	AAS04898.1
OG0001992	ALV10381.1	AAS04890.1
OG0001993	ALV10383.1	AAS04888.1
OG0001995	ALV10393.1	AAS04880.1
OG0001996	ALV10394.1	AAS04879.1
OG0001997	ALV10395.1	AAS04878.1
OG0001998	ALV10396.1	AAS04877.1
OG0001999	ALV10405.1	AAS04868.1
OG0002000	ALV10408.1	AAS04866.1
OG0002001	ALV10422.1	AAS04851.1
OG0002002	ALV10425.1	AAS04838.1
OG0002003	ALV10427.1	AAS04836.1
OG0002004	ALV10428.1	AAS04833.1
OG0002005	ALV12924.1	AAS04996.1
OG0002006	ALV10430.1	AAS04827.1
OG0002007	ALV10433.1	AAS04823.1
OG0002008	ALV10436.1	AAS03994.1
OG0002009	ALV10438.1	AAS04818.1
OG0002010	ALV10449.1	AAS04804.1
OG0002011	ALV12928.1	AAS04802.1
OG0002012	ALV10451.1	AAS04800.1
OG0002013	ALV10481.1	AAS04760.1
OG0002014	ALV10486.1	AAS04755.1
OG0002015	ALV10491.1	AAS04751.1
OG0002016	ALV12932.1	AAS04750.1
OG0002017	ALV10492.1	AAS04749.1
OG0002018	ALV10493.1	AAS04748.1
OG0002019	ALV10494.1	AAS04747.1
OG0002020	ALV10509.1	AAS03870.1
OG0002021	ALV10511.1	AAS04731.1
OG0002022	ALV10513.1	AAS04725.1
OG0002023	ALV10515.1	AAS04720.1
OG0002024	ALV10516.1	AAS04711.1
OG0002025	ALV10519.1	AAS03660.1
OG0002027	ALV10527.1	AAS04678.1
OG0002028	ALV10531.1	AAS03430.1
OG0002029	ALV10540.1	AAS03431.1
OG0002030	ALV10543.1	AAS03434.1
OG0002031	ALV10559.1	AAS03445.1
OG0002032	ALV12938.1	AAS03446.1
OG0002033	ALV10563.1	AAS03451.1
OG0002034	ALV10579.1	AAS03473.1
OG0002035	ALV10585.1	AAS03479.1
OG0002036	ALV10586.1	AAS03480.1
OG0002037	ALV10589.1	AAS06361.1
OG0002038	ALV10600.1	AAS03490.1
OG0002039	ALV10603.1	AAS03493.1
OG0002040	ALV12944.1	AAS03497.1
OG0002041	ALV10611.1	AAS03498.1
OG0002042	ALV10630.1	AAS03516.1
OG0002043	ALV10645.1	AAS03532.1
OG0002044	ALV10648.1	AAS03541.1
OG0002045	ALV10670.1	AAS03560.1
OG0002046	ALV10671.1	AAS04803.1
OG0002047	ALV10672.1	AAS03561.1
OG0002048	ALV10681.1	AAS03570.1
OG0002049	ALV10682.1	AAS03571.1
OG0002050	ALV10688.1	AAS03578.1
OG0002051	ALV10699.1	AAS03586.1
OG0002052	ALV12956.1	AAS03590.1
OG0002053	ALV10705.1	AAS03594.1
OG0002054	ALV10712.1	AAS03569.1
OG0002055	ALV10713.1	AAS03609.1
OG0002056	ALV10722.1	AAS03619.1
OG0002057	ALV10732.1	AAS03629.1
OG0002058	ALV10733.1	AAS03630.1
OG0002059	ALV10734.1	AAS03631.1
OG0002060	ALV10735.1	AAS03632.1
OG0002061	ALV10736.1	AAS03633.1
OG0002062	ALV10740.1	AAS03637.1
OG0002063	ALV10745.1	AAS03647.1
OG0002064	ALV10746.1	AAS03653.1
OG0002065	ALV10748.1	AAS03659.1
OG0002066	ALV10775.1	AAS03690.1
OG0002067	ALV10776.1	AAS03691.1
OG0002068	ALV10792.1	AAS03709.1
OG0002069	ALV10796.1	AAS03714.1
OG0002070	ALV12969.1	AAS03715.1
OG0002071	ALV10797.1	AAS03716.1
OG0002072	ALV10807.1	AAS03726.1
OG0002073	ALV12971.1	AAS04018.1
OG0002074	ALV10826.1	AAS04017.1
OG0002075	ALV12972.1	AAS04792.1
OG0002077	ALV10846.1	AAS03649.1
OG0002078	ALV10847.1	AAS03965.1
OG0002079	ALV12977.1	AAS06821.1
OG0002080	ALV10852.1	AAS03164.1
OG0002081	ALV10854.1	AAS04362.1
OG0002082	ALV10856.1	AAS06870.1
OG0002083	ALV10864.1	AAS06085.1
OG0002084	ALV10870.1	AAS03809.1
OG0002085	ALV10873.1	AAS02325.1
OG0002086	ALV10874.1	AAS02326.1
OG0002087	ALV10875.1	AAS03810.1
OG0002088	ALV12982.1	AAS03817.1
OG0002089	ALV10879.1	AAS03820.1
OG0002090	ALV10880.1	AAS03821.1
OG0002091	ALV10906.1	AAS03842.1
OG0002092	ALV10908.1	AAS03845.1
OG0002093	ALV12985.1	AAS03853.1
OG0002094	ALV10915.1	AAS03854.1
OG0002095	ALV10916.1	AAS03855.1
OG0002096	ALV10925.1	AAS04366.1
OG0002097	ALV10933.1	AAS03867.1
OG0002098	ALV10934.1	AAS03868.1
OG0002100	ALV10938.1	AAS03877.1
OG0002101	ALV10948.1	AAS03882.1
OG0002102	ALV10949.1	AAS03884.1
OG0002103	ALV10950.1	AAS03885.1
OG0002104	ALV10954.1	AAS03889.1
OG0002105	ALV10957.1	AAS03893.1
OG0002106	ALV10959.1	AAS03895.1
OG0002107	ALV10960.1	AAS03896.1
OG0002108	ALV10961.1	AAS03898.1
OG0002109	ALV10964.1	AAS03903.1
OG0002110	ALV10965.1	AAS03908.1
OG0002111	ALV10966.1	AAS03909.1
OG0002112	ALV12987.1	AAS03916.1
OG0002113	ALV10969.1	AAS03917.1
OG0002114	ALV10971.1	AAS03922.1
OG0002115	ALV10974.1	AAS03925.1
OG0002116	ALV12989.1	AAS06754.1
OG0002117	ALV10977.1	AAS03929.1
OG0002118	ALV10978.1	AAS03933.1
OG0002119	ALV10979.1	AAS03934.1
OG0002120	ALV10980.1	AAS03935.1
OG0002121	ALV10984.1	AAS03940.1
OG0002122	ALV10985.1	AAS03941.1
OG0002123	ALV10993.1	AAS03985.1
OG0002124	ALV10994.1	AAS03986.1
OG0002125	ALV12993.1	AAS03955.1
OG0002126	ALV11002.1	AAS02389.1
OG0002127	ALV11004.1	AAS05710.1
OG0002128	ALV11006.1	AAS03964.1
OG0002129	ALV11008.1	AAS03966.1
OG0002130	ALV11010.1	AAS03968.1
OG0002131	ALV11012.1	AAS03970.1
OG0002132	ALV11015.1	AAS02893.1
OG0002133	ALV11017.1	AAS02763.1
OG0002134	ALV11031.1	AAS03168.1
OG0002135	ALV12998.1	AAS06630.1
OG0002136	ALV11042.1	AAS02433.1
OG0002137	ALV11044.1	AAS02390.1
OG0002139	ALV11051.1	AAS03997.1
OG0002140	ALV11061.1	AAS04402.1
OG0002141	ALV11069.1	AAS06766.1
OG0002142	ALV11072.1	AAS04399.1
OG0002143	ALV11088.1	AAS06818.1
OG0002144	ALV13003.1	AAS06819.1
OG0002145	ALV11093.1	AAS05101.1
OG0002146	ALV11100.1	AAS04080.1
OG0002147	ALV11101.1	AAS03958.1
OG0002148	ALV11103.1	AAS02548.1
OG0002149	ALV11108.1	AAS04090.1
OG0002150	ALV11109.1	AAS04091.1
OG0002151	ALV11111.1	AAS04097.1
OG0002152	ALV11112.1	AAS04098.1
OG0002153	ALV11113.1	AAS04112.1
OG0002154	ALV13007.1	AAS04114.1
OG0002155	ALV11117.1	AAS04119.1
OG0002156	ALV11119.1	AAS06317.1
OG0002157	ALV11120.1	AAS06318.1
OG0002158	ALV11121.1	AAS06319.1
OG0002160	ALV11124.1	AAS04122.1
OG0002161	ALV11127.1	AAS04127.1
OG0002162	ALV11128.1	AAS04128.1
OG0002163	ALV11129.1	AAS04129.1
OG0002164	ALV11130.1	AAS03321.1
OG0002165	ALV13009.1	AAS04133.1
OG0002166	ALV11138.1	AAS04788.1, AAS03535.1
OG0002167	ALV11139.1	AAS06879.1
OG0002168	ALV11140.1	AAS06880.1
OG0002169	ALV11141.1	AAS04734.1
OG0002170	ALV13010.1	AAS04140.1
OG0002171	ALV11151.1	AAS04142.1
OG0002173	ALV11171.1	AAS04155.1
OG0002174	ALV11176.1	AAS04162.1
OG0002175	ALV11186.1	AAS04178.1
OG0002177	ALV11193.1	AAS04198.1
OG0002178	ALV13017.1	AAS04204.1
OG0002182	ALV11228.1	AAS04235.1
OG0002183	ALV13023.1	AAS04244.1
OG0002184	ALV11236.1	AAS04247.1
OG0002186	ALV11250.1	AAS04262.1
OG0002187	ALV11253.1	AAS04266.1
OG0002188	ALV11264.1	AAS04278.1
OG0002189	ALV11271.1	AAS04291.1
OG0002190	ALV13028.1	AAS04300.1
OG0002191	ALV13029.1	AAS04301.1
OG0002192	ALV11278.1	AAS04302.1
OG0002193	ALV13030.1	AAS04304.1
OG0002194	ALV11280.1	AAS04305.1
OG0002195	ALV11282.1	AAS04308.1
OG0002196	ALV13032.1	AAS04310.1
OG0002197	ALV11290.1	AAS04860.1
OG0002198	ALV13033.1	AAS04319.1
OG0002199	ALV11291.1	AAS04320.1
OG0002200	ALV11292.1	AAS04321.1
OG0002201	ALV11293.1	AAS04322.1
OG0002203	ALV11300.1	AAS04326.1
OG0002204	ALV11301.1	AAS03785.1
OG0002205	ALV11304.1	AAS04332.1
OG0002206	ALV11308.1	AAS04334.1
OG0002208	ALV11318.1	AAS04355.1
OG0002209	ALV11320.1	AAS04358.1
OG0002211	ALV11326.1	AAS04365.1
OG0002212	ALV11327.1	AAS04363.1
OG0002213	ALV11332.1	AAS03979.1
OG0002214	ALV11348.1	AAS04404.1
OG0002215	ALV11349.1	AAS04405.1
OG0002216	ALV11350.1	AAS04406.1
OG0002217	ALV11355.1	AAS04410.1
OG0002218	ALV11357.1	AAS04411.1
OG0002219	ALV11358.1	AAS04412.1
OG0002220	ALV11359.1	AAS04413.1
OG0002221	ALV11361.1	AAS04416.1
OG0002222	ALV11364.1	AAS04420.1
OG0002223	ALV11367.1	AAS04857.1
OG0002224	ALV11377.1	AAS04450.1
OG0002225	ALV11383.1	AAS04457.1
OG0002226	ALV11386.1	AAS04460.1
OG0002228	ALV11388.1	AAS04463.1
OG0002229	ALV11396.1	AAS04481.1
OG0002230	ALV11399.1	AAS04487.1
OG0002231	ALV11400.1	AAS04488.1
OG0002232	ALV11401.1	AAS04490.1
OG0002233	ALV13049.1	AAS04491.1
OG0002234	ALV11403.1	AAS04495.1
OG0002235	ALV11404.1	AAS04514.1
OG0002236	ALV11405.1	AAS04522.1
OG0002237	ALV11407.1	AAS04523.1
OG0002238	ALV11408.1	AAS04524.1
OG0002239	ALV13051.1	AAS04354.1
OG0002240	ALV11420.1	AAS04528.1
OG0002241	ALV11421.1	AAS04529.1
OG0002242	ALV11426.1	AAS04533.1
OG0002243	ALV11428.1	AAS04535.1
OG0002244	ALV13052.1	AAS04536.1
OG0002245	ALV11429.1	AAS04537.1
OG0002246	ALV11437.1	AAS04543.1
OG0002247	ALV11439.1	AAS04557.1
OG0002248	ALV11440.1	AAS04558.1
OG0002249	ALV11446.1	AAS03990.1
OG0002250	ALV11448.1	AAS04562.1
OG0002251	ALV13054.1	AAS04563.1
OG0002252	ALV11452.1	AAS03905.1
OG0002254	ALV11457.1	AAS04565.1
OG0002255	ALV13059.1	AAS04590.1
OG0002256	ALV11471.1	AAS04592.1
OG0002257	ALV13060.1	AAS04593.1
OG0002258	ALV11472.1	AAS04594.1
OG0002259	ALV11473.1	AAS03152.1
OG0002260	ALV11479.1	AAS04600.1
OG0002261	ALV11480.1	AAS04601.1
OG0002262	ALV11486.1	AAS04609.1
OG0002263	ALV11492.1	AAS04613.1
OG0002264	ALV11498.1	AAS04623.1
OG0002265	ALV11507.1	AAS04624.1
OG0002266	ALV11510.1	AAS04627.1
OG0002267	ALV11511.1	AAS04628.1
OG0002268	ALV11512.1	AAS04629.1
OG0002269	ALV11514.1	AAS04631.1
OG0002270	ALV11515.1	AAS06411.1
OG0002271	ALV11518.1	AAS04632.1
OG0002272	ALV11522.1	AAS04636.1
OG0002273	ALV11530.1	AAS05076.1
OG0002274	ALV11531.1	AAS05075.1
OG0002275	ALV11545.1	AAS03416.1
OG0002276	ALV11564.1	AAS03398.1
OG0002277	ALV11569.1	AAS03393.1
OG0002278	ALV11573.1	AAS03388.1
OG0002279	ALV11578.1	AAS03386.1
OG0002280	ALV11580.1	AAS03384.1
OG0002281	ALV11583.1	AAS03378.1
OG0002282	ALV11584.1	AAS03377.1
OG0002283	ALV11586.1	AAS03372.1
OG0002284	ALV11587.1	AAS03371.1
OG0002285	ALV11592.1	AAS03363.1
OG0002286	ALV11605.1	AAS03352.1
OG0002287	ALV11606.1	AAS03351.1
OG0002288	ALV11608.1	AAS03348.1
OG0002289	ALV11625.1	AAS05038.1
OG0002290	ALV11628.1	AAS05040.1
OG0002291	ALV11629.1	AAS05041.1
OG0002292	ALV11631.1	AAS05044.1
OG0002293	ALV11636.1	AAS04692.1
OG0002294	ALV13075.1	AAS05045.1
OG0002295	ALV11637.1	AAS02563.1
OG0002296	ALV11639.1	AAS05049.1
OG0002297	ALV11645.1	AAS05059.1
OG0002298	ALV11655.1	AAS05104.1
OG0002299	ALV11656.1	AAS05105.1
OG0002300	ALV11657.1	AAS05106.1
OG0002301	ALV11658.1	AAS05107.1
OG0002302	ALV11661.1	AAS05111.1
OG0002303	ALV11662.1	AAS05113.1
OG0002304	ALV11665.1	AAS05117.1
OG0002305	ALV11671.1	AAS05123.1
OG0002306	ALV11673.1	AAS05125.1
OG0002307	ALV11674.1	AAS05126.1
OG0002308	ALV11675.1	AAS05127.1
OG0002309	ALV11676.1	AAS05128.1
OG0002310	ALV11685.1	AAS05138.1
OG0002312	ALV13087.1	AAS05145.1
OG0002313	ALV11692.1	AAS05146.1
OG0002314	ALV11694.1	AAS05149.1
OG0002316	ALV11709.1	AAS05161.1
OG0002317	ALV13089.1	AAS05171.1
OG0002318	ALV11720.1	AAS05172.1
OG0002319	ALV13090.1	AAS05173.1
OG0002320	ALV11724.1	AAS05177.1
OG0002321	ALV11725.1	AAS05178.1
OG0002322	ALV11726.1	AAS05179.1
OG0002324	ALV11738.1	AAS05187.1
OG0002325	ALV11739.1	AAS05189.1
OG0002326	ALV13092.1	AAS05195.1
OG0002327	ALV11751.1	AAS05204.1
OG0002328	ALV11755.1	AAS05206.1
OG0002330	ALV11761.1	AAS05212.1
OG0002331	ALV11762.1	AAS05213.1
OG0002332	ALV11763.1	AAS05214.1
OG0002334	ALV11771.1	AAS05218.1
OG0002335	ALV11772.1	AAS05219.1
OG0002337	ALV11802.1	AAS05221.1
OG0002338	ALV11808.1	AAS05222.1
OG0002339	ALV11811.1	AAS05225.1
OG0002340	ALV11813.1	AAS05227.1
OG0002341	ALV11816.1	AAS05230.1
OG0002342	ALV11818.1	AAS05233.1
OG0002343	ALV13099.1	AAS05234.1
OG0002344	ALV11819.1	AAS05235.1
OG0002345	ALV11820.1	AAS05236.1
OG0002346	ALV11821.1	AAS05237.1
OG0002347	ALV11822.1	AAS05238.1
OG0002348	ALV13100.1	AAS05239.1
OG0002349	ALV11825.1	AAS05241.1
OG0002350	ALV11828.1	AAS05245.1
OG0002351	ALV11829.1	AAS05246.1
OG0002352	ALV11831.1	AAS05248.1
OG0002353	ALV11833.1	AAS05252.1
OG0002354	ALV11839.1	AAS05254.1
OG0002355	ALV11846.1	AAS06494.1
OG0002357	ALV11847.1	AAS05258.1
OG0002358	ALV11848.1	AAS05259.1
OG0002359	ALV11849.1	AAS05260.1
OG0002360	ALV11853.1	AAS05265.1
OG0002361	ALV11861.1	AAS03184.1
OG0002362	ALV11864.1	AAS05278.1
OG0002363	ALV11866.1	AAS05283.1
OG0002364	ALV11872.1	AAS05290.1
OG0002365	ALV11877.1	AAS05296.1
OG0002366	ALV11878.1	AAS05297.1
OG0002367	ALV13106.1	AAS05299.1
OG0002368	ALV11882.1	AAS05303.1
OG0002369	ALV11883.1	AAS05304.1
OG0002370	ALV11886.1	AAS05308.1
OG0002371	ALV11887.1	AAS05309.1
OG0002380	ALV13115.1	AAS03267.1
OG0002381	ALV11914.1	AAS03551.1
OG0002383	ALV13117.1	AAS05547.1
OG0002384	ALV11924.1	AAS02611.1
OG0002385	ALV11926.1	AAS05554.1
OG0002386	ALV11928.1	AAS05556.1
OG0002387	ALV11930.1	AAS05558.1
OG0002388	ALV11946.1	AAS05576.1
OG0002389	ALV11948.1	AAS05579.1
OG0002391	ALV11950.1	AAS05582.1
OG0002392	ALV11960.1	AAS03743.1
OG0002394	ALV11969.1	AAS05604.1
OG0002395	ALV11977.1	AAS05607.1
OG0002396	ALV11987.1	AAS05633.1
OG0002397	ALV11988.1	AAS05636.1
OG0002398	ALV11992.1	AAS05642.1
OG0002399	ALV11995.1	AAS05646.1
OG0002400	ALV11999.1	AAS05652.1
OG0002401	ALV12000.1	AAS05653.1
OG0002402	ALV12001.1	AAS05654.1
OG0002403	ALV13134.1	AAS05656.1
OG0002404	ALV12003.1	AAS05657.1
OG0002405	ALV12004.1	AAS05660.1
OG0002406	ALV12005.1	AAS05663.1
OG0002407	ALV12006.1	AAS05665.1
OG0002408	ALV13135.1	AAS05666.1
OG0002409	ALV12010.1	AAS05694.1
OG0002410	ALV12011.1	AAS05695.1
OG0002411	ALV12012.1	AAS05696.1
OG0002412	ALV12013.1	AAS06857.1
OG0002413	ALV12015.1	AAS05698.1
OG0002414	ALV12017.1	AAS05700.1
OG0002415	ALV12036.1	AAS05886.1
OG0002416	ALV12041.1	AAS05716.1
OG0002417	ALV12045.1	AAS05721.1
OG0002418	ALV12046.1	AAS05722.1
OG0002419	ALV12066.1	AAS05819.1
OG0002420	ALV12067.1	AAS05727.1
OG0002421	ALV12076.1	AAS05748.1
OG0002422	ALV13145.1	AAS05749.1
OG0002423	ALV12078.1	AAS05750.1
OG0002424	ALV12079.1	AAS05751.1
OG0002425	ALV12080.1	AAS05752.1
OG0002426	ALV12081.1	AAS05753.1
OG0002427	ALV13146.1	AAS05756.1
OG0002428	ALV12085.1	AAS05758.1
OG0002429	ALV12086.1	AAS05759.1
OG0002430	ALV12087.1	AAS05760.1
OG0002431	ALV12088.1	AAS05761.1
OG0002432	ALV12089.1	AAS05762.1
OG0002433	ALV12095.1	AAS05765.1
OG0002434	ALV12096.1	AAS05766.1
OG0002435	ALV12097.1	AAS05767.1
OG0002436	ALV12098.1	AAS05768.1
OG0002437	ALV12100.1	AAS05772.1
OG0002438	ALV12104.1	AAS05058.1
OG0002439	ALV13149.1	AAS04384.1
OG0002440	ALV12123.1	AAS05844.1
OG0002441	ALV12125.1	AAS05848.1
OG0002442	ALV12126.1	AAS05849.1
OG0002443	ALV13154.1	AAS05850.1
OG0002444	ALV12128.1	AAS05851.1
OG0002445	ALV12130.1	AAS05853.1
OG0002446	ALV12131.1	AAS05854.1
OG0002447	ALV12135.1	AAS05861.1
OG0002448	ALV12138.1	AAS05864.1
OG0002449	ALV12139.1	AAS05865.1
OG0002450	ALV12142.1	AAS05869.1
OG0002451	ALV12145.1	AAS05873.1
OG0002452	ALV12147.1	AAS05874.1
OG0002453	ALV13160.1	AAS05895.1
OG0002454	ALV12156.1	AAS05896.1
OG0002455	ALV12157.1	AAS05897.1
OG0002456	ALV12158.1	AAS05898.1
OG0002457	ALV12161.1	AAS05901.1
OG0002458	ALV12174.1	AAS05914.1
OG0002459	ALV12175.1	AAS05915.1
OG0002460	ALV12180.1	AAS05920.1
OG0002461	ALV13162.1	AAS05932.1
OG0002462	ALV12193.1	AAS05936.1
OG0002463	ALV12203.1	AAS05953.1
OG0002464	ALV12206.1	AAS05957.1
OG0002465	ALV12208.1	AAS05959.1
OG0002466	ALV12209.1	AAS05960.1
OG0002467	ALV12211.1	AAS05962.1
OG0002468	ALV12212.1	AAS05963.1
OG0002469	ALV12215.1	AAS05965.1
OG0002470	ALV12216.1	AAS05966.1
OG0002472	ALV13174.1	AAS05997.1
OG0002473	ALV13175.1	AAS05999.1
OG0002474	ALV12282.1	AAS06000.1
OG0002475	ALV12287.1	AAS06005.1
OG0002476	ALV12288.1	AAS06007.1
OG0002477	ALV12304.1	AAS06014.1
OG0002478	ALV12306.1	AAS06018.1
OG0002479	ALV12307.1	AAS06019.1
OG0002480	ALV12308.1	AAS06020.1
OG0002481	ALV12309.1	AAS06021.1
OG0002482	ALV12310.1	AAS06022.1
OG0002483	ALV12313.1	AAS06026.1
OG0002484	ALV12314.1	AAS06027.1
OG0002485	ALV12325.1	AAS06029.1
OG0002486	ALV12327.1	AAS06032.1
OG0002487	ALV12329.1	AAS06034.1
OG0002488	ALV12330.1	AAS06037.1
OG0002489	ALV12331.1	AAS06038.1
OG0002490	ALV13186.1	AAS05619.1
OG0002491	ALV12348.1	AAS06826.1
OG0002492	ALV12349.1	AAS06825.1
OG0002493	ALV12355.1	AAS06812.1
OG0002496	ALV12361.1	AAS06807.1
OG0002497	ALV12363.1	AAS06805.1
OG0002498	ALV13189.1	AAS06804.1
OG0002499	ALV13190.1	AAS06799.1
OG0002500	ALV12367.1	AAS06798.1
OG0002501	ALV12371.1	AAS06793.1
OG0002502	ALV12372.1	AAS06792.1
OG0002503	ALV12373.1	AAS06791.1
OG0002504	ALV12374.1	AAS06790.1
OG0002505	ALV13192.1	AAS06789.1
OG0002506	ALV12375.1	AAS06788.1
OG0002507	ALV12376.1	AAS06787.1
OG0002508	ALV12377.1	AAS06786.1
OG0002509	ALV12385.1	AAS06779.1
OG0002510	ALV13198.1	AAS02894.1
OG0002511	ALV12404.1	AAS02889.1
OG0002512	ALV12405.1	AAS02888.1
OG0002513	ALV12406.1	AAS02887.1
OG0002514	ALV12407.1	AAS02886.1
OG0002515	ALV12408.1	AAS02885.1
OG0002516	ALV12409.1	AAS02884.1
OG0002517	ALV13199.1	AAS02883.1
OG0002518	ALV12410.1	AAS02882.1
OG0002519	ALV12411.1	AAS02881.1
OG0002520	ALV12414.1	AAS02878.1
OG0002521	ALV12416.1	AAS02876.1
OG0002522	ALV12418.1	AAS02873.1
OG0002523	ALV13200.1	AAS02866.1
OG0002524	ALV12428.1	AAS02863.1
OG0002525	ALV12430.1	AAS02861.1
OG0002526	ALV12431.1	AAS02860.1
OG0002527	ALV12432.1	AAS02859.1
OG0002528	ALV12434.1	AAS02857.1
OG0002529	ALV12435.1	AAS03751.1
OG0002530	ALV12436.1	AAS02855.1
OG0002531	ALV12439.1	AAS02853.1
OG0002532	ALV12440.1	AAS02852.1
OG0002533	ALV12443.1	AAS02850.1
OG0002534	ALV12444.1	AAS02849.1
OG0002535	ALV12446.1	AAS02846.1
OG0002536	ALV12448.1	AAS02844.1
OG0002537	ALV13203.1	AAS02842.1
OG0002538	ALV12450.1	AAS02841.1
OG0002539	ALV12451.1	AAS02840.1
OG0002540	ALV12453.1	AAS02838.1
OG0002541	ALV12454.1	AAS02836.1
OG0002542	ALV12455.1	AAS02835.1
OG0002543	ALV12457.1	AAS02833.1
OG0002544	ALV12458.1	AAS02832.1
OG0002545	ALV12459.1	AAS02831.1
OG0002546	ALV12465.1	AAS02825.1
OG0002547	ALV12467.1	AAS02823.1
OG0002548	ALV12468.1	AAS02822.1
OG0002549	ALV13205.1	AAS02821.1
OG0002550	ALV13206.1	AAS02819.1
OG0002551	ALV12470.1	AAS02818.1
OG0002552	ALV12472.1	AAS02817.1
OG0002553	ALV12473.1	AAS02816.1
OG0002554	ALV12477.1	AAS02812.1
OG0002555	ALV12478.1	AAS02809.1
OG0002556	ALV12479.1	AAS02807.1
OG0002557	ALV12481.1	AAS02802.1
OG0002558	ALV12482.1	AAS02801.1
OG0002559	ALV13208.1	AAS02789.1
OG0002562	ALV13210.1	AAS02754.1
OG0002563	ALV12524.1	AAS05708.1
OG0002564	ALV13216.1	AAS02739.1
OG0002566	ALV12537.1	AAS02738.1
OG0002567	ALV12541.1	AAS02736.1
OG0002568	ALV13218.1	AAS02735.1
OG0002569	ALV12542.1	AAS02734.1
OG0002570	ALV12543.1	AAS02733.1
OG0002571	ALV13219.1	AAS02732.1
OG0002572	ALV12544.1	AAS02731.1
OG0002573	ALV12548.1	AAS02726.1
OG0002574	ALV12549.1	AAS02724.1
OG0002575	ALV12567.1	AAS02707.1
OG0002577	ALV12569.1	AAS02680.1
OG0002578	ALV12570.1	AAS02679.1
OG0002579	ALV12571.1	AAS02678.1
OG0002580	ALV12572.1	AAS02677.1
OG0002581	ALV12573.1	AAS02676.1
OG0002582	ALV12574.1	AAS02675.1
OG0002583	ALV12575.1	AAS02674.1
OG0002584	ALV12577.1	AAS02617.1
OG0002585	ALV12579.1	AAS02619.1
OG0002586	ALV12580.1	AAS02620.1
OG0002587	ALV13223.1	AAS02621.1
OG0002588	ALV12581.1	AAS02622.1
OG0002589	ALV12582.1	AAS02623.1
OG0002591	ALV12589.1	AAS02630.1
OG0002593	ALV13224.1	AAS02651.1
OG0002594	ALV12603.1	AAS02761.1
OG0002595	ALV13226.1	AAS02657.1
OG0002596	ALV12606.1	AAS02658.1
OG0002598	ALV12625.1	AAS02593.1
OG0002599	ALV12626.1	AAS02592.1
OG0002600	ALV12627.1	AAS02591.1
OG0002601	ALV12628.1	AAS02590.1
OG0002602	ALV13230.1	AAS02588.1
OG0002604	ALV12631.1	AAS02579.1
OG0002605	ALV12633.1	AAS02577.1
OG0002606	ALV12643.1	AAS02567.1
OG0002607	ALV12656.1	AAS02554.1
OG0002608	ALV12665.1	AAS02541.1
OG0002609	ALV13238.1	AAS02526.1
OG0002610	ALV12684.1	AAS02521.1
OG0002611	ALV12685.1	AAS02520.1
OG0002612	ALV12694.1	AAS02518.1
OG0002613	ALV12695.1	AAS02517.1
OG0002614	ALV13240.1	AAS02516.1
OG0002615	ALV12696.1	AAS02515.1
OG0002616	ALV12702.1	AAS02509.1
OG0002617	ALV12703.1	AAS02508.1
OG0002618	ALV12718.1	AAS02494.1
OG0002619	ALV12719.1	AAS02493.1
OG0002624	ALV12736.1	AAS02484.1
OG0002625	ALV12737.1	AAS02483.1
OG0002626	ALV12740.1	AAS02479.1
OG0002627	ALV12741.1	AAS02478.1
OG0002628	ALV13244.1	AAS02477.1
OG0002629	ALV12742.1	AAS02475.1
OG0002630	ALV12743.1	AAS02474.1
OG0002631	ALV12744.1	AAS06873.1
OG0002632	ALV12748.1	AAS04138.1
OG0002633	ALV12749.1	AAS06548.1
OG0002634	ALV13246.1	AAS06549.1
OG0002635	ALV12750.1	AAS06881.1
OG0002636	ALV12755.1	AAS06888.1
OG0002637	ALV12757.1	AAS06890.1
OG0002638	ALV12766.1	AAS06899.1
OG0002639	ALV13248.1	AAS06900.1
OG0002641	ALV13222.1	AAS02670.1
OG0002646	ALV12426.1	AAS02864.1
OG0002647	ALV13074.1	AAS03145.1
OG0002648	ALV10113.1	AAS03161.1
OG0002649	ALV10198.1	AAS03262.1
OG0002651	ALV12964.1	AAS03657.1
OG0002655	ALV12754.1	AAS06887.1, AAS04074.1
OG0002656	ALV11180.1	AAS04176.1
OG0002657	ALV11194.1	AAS04199.1
OG0002659	ALV11331.1	AAS04386.1
OG0002660	ALV09427.1	AAS06149.1, AAS04721.1
OG0002661	ALV10464.1	AAS04781.1
OG0002663	ALV11754.1	AAS05205.1
OG0002664	ALV12070.1	AAS05734.1
OG0002665	ALV12201.1	AAS05950.1
OG0002727	ALV09575.1	AAS06369.1
OG0002987	ALV10737.1	AAS03634.1
OG0003048	ALV10922.1	AAS03861.1
OG0003066	ALV10997.1	AAS03959.1
OG0003071	ALV11009.1	AAS04387.1
OG0003097	ALV11055.1	AAS04023.1
OG0003263	ALV11715.1	AAS05166.1
OG0003311	ALV11859.1	AAS05274.1
OG0003454	ALV12557.1	AAS02716.1
OG0003501	ALV12765.1	AAS06898.1
OG0003508	ALV12739.1	AAS02481.1
OG0003509	ALV12738.1	AAS02482.1
OG0003511	ALV12699.1	AAS02512.1
OG0003513	ALV13217.1	AAS02737.1
OG0003515	ALV10010.1	AAS02938.1
OG0003519	ALV10111.1	AAS03159.1
OG0003522	ALV09387.1	AAS03252.1
OG0003528	ALV11133.1	AAS04132.1
OG0003529	ALV11134.1	AAS04134.1
OG0003530	ALV13024.1	AAS04246.1
OG0003531	ALV11272.1	AAS04293.1
OG0003535	ALV11484.1	AAS04606.1
OG0003537	ALV10432.1	AAS04824.1
OG0003538	ALV10340.1	AAS04946.1
OG0003539	ALV10324.1	AAS04961.1
OG0003540	ALV11630.1	AAS05042.1
OG0003542	ALV12129.1	AAS05852.1
OG0003543	ALV09388.1	AAS06066.1
OG0003544	ALV11213.1	AAS06129.1
OG0003545	ALV09446.1	AAS06175.1
OG0003546	ALV09447.1	AAS06176.1
OG0003547	ALV09456.1	AAS06186.1
OG0003548	ALV09477.1	AAS06207.1
OG0003549	ALV09524.1	AAS06262.1
OG0003550	ALV09813.1	AAS06627.1
OG0003551	ALV09937.1	AAS06721.1
OG0003745	ALV09418.1	AAS06121.1
