Orthogroup	Mlepra	Mbovis
OG0000002	CAC31610.1	ALV10365.1
OG0000002	CAC29647.1	ALV11900.1
OG0000002	CAC31871.1	ALV11895.1
OG0000002	CAC29643.1	ALV13113.1
OG0000002	CAC31872.1	ALV11894.1
OG0000002	CAC31873.1	ALV11893.1
OG0000002	CAC31870.1	ALV11896.1
OG0000003	CAC30781.1	ALV09513.1
OG0000003	CAC30047.1	ALV10548.1
OG0000005	CAC31615.1	ALV10367.1
OG0000005	CAC29646.1	ALV11901.1
OG0000005	CAC29640.1	ALV11908.1
OG0000005	CAC31874.1	ALV11892.1
OG0000006	CAC29918.1	ALV11165.1
OG0000006	CAC31434.1, CAC31564.1	ALV10896.1, ALV12916.1, ALV10881.1, ALV10883.1, ALV12395.1
OG0000007	CAC31976.1	ALV09713.1
OG0000007	CAC30854.1	ALV09870.1
OG0000008	CAC31570.1	ALV12452.1
OG0000009	CAC31894.1	ALV09694.1, ALV09745.1, ALV10694.1, ALV11373.1, ALV11372.1, ALV09901.1
OG0000014	CAC31893.1	ALV12954.1, ALV12843.1, ALV09695.1
OG0000016	CAC32119.1	ALV09429.1, ALV12413.1, ALV09815.1
OG0000024	CAC30983.1	ALV10975.1
OG0000024	CAC29605.1	ALV12672.1
OG0000024	CAC32187.1	ALV09398.1
OG0000026	CAC31307.1	ALV10141.1
OG0000027	CAC31561.1, CAC31437.1	ALV11378.1, ALV10885.1, ALV10230.1, ALV10376.1
OG0000028	CAC31562.1, CAC31436.1	ALV10884.1, ALV10231.1, ALV10375.1
OG0000029	CAC31475.1	ALV12026.1, ALV10417.1
OG0000032	CAC32121.1	ALV09431.1, ALV09817.1
OG0000033	CAC32122.1	ALV09818.1, ALV09432.1
OG0000035	CAC31611.1	ALV12911.1, ALV12686.1, ALV12688.1
OG0000037	CAC30942.1	ALV09367.1
OG0000037	CAC30955.1	ALV09376.1
OG0000038	CAC30046.1	ALV10547.1
OG0000038	CAC32065.1	ALV09544.1
OG0000043	CAC30706.1	ALV09633.1, ALV11499.1, ALV10521.1, ALV10097.1
OG0000044	CAC31612.1	ALV12687.1, ALV12952.1, ALV10366.1
OG0000048	CAC32125.1	ALV09820.1, ALV12790.1
OG0000049	CAC31016.1	ALV09638.1, ALV10945.1
OG0000050	CAC31864.1	ALV10663.1, ALV10665.1
OG0000053	CAC30606.1	ALV11287.1
OG0000053	CAC30607.1	ALV11288.1
OG0000057	CAC30951.1	ALV09374.1
OG0000058	CAC29889.1	ALV12352.1
OG0000058	CAC29825.1	ALV09685.1
OG0000060	CAC31050.1	ALV10134.1, ALV10132.1
OG0000061	CAC30439.1	ALV11075.1, ALV10362.1
OG0000062	CAC31433.1	ALV10373.1, ALV10610.1, ALV11391.1
OG0000063	CAC31563.1	ALV10374.1, ALV12396.1, ALV10525.1
OG0000065	CAC29966.1	ALV13039.1
OG0000069	CAC32120.1	ALV09430.1, ALV09816.1
OG0000070	CAC32123.1	ALV12834.1, ALV09433.1
OG0000071	CAC32124.1	ALV09819.1, ALV09434.1
OG0000072	CAC32126.1	ALV12835.1, ALV09435.1
OG0000074	CAC32094.1	ALV10623.1, ALV09502.1
OG0000075	CAC31225.1	ALV09518.1, ALV13043.1
OG0000077	CAC29822.1	ALV10264.1, ALV12400.1
OG0000079	CAC30703.1	ALV10517.1
OG0000080	CAC31624.1	ALV10580.1, ALV11497.1
OG0000088	CAC30153.1	ALV12121.1, ALV09340.1
OG0000089	CAC29824.1	ALV09344.1
OG0000090	CAC29823.1	ALV09345.1, ALV09684.1
OG0000091	CAC30908.1	ALV10283.1, ALV09347.1
OG0000092	CAC31685.1, CAC31686.1	ALV09597.1, ALV11184.1
OG0000095	CAC29556.1	ALV09762.1
OG0000096	CAC31793.1	ALV09794.1, ALV10185.1
OG0000099	CAC31153.1	ALV12853.1, ALV12056.1
OG0000100	CAC30305.1	ALV10059.1
OG0000101	CAC31918.1	ALV10261.1
OG0000103	CAC29638.1	ALV11910.1, ALV10662.1
OG0000106	CAC30684.1	ALV11994.1, ALV11047.1
OG0000108	CAC30390.1	ALV13008.1
OG0000110	CAC29637.1	ALV11911.1, ALV11468.1
OG0000113	CAC31417.1	ALV11668.1, ALV11669.1
OG0000114	CAC30649.1	ALV11957.1
OG0000115	CAC29926.1	ALV12312.1
OG0000121	CAC32162.1, CAC29515.1	ALV09286.1
OG0000122	CAC32209.1	ALV09354.1
OG0000124	CAC32063.1	ALV09546.1, ALV11972.1
OG0000125	CAC32062.1	ALV09547.1, ALV11971.1
OG0000126	CAC29787.1	ALV09606.1
OG0000127	CAC29777.1	ALV09653.1
OG0000128	CAC30880.1	ALV09677.1
OG0000130	CAC31154.1	ALV10036.1
OG0000131	CAC31144.1	ALV10136.1
OG0000132	CAC31140.1	ALV10043.1
OG0000137	CAC30761.1	ALV10638.1
OG0000138	CAC30752.1	ALV10649.1
OG0000142	CAC31043.1	ALV12988.1
OG0000149	CAC31419.1	ALV13181.1, ALV11667.1
OG0000152	CAC31866.1	ALV11898.1
OG0000153	CAC29636.1, CAC29633.1	ALV11916.1, ALV11919.1
OG0000154	CAC30622.1	ALV13119.1
OG0000158	CAC30222.1	ALV12237.1, ALV12254.1, ALV12220.1
OG0000159	CAC30220.1	ALV12239.1, ALV12222.1, ALV12256.1
OG0000161	CAC30216.1	ALV12259.1, ALV12242.1, ALV12225.1
OG0000162	CAC30215.1	ALV12260.1, ALV12243.1, ALV12226.1
OG0000163	CAC30212.1	ALV12246.1, ALV12263.1, ALV12229.1
OG0000164	CAC30209.1	ALV12231.1, ALV12265.1, ALV12248.1
OG0000165	CAC31129.1	ALV12250.1, ALV12233.1, ALV12267.1
OG0000166	CAC30208.1	ALV12234.1, ALV12268.1, ALV12251.1
OG0000167	CAC30207.1	ALV12252.1, ALV12235.1, ALV12269.1
OG0000171	CAC30184.1	ALV12301.1, ALV12291.1
OG0000175	CAC29709.1	ALV13214.1
OG0000177	CAC30921.1	ALV12632.1
OG0000179	CAC29616.1	ALV12659.1
OG0000183	CAC29904.1, CAC32224.1	ALV09322.1
OG0000186	CAC32195.1	ALV12779.1
OG0000188	CAC32161.1, CAC29632.1	ALV09426.1
OG0000190	CAC32141.1	ALV09451.1
OG0000197	CAC32013.1	ALV09601.1
OG0000198	CAC32011.1	ALV09603.1
OG0000200	CAC31957.1	ALV12819.1
OG0000201	CAC31950.1	ALV09734.1
OG0000202	CAC31944.1	ALV09740.1
OG0000203	CAC31936.1	ALV09748.1
OG0000204	CAC31214.1	ALV09776.1
OG0000205	CAC31789.1	ALV09790.1
OG0000209	CAC30831.1	ALV09908.1
OG0000210	CAC30793.1	ALV09950.1
OG0000216	CAC31143.1	ALV10040.1
OG0000217	CAC31117.1	ALV10068.1
OG0000218	CAC31116.1	ALV10069.1
OG0000219	CAC31095.1	ALV10088.1
OG0000220	CAC31090.1	ALV10093.1
OG0000221	CAC31079.1	ALV10108.1
OG0000222	CAC31049.1	ALV12872.1
OG0000223	CAC31048.1	ALV10133.1
OG0000226	CAC29763.1	ALV10215.1
OG0000230	CAC31910.1	ALV10267.1
OG0000231	CAC31907.1	ALV10270.1
OG0000232	CAC30462.1	ALV10336.1
OG0000234	CAC30445.1	ALV10355.1
OG0000239	CAC31509.1	ALV10458.1
OG0000240	CAC31514.1	ALV10465.1
OG0000241	CAC31516.1	ALV12929.1
OG0000245	CAC31622.1	ALV10628.1
OG0000246	CAC30755.1	ALV10644.1
OG0000247	CAC30751.1	ALV12948.1
OG0000250	CAC31594.1	ALV10700.1
OG0000251	CAC31607.1	ALV10711.1
OG0000252	CAC31657.1	ALV10729.1
OG0000253	CAC31770.1	ALV12963.1
OG0000256	CAC31746.1	ALV12970.1
OG0000257	CAC31748.1	ALV10813.1
OG0000258	CAC31038.1	ALV10912.1
OG0000260	CAC30986.1	ALV10972.1
OG0000261	CAC30978.1	ALV12990.1
OG0000263	CAC30965.1	ALV10991.1
OG0000265	CAC30374.1	ALV13006.1
OG0000267	CAC31697.1	ALV13013.1
OG0000268	CAC31682.1	ALV13014.1
OG0000269	CAC31209.1, CAC31303.1	ALV11200.1
OG0000272	CAC31263.1	ALV11238.1
OG0000273	CAC31261.1	ALV11240.1
OG0000274	CAC31255.1	ALV11246.1
OG0000275	CAC31241.1	ALV11260.1
OG0000276	CAC30603.1	ALV11284.1
OG0000279	CAC30334.1	ALV11382.1
OG0000280	CAC30128.1	ALV11397.1
OG0000284	CAC31635.1	ALV11485.1
OG0000285	CAC30033.1	ALV11505.1, ALV11543.1
OG0000286	CAC29934.1	ALV11532.1
OG0000287	CAC31571.1	ALV11538.1
OG0000288	CAC30000.1	ALV13073.1
OG0000289	CAC31721.1	ALV11659.1
OG0000290	CAC30714.1	ALV11672.1
OG0000291	CAC31407.1	ALV11681.1
OG0000292	CAC31358.1	ALV11723.1
OG0000293	CAC30513.1	ALV11817.1
OG0000295	CAC31875.1	ALV11890.1
OG0000296	CAC30631.1	ALV11937.1
OG0000297	CAC30632.1	ALV11938.1
OG0000298	CAC30637.1	ALV11942.1
OG0000299	CAC30638.1	ALV11943.1
OG0000300	CAC30645.1	ALV11949.1
OG0000302	CAC30677.1, CAC32015.1	ALV13129.1
OG0000303	CAC30683.1	ALV11991.1
OG0000304	CAC30709.1	ALV12008.1
OG0000305	CAC30178.1	ALV12044.1
OG0000309	CAC30321.1	ALV12136.1
OG0000312	CAC30256.1	ALV12191.1
OG0000313	CAC31795.1	ALV12194.1
OG0000314	CAC30235.1	ALV12204.1
OG0000321	CAC30194.1	ALV12286.1
OG0000324	CAC30920.1	ALV12389.1
OG0000325	CAC31203.1	ALV13197.1
OG0000328	CAC29712.1	ALV12525.1
OG0000329	CAC29706.1	ALV13215.1
OG0000330	CAC31818.1	ALV12558.1
OG0000331	CAC31847.1	ALV12595.1
OG0000333	CAC29610.1	ALV12667.1
OG0000334	CAC29609.1	ALV12668.1
OG0000335	CAC29572.1, CAC31451.1	ALV12717.1
OG0000342	CAC29509.1	ALV09281.1
OG0000343	CAC29510.1	ALV09282.1
OG0000344	CAC29511.1	ALV09283.1
OG0000345	CAC29512.1	ALV09284.1
OG0000346	CAC29513.1	ALV12767.1
OG0000347	CAC29514.1	ALV09285.1
OG0000348	CAC29519.1	ALV09289.1
OG0000349	CAC29521.1	ALV09290.1
OG0000350	CAC29523.1	ALV09292.1
OG0000351	CAC29524.1	ALV09293.1
OG0000352	CAC29525.1	ALV09294.1
OG0000353	CAC29526.1	ALV09295.1
OG0000354	CAC29527.1	ALV09296.1
OG0000355	CAC29528.1	ALV09297.1
OG0000356	CAC29529.1	ALV09298.1
OG0000357	CAC29530.1	ALV09299.1
OG0000359	CAC29536.1	ALV12770.1
OG0000360	CAC29539.1	ALV09316.1
OG0000361	CAC29540.1	ALV09317.1
OG0000362	CAC32228.1	ALV09318.1
OG0000364	CAC32223.1	ALV09323.1
OG0000365	CAC32221.1	ALV09325.1
OG0000366	CAC32220.1	ALV09326.1
OG0000367	CAC32219.1	ALV09327.1
OG0000368	CAC32217.1	ALV09329.1
OG0000369	CAC32216.1	ALV09330.1
OG0000370	CAC32215.1	ALV09331.1
OG0000371	CAC32214.1	ALV09332.1
OG0000372	CAC32212.1	ALV09333.1
OG0000373	CAC32204.1	ALV09343.1
OG0000375	CAC30953.1	ALV09375.1
OG0000377	CAC32203.1	ALV09380.1
OG0000378	CAC32202.1	ALV12777.1
OG0000380	CAC32196.1	ALV12778.1
OG0000381	CAC32193.1	ALV12781.1
OG0000382	CAC32191.1	ALV09394.1
OG0000384	CAC32179.1	ALV09405.1
OG0000387	CAC32172.1	ALV09412.1
OG0000388	CAC32171.1	ALV12784.1
OG0000390	CAC32168.1	ALV09419.1
OG0000391	CAC32167.1	ALV09420.1
OG0000392	CAC32166.1	ALV12787.1
OG0000393	CAC32163.1	ALV12788.1
OG0000394	CAC32127.1	ALV09436.1
OG0000395	CAC32128.1	ALV09437.1
OG0000396	CAC32129.1	ALV09438.1
OG0000397	CAC32130.1	ALV09439.1
OG0000398	CAC32132.1	ALV09441.1
OG0000399	CAC32135.1	ALV09443.1
OG0000400	CAC32136.1	ALV09444.1
OG0000401	CAC32137.1	ALV09445.1
OG0000402	CAC32140.1	ALV09450.1
OG0000403	CAC32149.1	ALV09460.1
OG0000405	CAC32150.1	ALV12794.1
OG0000406	CAC32152.1	ALV09463.1
OG0000407	CAC32153.1	ALV09464.1
OG0000408	CAC32154.1	ALV09465.1
OG0000409	CAC32156.1	ALV09468.1
OG0000410	CAC32159.1	ALV09472.1
OG0000411	CAC32116.1	ALV09480.1
OG0000412	CAC32115.1	ALV09481.1
OG0000413	CAC32114.1	ALV09482.1
OG0000414	CAC32113.1	ALV09483.1
OG0000415	CAC32112.1	ALV09484.1
OG0000416	CAC32105.1	ALV09491.1
OG0000417	CAC32102.1	ALV09493.1
OG0000418	CAC32100.1	ALV09495.1
OG0000419	CAC32099.1	ALV09496.1
OG0000420	CAC32097.1	ALV09499.1
OG0000421	CAC32096.1	ALV09500.1
OG0000422	CAC32095.1	ALV09501.1
OG0000423	CAC32092.1	ALV09503.1
OG0000424	CAC32088.1	ALV09508.1
OG0000425	CAC32081.1	ALV09520.1
OG0000426	CAC32080.1	ALV09521.1
OG0000427	CAC32077.1	ALV09527.1
OG0000430	CAC32068.1	ALV09541.1
OG0000431	CAC32067.1	ALV09542.1
OG0000432	CAC32066.1	ALV09543.1
OG0000433	CAC32061.1	ALV09548.1
OG0000434	CAC32060.1	ALV09549.1
OG0000435	CAC32059.1	ALV09550.1
OG0000436	CAC32058.1	ALV09551.1
OG0000439	CAC32053.1	ALV09566.1
OG0000442	CAC32024.1	ALV09576.1
OG0000444	CAC32020.1	ALV09587.1
OG0000445	CAC32019.1	ALV09589.1
OG0000446	CAC32018.1	ALV09590.1
OG0000447	CAC32012.1	ALV09602.1
OG0000448	CAC32010.1	ALV09604.1
OG0000449	CAC29788.1	ALV09607.1
OG0000450	CAC29789.1	ALV09608.1
OG0000451	CAC29792.1	ALV09610.1
OG0000452	CAC29793.1	ALV09611.1
OG0000453	CAC29795.1	ALV09614.1
OG0000454	CAC32002.1	ALV12805.1
OG0000455	CAC32004.1	ALV09630.1
OG0000456	CAC32006.1	ALV09631.1
OG0000457	CAC32007.1	ALV09632.1
OG0000458	CAC29784.1	ALV09636.1
OG0000459	CAC29783.1	ALV09637.1
OG0000460	CAC29779.1	ALV09647.1
OG0000461	CAC29778.1	ALV09652.1
OG0000462	CAC29812.1	ALV09656.1
OG0000463	CAC29811.1	ALV09657.1
OG0000464	CAC29808.1	ALV09660.1
OG0000465	CAC29807.1	ALV09661.1
OG0000466	CAC29806.1	ALV09662.1
OG0000467	CAC29805.1	ALV09663.1
OG0000469	CAC29803.1	ALV09668.1
OG0000470	CAC29802.1	ALV09669.1
OG0000471	CAC30887.1	ALV09672.1
OG0000472	CAC30884.1	ALV09674.1
OG0000473	CAC30882.1	ALV09675.1
OG0000474	CAC30881.1	ALV09676.1
OG0000476	CAC29818.1	ALV12809.1
OG0000477	CAC29819.1	ALV09682.1
OG0000478	CAC31896.1	ALV09699.1
OG0000479	CAC31903.1	ALV09706.1
OG0000480	CAC31904.1	ALV09707.1
OG0000481	CAC31982.1	ALV09708.1
OG0000482	CAC31980.1	ALV09710.1
OG0000483	CAC31978.1	ALV09712.1
OG0000484	CAC31974.1	ALV09716.1
OG0000485	CAC31971.1	ALV09718.1
OG0000486	CAC31970.1	ALV12815.1
OG0000487	CAC31969.1	ALV09719.1
OG0000488	CAC31968.1	ALV09720.1
OG0000489	CAC31967.1	ALV09721.1
OG0000490	CAC31966.1	ALV09722.1
OG0000492	CAC31964.1	ALV09724.1
OG0000493	CAC31963.1	ALV12816.1
OG0000494	CAC31960.1	ALV12817.1
OG0000495	CAC31959.1	ALV09727.1
OG0000496	CAC31958.1	ALV09728.1
OG0000497	CAC31956.1	ALV12820.1
OG0000498	CAC31952.1	ALV12821.1
OG0000499	CAC31951.1	ALV09733.1
OG0000500	CAC31949.1	ALV09735.1
OG0000501	CAC31947.1	ALV09737.1
OG0000502	CAC31946.1	ALV09738.1
OG0000503	CAC31943.1	ALV09741.1
OG0000504	CAC31942.1	ALV09742.1
OG0000505	CAC31941.1	ALV09743.1
OG0000506	CAC31940.1	ALV12822.1
OG0000507	CAC31938.1	ALV09747.1
OG0000508	CAC31937.1	ALV12823.1
OG0000509	CAC31935.1	ALV12824.1
OG0000510	CAC31930.1	ALV09758.1
OG0000511	CAC31929.1	ALV09759.1
OG0000512	CAC31928.1	ALV12827.1
OG0000513	CAC31927.1	ALV09760.1
OG0000514	CAC31926.1	ALV12828.1
OG0000515	CAC31925.1	ALV09761.1
OG0000516	CAC31923.1	ALV09764.1
OG0000517	CAC31922.1	ALV09767.1
OG0000518	CAC31213.1	ALV09775.1
OG0000519	CAC31215.1	ALV09777.1
OG0000520	CAC31216.1	ALV09778.1
OG0000521	CAC31217.1	ALV09779.1
OG0000523	CAC31219.1	ALV09781.1
OG0000524	CAC31784.1	ALV12829.1
OG0000525	CAC31785.1	ALV09786.1
OG0000526	CAC31786.1	ALV09787.1
OG0000527	CAC31787.1	ALV09788.1
OG0000528	CAC31790.1	ALV09791.1
OG0000529	CAC31792.1	ALV09793.1
OG0000530	CAC31794.1	ALV09795.1
OG0000531	CAC30867.1	ALV09857.1
OG0000532	CAC30866.1	ALV09858.1
OG0000533	CAC30865.1	ALV09859.1
OG0000534	CAC30864.1	ALV09860.1
OG0000535	CAC30863.1	ALV09861.1
OG0000536	CAC30862.1	ALV09862.1
OG0000537	CAC30861.1	ALV09863.1
OG0000538	CAC30860.1	ALV09864.1
OG0000539	CAC30859.1	ALV09865.1
OG0000540	CAC30858.1	ALV09866.1
OG0000541	CAC30857.1	ALV09867.1
OG0000542	CAC30853.1	ALV09871.1
OG0000543	CAC30852.1	ALV09872.1
OG0000544	CAC30850.1	ALV09875.1
OG0000545	CAC30849.1	ALV09876.1
OG0000546	CAC30846.1	ALV09879.1
OG0000547	CAC30845.1	ALV09892.1
OG0000548	CAC30844.1	ALV09893.1
OG0000549	CAC30843.1	ALV09895.1
OG0000550	CAC30834.1	ALV09906.1
OG0000551	CAC30833.1	ALV09907.1
OG0000552	CAC30832.1	ALV12844.1
OG0000553	CAC30818.1	ALV09926.1
OG0000554	CAC30817.1	ALV09927.1
OG0000555	CAC30816.1	ALV09928.1
OG0000556	CAC30815.1	ALV09929.1
OG0000557	CAC30814.1	ALV09930.1
OG0000558	CAC30813.1	ALV09931.1
OG0000559	CAC30812.1	ALV09932.1
OG0000560	CAC30811.1	ALV09933.1
OG0000561	CAC30810.1	ALV09934.1
OG0000562	CAC30809.1	ALV09935.1
OG0000563	CAC30808.1	ALV09936.1
OG0000565	CAC30803.1	ALV09940.1
OG0000566	CAC30802.1	ALV09941.1
OG0000567	CAC30801.1	ALV09942.1
OG0000568	CAC30800.1	ALV09943.1
OG0000569	CAC30799.1	ALV09944.1
OG0000570	CAC30798.1	ALV09945.1
OG0000571	CAC30797.1	ALV09946.1
OG0000572	CAC30796.1	ALV09947.1
OG0000573	CAC30795.1	ALV09948.1
OG0000574	CAC30794.1	ALV09949.1
OG0000575	CAC30789.1	ALV09955.1
OG0000576	CAC30787.1	ALV09957.1
OG0000577	CAC30786.1	ALV09958.1
OG0000578	CAC30785.1	ALV09959.1
OG0000580	CAC31193.1	ALV09984.1
OG0000585	CAC31191.1	ALV09996.1
OG0000586	CAC31186.1	ALV10001.1
OG0000587	CAC31183.1	ALV10004.1
OG0000588	CAC31182.1	ALV10005.1
OG0000589	CAC31175.1	ALV10013.1
OG0000590	CAC31174.1	ALV10014.1
OG0000591	CAC31168.1	ALV10023.1
OG0000592	CAC31166.1	ALV10026.1
OG0000593	CAC31165.1	ALV10028.1
OG0000594	CAC31162.1	ALV10030.1
OG0000595	CAC31161.1	ALV12852.1
OG0000596	CAC31160.1	ALV10031.1
OG0000597	CAC31159.1	ALV10032.1
OG0000598	CAC31158.1	ALV10033.1
OG0000599	CAC31155.1	ALV10035.1
OG0000600	CAC31151.1	ALV10037.1
OG0000601	CAC31150.1	ALV10038.1
OG0000602	CAC31148.1	ALV10039.1
OG0000603	CAC31141.1	ALV10042.1
OG0000607	CAC31122.1	ALV10064.1
OG0000609	CAC31112.1	ALV10070.1
OG0000610	CAC31111.1	ALV10071.1
OG0000611	CAC31110.1	ALV12864.1
OG0000612	CAC31106.1	ALV10075.1
OG0000613	CAC31102.1	ALV10079.1
OG0000614	CAC31099.1	ALV10083.1
OG0000615	CAC31098.1	ALV10084.1
OG0000616	CAC31097.1	ALV10085.1
OG0000617	CAC31096.1	ALV10087.1
OG0000618	CAC31092.1	ALV10091.1
OG0000619	CAC31091.1	ALV10092.1
OG0000620	CAC31089.1	ALV10094.1
OG0000621	CAC31085.1	ALV10102.1
OG0000622	CAC31078.1	ALV12868.1
OG0000623	CAC31073.1	ALV10110.1
OG0000624	CAC31068.1	ALV10114.1
OG0000625	CAC31066.1	ALV12870.1
OG0000626	CAC31053.1	ALV12871.1
OG0000630	CAC29658.1	ALV10144.1
OG0000631	CAC29659.1	ALV10146.1
OG0000632	CAC29661.1	ALV10147.1
OG0000633	CAC29662.1	ALV10148.1
OG0000634	CAC29663.1	ALV10149.1
OG0000635	CAC29664.1	ALV10150.1
OG0000636	CAC29666.1	ALV10151.1
OG0000637	CAC29667.1	ALV10152.1
OG0000638	CAC29668.1	ALV10153.1
OG0000639	CAC29669.1	ALV10154.1
OG0000640	CAC29677.1	ALV10163.1
OG0000641	CAC30952.1	ALV10167.1
OG0000642	CAC29681.1	ALV10176.1
OG0000643	CAC29682.1	ALV12882.1
OG0000644	CAC29683.1	ALV10178.1
OG0000645	CAC29684.1	ALV10179.1
OG0000646	CAC29685.1	ALV10180.1
OG0000647	CAC29686.1	ALV10181.1
OG0000649	CAC29688.1	ALV12883.1
OG0000650	CAC29689.1	ALV12884.1
OG0000651	CAC29690.1	ALV10187.1
OG0000652	CAC29691.1	ALV10188.1
OG0000653	CAC29692.1	ALV10189.1
OG0000654	CAC29693.1	ALV10190.1
OG0000655	CAC29695.1	ALV12885.1
OG0000656	CAC29700.1	ALV12887.1
OG0000657	CAC29701.1	ALV10196.1
OG0000659	CAC29746.1	ALV10200.1
OG0000660	CAC29747.1	ALV10201.1
OG0000661	CAC29748.1	ALV10202.1
OG0000662	CAC29749.1	ALV10203.1
OG0000663	CAC29750.1	ALV10204.1
OG0000664	CAC29751.1	ALV10206.1
OG0000665	CAC29752.1	ALV10207.1
OG0000666	CAC29753.1	ALV10208.1
OG0000667	CAC29754.1	ALV10209.1
OG0000668	CAC29756.1	ALV10210.1
OG0000669	CAC29757.1	ALV12888.1
OG0000670	CAC29760.1	ALV10212.1
OG0000671	CAC29764.1	ALV10216.1
OG0000672	CAC29765.1	ALV10217.1
OG0000673	CAC29766.1	ALV10218.1
OG0000674	CAC31917.1	ALV10262.1
OG0000675	CAC31916.1	ALV10263.1
OG0000676	CAC31911.1	ALV10266.1
OG0000677	CAC31909.1	ALV10268.1
OG0000678	CAC31908.1	ALV10269.1
OG0000679	CAC31906.1	ALV10271.1
OG0000680	CAC31984.1	ALV10273.1
OG0000682	CAC30909.1	ALV10282.1
OG0000683	CAC30907.1	ALV10284.1
OG0000684	CAC30906.1	ALV10285.1
OG0000685	CAC30905.1	ALV10286.1
OG0000686	CAC30902.1	ALV10288.1
OG0000687	CAC30901.1	ALV10289.1
OG0000688	CAC30900.1	ALV12900.1
OG0000689	CAC30897.1	ALV10295.1
OG0000690	CAC30896.1	ALV10296.1
OG0000691	CAC30895.1	ALV10297.1
OG0000692	CAC30894.1	ALV10298.1
OG0000693	CAC30893.1	ALV10299.1
OG0000694	CAC30892.1	ALV10300.1
OG0000695	CAC30891.1	ALV10301.1
OG0000697	CAC31336.1	ALV10315.1
OG0000699	CAC31342.1	ALV12905.1
OG0000703	CAC30459.1	ALV10339.1
OG0000704	CAC30457.1	ALV10342.1
OG0000705	CAC30456.1	ALV10343.1
OG0000706	CAC30455.1	ALV10344.1
OG0000707	CAC30454.1	ALV10345.1
OG0000709	CAC30448.1	ALV10351.1
OG0000710	CAC30447.1	ALV12909.1
OG0000711	CAC30444.1	ALV10356.1
OG0000712	CAC30442.1	ALV10358.1
OG0000713	CAC30438.1	ALV10363.1
OG0000714	CAC31613.1	ALV12912.1
OG0000715	CAC31432.1	ALV10372.1
OG0000716	CAC31439.1	ALV10378.1
OG0000717	CAC31440.1	ALV10379.1
OG0000718	CAC31442.1	ALV10382.1
OG0000719	CAC31444.1	ALV10385.1
OG0000720	CAC31445.1	ALV10386.1
OG0000721	CAC31446.1	ALV10387.1
OG0000722	CAC31447.1	ALV10388.1
OG0000723	CAC31450.1	ALV10391.1
OG0000724	CAC31456.1	ALV12918.1
OG0000725	CAC31457.1	ALV10398.1
OG0000726	CAC31458.1	ALV12919.1
OG0000727	CAC31459.1	ALV12920.1
OG0000728	CAC31460.1	ALV10399.1
OG0000729	CAC31461.1	ALV10403.1
OG0000732	CAC31467.1	ALV10409.1
OG0000733	CAC31468.1	ALV12922.1
OG0000734	CAC31469.1	ALV12923.1
OG0000735	CAC31470.1	ALV10410.1
OG0000736	CAC31471.1	ALV10411.1
OG0000737	CAC31472.1	ALV10412.1
OG0000738	CAC31474.1	ALV10416.1
OG0000739	CAC31476.1	ALV10420.1
OG0000740	CAC31477.1	ALV10421.1
OG0000741	CAC31479.1	ALV10423.1
OG0000742	CAC31480.1	ALV10424.1
OG0000743	CAC31482.1	ALV10426.1
OG0000745	CAC31486.1	ALV10429.1
OG0000747	CAC31494.1	ALV10439.1
OG0000748	CAC31495.1	ALV10440.1
OG0000749	CAC31496.1	ALV12926.1
OG0000750	CAC31497.1	ALV10441.1
OG0000751	CAC31498.1	ALV10442.1
OG0000752	CAC31500.1	ALV10443.1
OG0000753	CAC31501.1	ALV10444.1
OG0000755	CAC31502.1	ALV10445.1
OG0000756	CAC31503.1	ALV10446.1
OG0000757	CAC31504.1	ALV10447.1
OG0000758	CAC31505.1	ALV10448.1
OG0000760	CAC31508.1	ALV10457.1
OG0000761	CAC31510.1	ALV10459.1
OG0000762	CAC31511.1	ALV10460.1
OG0000763	CAC31512.1	ALV10462.1
OG0000764	CAC31515.1	ALV10466.1
OG0000765	CAC31517.1	ALV10467.1
OG0000766	CAC31518.1	ALV12930.1
OG0000767	CAC31519.1	ALV10468.1
OG0000768	CAC31520.1	ALV10469.1
OG0000769	CAC31521.1	ALV10470.1
OG0000770	CAC31522.1	ALV10471.1
OG0000771	CAC31523.1	ALV10472.1
OG0000772	CAC31524.1	ALV10473.1
OG0000773	CAC31525.1	ALV10474.1
OG0000774	CAC31526.1	ALV10475.1
OG0000775	CAC31527.1	ALV10476.1
OG0000776	CAC31528.1	ALV10477.1
OG0000777	CAC31530.1	ALV10478.1
OG0000778	CAC31531.1	ALV10479.1
OG0000779	CAC31532.1	ALV10480.1
OG0000780	CAC31536.1	ALV10485.1
OG0000781	CAC31538.1	ALV10487.1
OG0000782	CAC31539.1	ALV10488.1
OG0000783	CAC31540.1	ALV10489.1
OG0000784	CAC31546.1	ALV10495.1
OG0000785	CAC31547.1	ALV10496.1
OG0000786	CAC31548.1	ALV10497.1
OG0000787	CAC31552.1	ALV10501.1
OG0000788	CAC31553.1	ALV10502.1
OG0000789	CAC31554.1	ALV10503.1
OG0000790	CAC31555.1	ALV10504.1
OG0000791	CAC31556.1	ALV12933.1
OG0000792	CAC31557.1	ALV10505.1
OG0000793	CAC31558.1	ALV10506.1
OG0000797	CAC30704.1	ALV10518.1
OG0000799	CAC30040.1	ALV10541.1
OG0000800	CAC30041.1	ALV10542.1
OG0000801	CAC30043.1	ALV10544.1
OG0000802	CAC30044.1	ALV10545.1
OG0000803	CAC30045.1	ALV10546.1
OG0000804	CAC30048.1	ALV10550.1
OG0000805	CAC30049.1	ALV10551.1
OG0000806	CAC30050.1	ALV10552.1
OG0000807	CAC30051.1	ALV12935.1
OG0000808	CAC30052.1	ALV12936.1
OG0000809	CAC30056.1	ALV12939.1
OG0000810	CAC30058.1	ALV12940.1
OG0000811	CAC30059.1	ALV10561.1
OG0000812	CAC30060.1	ALV10562.1
OG0000813	CAC30062.1	ALV10564.1
OG0000814	CAC30063.1	ALV10565.1
OG0000815	CAC30064.1	ALV12941.1
OG0000816	CAC30065.1	ALV12942.1
OG0000817	CAC30066.1	ALV10566.1
OG0000818	CAC30067.1	ALV10569.1
OG0000819	CAC30068.1	ALV10570.1
OG0000820	CAC30069.1	ALV10571.1
OG0000821	CAC30070.1	ALV10574.1
OG0000822	CAC30071.1	ALV10575.1
OG0000823	CAC30072.1	ALV10576.1
OG0000824	CAC30073.1	ALV10577.1
OG0000827	CAC30077.1	ALV10587.1
OG0000828	CAC30078.1	ALV10590.1
OG0000829	CAC30079.1	ALV10591.1
OG0000830	CAC30080.1	ALV10592.1
OG0000831	CAC30085.1	ALV10595.1
OG0000833	CAC30087.1	ALV10601.1
OG0000834	CAC30088.1	ALV10602.1
OG0000835	CAC30090.1	ALV10604.1
OG0000836	CAC30091.1	ALV10605.1
OG0000837	CAC30092.1	ALV10608.1
OG0000838	CAC30095.1	ALV10612.1
OG0000839	CAC30097.1	ALV10613.1
OG0000840	CAC30098.1	ALV10614.1
OG0000841	CAC30099.1	ALV10615.1
OG0000842	CAC30100.1	ALV10616.1
OG0000843	CAC30101.1	ALV10617.1
OG0000844	CAC30102.1	ALV10618.1
OG0000845	CAC30103.1	ALV10619.1
OG0000846	CAC30104.1	ALV10620.1
OG0000847	CAC30105.1	ALV10621.1
OG0000848	CAC30106.1	ALV10622.1
OG0000849	CAC30771.1	ALV10627.1
OG0000850	CAC30769.1	ALV10629.1
OG0000852	CAC30767.1	ALV10632.1
OG0000853	CAC30766.1	ALV10633.1
OG0000854	CAC30765.1	ALV10634.1
OG0000855	CAC30764.1	ALV10635.1
OG0000856	CAC30763.1	ALV10636.1
OG0000857	CAC30762.1	ALV10637.1
OG0000858	CAC30760.1	ALV10640.1
OG0000859	CAC30759.1	ALV10641.1
OG0000860	CAC30758.1	ALV10642.1
OG0000861	CAC30757.1	ALV12945.1
OG0000862	CAC30756.1	ALV10643.1
OG0000863	CAC30753.1	ALV12946.1
OG0000866	CAC31576.1	ALV10675.1
OG0000868	CAC31579.1	ALV10677.1
OG0000869	CAC31580.1	ALV10678.1
OG0000870	CAC31581.1	ALV10679.1
OG0000873	CAC31588.1	ALV10686.1
OG0000876	CAC31590.1	ALV10696.1
OG0000878	CAC31595.1	ALV10701.1
OG0000879	CAC31597.1	ALV10702.1
OG0000880	CAC31598.1	ALV10703.1
OG0000881	CAC31599.1	ALV10704.1
OG0000882	CAC31601.1	ALV12958.1
OG0000883	CAC31602.1	ALV10706.1
OG0000884	CAC31603.1	ALV10707.1
OG0000886	CAC31605.1	ALV10709.1
OG0000887	CAC31606.1	ALV10710.1
OG0000888	CAC31608.1	ALV12959.1
OG0000889	CAC31638.1	ALV10714.1
OG0000890	CAC31639.1	ALV10715.1
OG0000891	CAC31640.1	ALV10716.1
OG0000892	CAC31641.1	ALV10717.1
OG0000893	CAC31642.1	ALV12960.1
OG0000895	CAC31644.1	ALV10719.1
OG0000896	CAC31645.1	ALV10720.1
OG0000897	CAC31648.1	ALV10721.1
OG0000898	CAC31650.1	ALV12961.1
OG0000899	CAC31651.1	ALV10723.1
OG0000900	CAC31652.1	ALV10724.1
OG0000901	CAC31653.1	ALV10725.1
OG0000902	CAC31654.1	ALV10726.1
OG0000903	CAC31655.1	ALV10727.1
OG0000904	CAC31658.1	ALV10730.1
OG0000905	CAC31659.1	ALV10731.1
OG0000906	CAC31857.1	ALV10738.1
OG0000907	CAC31667.1	ALV10739.1
OG0000909	CAC31762.1	ALV10742.1
OG0000910	CAC31763.1	ALV10743.1
OG0000911	CAC31764.1	ALV10744.1
OG0000912	CAC31768.1	ALV12962.1
OG0000913	CAC31771.1	ALV10747.1
OG0000914	CAC31773.1	ALV12965.1
OG0000915	CAC31774.1	ALV10750.1
OG0000916	CAC31775.1	ALV10751.1
OG0000917	CAC31776.1	ALV10752.1
OG0000918	CAC31777.1	ALV10753.1
OG0000919	CAC31778.1	ALV10754.1
OG0000920	CAC31780.1	ALV10757.1
OG0000922	CAC30352.1	ALV10759.1
OG0000923	CAC30353.1	ALV10760.1
OG0000924	CAC30357.1	ALV10762.1
OG0000925	CAC30358.1	ALV10763.1
OG0000926	CAC30359.1	ALV10764.1
OG0000927	CAC30360.1	ALV10765.1
OG0000928	CAC30361.1	ALV10766.1
OG0000929	CAC30362.1	ALV10767.1
OG0000930	CAC30363.1	ALV10768.1
OG0000931	CAC30364.1	ALV10769.1
OG0000932	CAC31727.1	ALV12968.1
OG0000933	CAC31728.1	ALV10790.1
OG0000936	CAC31732.1	ALV10794.1
OG0000937	CAC31733.1	ALV10795.1
OG0000938	CAC31738.1	ALV10798.1
OG0000939	CAC31739.1	ALV10799.1
OG0000940	CAC31740.1	ALV10800.1
OG0000941	CAC31741.1	ALV10801.1
OG0000942	CAC31742.1	ALV10802.1
OG0000943	CAC31743.1	ALV10803.1
OG0000944	CAC31744.1	ALV10804.1
OG0000946	CAC31749.1	ALV10814.1
OG0000947	CAC31750.1	ALV10815.1
OG0000948	CAC31751.1	ALV10816.1
OG0000949	CAC31752.1	ALV10817.1
OG0000950	CAC31753.1	ALV10818.1
OG0000953	CAC31761.1	ALV10876.1
OG0000954	CAC30495.1	ALV10877.1
OG0000955	CAC30494.1	ALV10878.1
OG0000956	CAC30491.1	ALV10886.1
OG0000957	CAC30490.1	ALV10887.1
OG0000958	CAC30489.1	ALV10888.1
OG0000959	CAC30488.1	ALV10889.1
OG0000960	CAC30487.1	ALV10890.1
OG0000965	CAC31039.1	ALV10911.1
OG0000966	CAC31037.1	ALV10913.1
OG0000967	CAC31036.1	ALV10914.1
OG0000968	CAC31032.1	ALV10917.1
OG0000969	CAC31031.1	ALV10918.1
OG0000970	CAC31030.1	ALV10919.1
OG0000971	CAC31029.1	ALV10920.1
OG0000972	CAC31028.1	ALV10921.1
OG0000973	CAC31027.1	ALV10923.1
OG0000974	CAC31025.1	ALV10927.1
OG0000975	CAC31024.1	ALV10928.1
OG0000976	CAC31021.1	ALV10935.1
OG0000977	CAC31019.1	ALV10936.1
OG0000978	CAC31018.1	ALV10937.1
OG0000979	CAC31014.1	ALV10947.1
OG0000980	CAC31010.1	ALV10951.1
OG0000981	CAC31009.1	ALV10952.1
OG0000982	CAC31008.1	ALV10953.1
OG0000985	CAC31003.1	ALV10962.1
OG0000986	CAC31001.1	ALV10963.1
OG0000987	CAC30993.1	ALV12986.1
OG0000989	CAC30985.1	ALV10973.1
OG0000991	CAC30975.1	ALV10983.1
OG0000992	CAC30970.1	ALV10988.1
OG0000993	CAC30967.1	ALV10989.1
OG0000994	CAC30966.1	ALV10990.1
OG0000995	CAC30940.1	ALV10999.1
OG0000996	CAC30938.1	ALV11001.1
OG0000999	CAC30375.1	ALV11104.1
OG0001000	CAC30376.1	ALV11105.1
OG0001001	CAC30377.1	ALV11106.1
OG0001002	CAC30378.1	ALV11107.1
OG0001003	CAC30389.1	ALV11115.1
OG0001005	CAC30394.1	ALV11118.1
OG0001007	CAC30396.1	ALV11123.1
OG0001008	CAC30398.1	ALV11132.1
OG0001009	CAC31715.1	ALV11152.1
OG0001010	CAC31714.1	ALV11153.1
OG0001011	CAC31713.1	ALV11154.1
OG0001012	CAC31712.1	ALV13011.1
OG0001013	CAC31711.1	ALV11155.1
OG0001014	CAC31710.1	ALV11156.1
OG0001015	CAC31709.1	ALV11157.1
OG0001017	CAC31704.1	ALV11167.1
OG0001018	CAC31703.1	ALV11168.1
OG0001019	CAC31702.1	ALV13012.1
OG0001020	CAC31701.1	ALV11169.1
OG0001021	CAC31696.1	ALV11172.1
OG0001022	CAC31695.1	ALV11173.1
OG0001023	CAC31694.1	ALV11174.1
OG0001024	CAC31693.1	ALV11175.1
OG0001025	CAC31691.1	ALV11177.1
OG0001026	CAC31690.1	ALV11178.1
OG0001027	CAC31687.1	ALV11181.1
OG0001028	CAC31683.1	ALV11187.1
OG0001029	CAC31681.1	ALV11189.1
OG0001030	CAC31680.1	ALV11190.1
OG0001031	CAC31679.1	ALV11191.1
OG0001032	CAC31678.1	ALV13015.1
OG0001033	CAC31674.1	ALV11195.1
OG0001034	CAC31670.1	ALV11196.1
OG0001035	CAC31669.1	ALV13016.1
OG0001036	CAC31304.1	ALV11199.1
OG0001037	CAC31302.1	ALV11201.1
OG0001038	CAC31301.1	ALV11202.1
OG0001039	CAC31300.1	ALV11203.1
OG0001040	CAC31299.1	ALV11204.1
OG0001041	CAC31298.1	ALV11205.1
OG0001042	CAC31296.1	ALV11207.1
OG0001043	CAC31295.1	ALV11208.1
OG0001044	CAC31293.1	ALV13018.1
OG0001045	CAC31292.1	ALV11209.1
OG0001046	CAC31291.1	ALV11210.1
OG0001047	CAC31290.1	ALV11211.1
OG0001048	CAC31289.1	ALV11216.1
OG0001049	CAC31288.1	ALV11217.1
OG0001050	CAC31287.1	ALV13019.1
OG0001051	CAC31286.1	ALV11218.1
OG0001052	CAC31285.1	ALV11219.1
OG0001053	CAC31284.1	ALV11220.1
OG0001054	CAC31283.1	ALV13020.1
OG0001055	CAC31282.1	ALV11221.1
OG0001056	CAC31279.1	ALV11223.1
OG0001057	CAC31278.1	ALV11224.1
OG0001058	CAC31277.1	ALV11226.1
OG0001059	CAC31276.1	ALV11227.1
OG0001060	CAC31274.1	ALV11229.1
OG0001061	CAC31273.1	ALV11230.1
OG0001062	CAC31272.1	ALV13021.1
OG0001063	CAC31271.1	ALV11231.1
OG0001064	CAC31270.1	ALV11232.1
OG0001065	CAC31269.1	ALV11233.1
OG0001066	CAC31267.1	ALV11234.1
OG0001067	CAC31266.1	ALV11235.1
OG0001068	CAC31262.1	ALV11239.1
OG0001069	CAC31260.1	ALV11241.1
OG0001070	CAC31259.1	ALV11242.1
OG0001071	CAC31258.1	ALV11243.1
OG0001072	CAC31257.1	ALV11244.1
OG0001073	CAC31256.1	ALV11245.1
OG0001074	CAC31254.1	ALV11247.1
OG0001075	CAC31253.1	ALV11248.1
OG0001076	CAC31252.1	ALV11249.1
OG0001077	CAC31250.1	ALV11251.1
OG0001078	CAC31249.1	ALV11252.1
OG0001079	CAC31247.1	ALV11255.1
OG0001080	CAC31246.1	ALV11256.1
OG0001081	CAC31245.1	ALV11258.1
OG0001082	CAC31243.1	ALV13026.1
OG0001083	CAC31242.1	ALV11259.1
OG0001084	CAC31240.1	ALV11261.1
OG0001085	CAC31239.1	ALV11262.1
OG0001086	CAC31238.1	ALV11263.1
OG0001087	CAC31306.1	ALV11265.1
OG0001088	CAC30581.1	ALV11266.1
OG0001089	CAC30582.1	ALV11267.1
OG0001090	CAC30583.1	ALV13027.1
OG0001091	CAC30584.1	ALV11268.1
OG0001092	CAC30586.1	ALV11270.1
OG0001093	CAC30588.1	ALV11273.1
OG0001094	CAC30589.1	ALV11274.1
OG0001095	CAC30590.1	ALV11275.1
OG0001096	CAC30595.1	ALV11279.1
OG0001097	CAC30600.1	ALV13031.1
OG0001098	CAC30602.1	ALV11283.1
OG0001099	CAC30604.1	ALV11285.1
OG0001100	CAC30605.1	ALV11286.1
OG0001101	CAC30608.1	ALV11289.1
OG0001102	CAC30735.1	ALV11297.1
OG0001103	CAC30736.1	ALV11298.1
OG0001104	CAC30737.1	ALV11299.1
OG0001107	CAC30747.1	ALV11329.1
OG0001108	CAC30721.1	ALV11351.1
OG0001109	CAC30722.1	ALV11352.1
OG0001110	CAC30723.1	ALV11353.1
OG0001111	CAC31230.1	ALV11360.1
OG0001112	CAC31229.1	ALV13042.1
OG0001113	CAC30349.1	ALV11369.1
OG0001114	CAC30348.1	ALV11370.1
OG0001115	CAC30344.1	ALV13047.1
OG0001116	CAC30343.1	ALV11375.1
OG0001117	CAC30341.1	ALV11376.1
OG0001118	CAC30336.1	ALV11380.1
OG0001119	CAC30335.1	ALV11381.1
OG0001120	CAC30142.1	ALV11384.1
OG0001121	CAC30141.1	ALV11385.1
OG0001122	CAC30139.1	ALV13048.1
OG0001123	CAC30136.1	ALV11389.1
OG0001124	CAC30135.1	ALV11390.1
OG0001125	CAC30134.1	ALV11393.1
OG0001126	CAC30133.1	ALV11394.1
OG0001127	CAC30132.1	ALV11395.1
OG0001132	CAC30123.1	ALV11422.1
OG0001133	CAC30122.1	ALV11424.1
OG0001135	CAC30119.1	ALV11427.1
OG0001136	CAC30115.1	ALV11431.1
OG0001137	CAC30114.1	ALV11432.1
OG0001138	CAC30113.1	ALV11433.1
OG0001139	CAC30112.1	ALV11434.1
OG0001140	CAC30111.1	ALV11435.1
OG0001141	CAC30402.1	ALV11441.1
OG0001142	CAC30403.1	ALV11442.1
OG0001143	CAC30404.1	ALV11443.1
OG0001144	CAC30408.1	ALV11449.1
OG0001145	CAC30997.1	ALV11451.1
OG0001148	CAC30413.1	ALV13056.1
OG0001149	CAC30414.1	ALV11460.1
OG0001150	CAC30415.1	ALV11461.1
OG0001151	CAC30416.1	ALV11462.1
OG0001152	CAC30417.1	ALV13057.1
OG0001153	CAC30418.1	ALV11464.1
OG0001154	CAC30419.1	ALV13058.1
OG0001155	CAC30420.1	ALV11465.1
OG0001156	CAC30421.1	ALV11466.1
OG0001157	CAC30422.1	ALV11467.1
OG0001158	CAC30427.1	ALV11474.1
OG0001159	CAC30428.1	ALV11475.1
OG0001160	CAC30429.1	ALV11476.1
OG0001161	CAC30430.1	ALV11477.1
OG0001162	CAC30431.1	ALV11478.1
OG0001163	CAC30434.1	ALV13062.1
OG0001164	CAC30435.1	ALV11481.1
OG0001165	CAC30436.1	ALV11482.1
OG0001166	CAC31636.1	ALV11483.1
OG0001167	CAC31634.1	ALV13063.1
OG0001168	CAC31630.1	ALV11490.1
OG0001169	CAC31629.1	ALV11491.1
OG0001170	CAC31627.1	ALV11494.1
OG0001171	CAC31626.1	ALV11495.1
OG0001172	CAC31625.1	ALV11496.1
OG0001176	CAC29939.1	ALV11519.1
OG0001177	CAC29938.1	ALV11520.1
OG0001178	CAC29937.1	ALV11521.1
OG0001179	CAC29935.1	ALV11523.1
OG0001180	CAC29933.1	ALV11534.1
OG0001181	CAC29932.1	ALV11535.1
OG0001182	CAC31574.1	ALV13067.1
OG0001183	CAC31573.1	ALV11536.1
OG0001184	CAC31572.1	ALV11537.1
OG0001185	CAC30032.1	ALV11544.1
OG0001186	CAC30031.1	ALV11546.1
OG0001187	CAC30030.1	ALV11547.1
OG0001188	CAC30029.1	ALV11548.1
OG0001189	CAC30028.1	ALV11549.1
OG0001190	CAC30027.1	ALV11550.1
OG0001191	CAC30026.1	ALV11551.1
OG0001192	CAC30025.1	ALV11552.1
OG0001193	CAC30024.1	ALV13069.1
OG0001194	CAC30023.1	ALV11565.1
OG0001195	CAC30022.1	ALV11566.1
OG0001196	CAC30021.1	ALV11567.1
OG0001197	CAC30020.1	ALV11568.1
OG0001198	CAC30018.1	ALV11572.1
OG0001200	CAC32211.1	ALV11577.1
OG0001201	CAC30016.1	ALV11579.1
OG0001203	CAC30009.1	ALV11582.1
OG0001206	CAC30002.1	ALV11589.1
OG0001207	CAC30001.1	ALV11590.1
OG0001208	CAC29999.1	ALV11591.1
OG0001209	CAC29997.1	ALV11593.1
OG0001210	CAC29996.1	ALV11594.1
OG0001211	CAC29995.1	ALV11595.1
OG0001212	CAC29994.1	ALV11596.1
OG0001213	CAC29993.1	ALV11597.1
OG0001214	CAC29992.1	ALV11598.1
OG0001215	CAC29991.1	ALV11600.1
OG0001216	CAC29990.1	ALV11601.1
OG0001217	CAC29989.1	ALV11602.1
OG0001218	CAC29983.1	ALV11611.1
OG0001219	CAC29982.1	ALV11612.1
OG0001221	CAC29958.1	ALV11614.1
OG0001222	CAC29959.1	ALV11616.1
OG0001223	CAC29960.1	ALV11617.1
OG0001224	CAC29961.1	ALV11618.1
OG0001225	CAC29962.1	ALV11619.1
OG0001226	CAC29963.1	ALV11620.1
OG0001227	CAC29964.1	ALV11621.1
OG0001228	CAC29975.1	ALV11644.1
OG0001229	CAC31720.1	ALV13079.1
OG0001230	CAC31719.1	ALV11660.1
OG0001231	CAC31426.1	ALV11663.1
OG0001232	CAC31425.1	ALV11664.1
OG0001233	CAC31424.1	ALV13080.1
OG0001234	CAC31422.1	ALV13081.1
OG0001235	CAC31421.1	ALV11666.1
OG0001236	CAC31418.1	ALV13082.1
OG0001237	CAC31411.1	ALV11677.1
OG0001238	CAC31410.1	ALV11678.1
OG0001239	CAC31409.1	ALV11679.1
OG0001240	CAC31408.1	ALV11680.1
OG0001241	CAC31406.1	ALV11682.1
OG0001242	CAC31405.1	ALV11683.1
OG0001243	CAC31404.1	ALV11684.1
OG0001244	CAC31403.1	ALV13085.1
OG0001245	CAC31398.1	ALV11688.1
OG0001246	CAC31397.1	ALV11689.1
OG0001247	CAC31396.1	ALV11690.1
OG0001248	CAC31395.1	ALV13086.1
OG0001249	CAC31390.1	ALV11693.1
OG0001250	CAC31387.1	ALV11696.1
OG0001251	CAC31386.1	ALV11697.1
OG0001252	CAC31385.1	ALV11698.1
OG0001253	CAC31384.1	ALV11699.1
OG0001254	CAC31383.1	ALV11700.1
OG0001256	CAC31378.1	ALV11704.1
OG0001257	CAC31377.1	ALV13088.1
OG0001258	CAC31376.1	ALV11705.1
OG0001259	CAC31375.1	ALV11706.1
OG0001260	CAC31371.1	ALV11710.1
OG0001261	CAC31370.1	ALV11711.1
OG0001262	CAC31369.1	ALV11713.1
OG0001263	CAC31368.1	ALV11714.1
OG0001264	CAC31367.1	ALV11716.1
OG0001265	CAC31366.1	ALV11717.1
OG0001266	CAC31365.1	ALV11718.1
OG0001267	CAC31360.1	ALV11721.1
OG0001268	CAC31359.1	ALV11722.1
OG0001269	CAC30463.1	ALV11727.1
OG0001270	CAC30464.1	ALV11728.1
OG0001271	CAC30465.1	ALV13091.1
OG0001272	CAC30469.1	ALV11736.1
OG0001273	CAC30470.1	ALV11737.1
OG0001274	CAC30476.1	ALV11745.1
OG0001275	CAC30477.1	ALV11746.1
OG0001278	CAC31236.1	ALV11756.1
OG0001279	CAC31235.1	ALV11757.1
OG0001280	CAC31234.1	ALV11759.1
OG0001281	CAC31233.1	ALV13093.1
OG0001282	CAC30497.1	ALV11766.1
OG0001283	CAC30498.1	ALV11767.1
OG0001284	CAC30499.1	ALV11768.1
OG0001285	CAC30506.1	ALV11809.1
OG0001286	CAC30507.1	ALV11810.1
OG0001287	CAC30509.1	ALV11812.1
OG0001288	CAC30511.1	ALV11814.1
OG0001289	CAC30512.1	ALV11815.1
OG0001291	CAC30524.1	ALV11830.1
OG0001292	CAC30527.1	ALV11832.1
OG0001293	CAC30528.1	ALV11836.1
OG0001294	CAC30532.1	ALV11840.1
OG0001295	CAC30533.1	ALV11841.1
OG0001296	CAC30534.1	ALV13101.1
OG0001297	CAC30540.1	ALV11850.1
OG0001298	CAC30541.1	ALV11851.1
OG0001299	CAC30542.1	ALV11852.1
OG0001300	CAC30547.1	ALV11856.1
OG0001301	CAC30548.1	ALV11857.1
OG0001302	CAC30549.1	ALV11858.1
OG0001303	CAC30551.1	ALV11862.1
OG0001306	CAC30558.1	ALV13104.1
OG0001307	CAC30561.1	ALV11868.1
OG0001308	CAC30562.1	ALV11869.1
OG0001309	CAC30563.1	ALV11870.1
OG0001310	CAC30564.1	ALV11871.1
OG0001311	CAC30566.1	ALV11873.1
OG0001312	CAC30567.1	ALV11874.1
OG0001313	CAC30568.1	ALV11875.1
OG0001314	CAC30569.1	ALV11876.1
OG0001317	CAC30573.1	ALV11881.1
OG0001318	CAC30575.1	ALV13107.1
OG0001320	CAC30579.1	ALV11884.1
OG0001321	CAC30580.1	ALV11885.1
OG0001322	CAC30611.1	ALV13109.1
OG0001323	CAC30612.1	ALV11888.1
OG0001324	CAC30613.1	ALV11889.1
OG0001325	CAC30614.1	ALV13110.1
OG0001326	CAC31868.1	ALV13112.1
OG0001327	CAC29639.1	ALV11909.1
OG0001328	CAC30616.1	ALV11922.1
OG0001329	CAC30617.1	ALV11923.1
OG0001330	CAC30619.1	ALV11925.1
OG0001331	CAC30620.1	ALV13118.1
OG0001332	CAC30624.1	ALV11929.1
OG0001333	CAC30628.1	ALV11932.1
OG0001334	CAC30629.1	ALV11933.1
OG0001335	CAC30630.1	ALV11936.1
OG0001336	CAC30633.1	ALV13120.1
OG0001337	CAC30634.1	ALV11939.1
OG0001338	CAC30635.1	ALV11940.1
OG0001339	CAC30636.1	ALV11941.1
OG0001341	CAC30641.1	ALV11947.1
OG0001342	CAC30642.1	ALV13121.1
OG0001343	CAC30647.1	ALV11955.1
OG0001344	CAC30648.1	ALV11956.1
OG0001345	CAC30651.1	ALV11958.1
OG0001346	CAC30652.1	ALV11959.1
OG0001347	CAC30653.1	ALV11962.1
OG0001348	CAC30654.1	ALV11963.1
OG0001349	CAC30655.1	ALV11964.1
OG0001350	CAC30656.1	ALV11965.1
OG0001351	CAC30657.1	ALV11966.1
OG0001352	CAC30659.1	ALV11968.1
OG0001353	CAC30660.1	ALV11974.1
OG0001354	CAC30661.1	ALV11975.1
OG0001355	CAC30664.1	ALV11978.1
OG0001356	CAC30665.1	ALV11979.1
OG0001357	CAC30666.1	ALV11980.1
OG0001358	CAC30667.1	ALV11981.1
OG0001359	CAC30668.1	ALV11982.1
OG0001360	CAC30672.1	ALV13127.1
OG0001361	CAC30673.1	ALV11985.1
OG0001362	CAC30676.1	ALV13128.1
OG0001363	CAC30679.1	ALV11989.1
OG0001364	CAC30680.1	ALV11990.1
OG0001365	CAC30681.1	ALV13130.1
OG0001366	CAC30682.1	ALV13132.1
OG0001367	CAC30686.1	ALV13133.1
OG0001368	CAC30687.1	ALV11996.1
OG0001369	CAC30688.1	ALV11997.1
OG0001370	CAC30689.1	ALV11998.1
OG0001371	CAC30693.1	ALV12002.1
OG0001374	CAC30180.1	ALV12042.1
OG0001375	CAC30179.1	ALV12043.1
OG0001376	CAC30176.1	ALV13139.1
OG0001377	CAC30175.1	ALV12047.1
OG0001380	CAC30171.1	ALV12071.1
OG0001381	CAC30170.1	ALV12073.1
OG0001382	CAC30169.1	ALV12074.1
OG0001389	CAC30152.1	ALV12122.1
OG0001390	CAC30151.1	ALV13150.1
OG0001391	CAC30149.1	ALV12124.1
OG0001392	CAC30148.1	ALV13152.1
OG0001393	CAC30146.1	ALV13153.1
OG0001394	CAC30328.1	ALV13155.1
OG0001395	CAC30327.1	ALV12132.1
OG0001396	CAC30326.1	ALV12133.1
OG0001397	CAC30325.1	ALV12134.1
OG0001398	CAC30324.1	ALV13156.1
OG0001399	CAC30323.1	ALV13157.1
OG0001400	CAC30320.1	ALV12137.1
OG0001401	CAC30318.1	ALV12140.1
OG0001402	CAC30316.1	ALV12141.1
OG0001403	CAC30314.1	ALV12143.1
OG0001404	CAC30313.1	ALV12144.1
OG0001405	CAC30312.1	ALV13158.1
OG0001406	CAC30302.1	ALV12152.1
OG0001407	CAC30301.1	ALV12153.1
OG0001408	CAC30300.1	ALV13159.1
OG0001410	CAC30291.1	ALV12159.1
OG0001411	CAC30290.1	ALV12160.1
OG0001412	CAC30288.1	ALV12163.1
OG0001413	CAC30287.1	ALV12164.1
OG0001414	CAC30285.1	ALV12165.1
OG0001415	CAC30284.1	ALV13161.1
OG0001416	CAC30283.1	ALV12167.1
OG0001417	CAC30282.1	ALV12168.1
OG0001418	CAC30281.1	ALV12169.1
OG0001419	CAC30280.1	ALV12170.1
OG0001420	CAC30274.1	ALV12177.1
OG0001421	CAC30273.1	ALV12178.1
OG0001422	CAC30272.1	ALV12179.1
OG0001423	CAC30270.1	ALV12181.1
OG0001424	CAC30269.1	ALV12182.1
OG0001425	CAC30268.1	ALV12183.1
OG0001426	CAC30267.1	ALV12184.1
OG0001427	CAC30265.1	ALV12185.1
OG0001428	CAC30262.1	ALV12186.1
OG0001429	CAC30261.1	ALV12187.1
OG0001430	CAC30260.1	ALV12188.1
OG0001431	CAC30259.1	ALV12189.1
OG0001432	CAC30257.1	ALV12190.1
OG0001433	CAC30246.1	ALV12195.1
OG0001434	CAC30245.1	ALV12196.1
OG0001435	CAC30244.1	ALV13163.1
OG0001436	CAC30243.1	ALV12197.1
OG0001437	CAC30242.1	ALV12198.1
OG0001438	CAC30241.1	ALV12199.1
OG0001439	CAC30240.1	ALV12200.1
OG0001440	CAC30238.1	ALV12202.1
OG0001441	CAC30237.1	ALV13164.1
OG0001444	CAC30226.1	ALV12214.1
OG0001445	CAC30224.1	ALV12217.1
OG0001449	CAC30206.1	ALV12270.1
OG0001450	CAC30205.1	ALV12271.1
OG0001451	CAC30200.1	ALV12281.1
OG0001454	CAC30195.1	ALV12285.1
OG0001455	CAC30191.1	ALV12289.1
OG0001457	CAC30185.1	ALV12300.1
OG0001458	CAC30183.1	ALV13178.1
OG0001459	CAC29927.1	ALV12311.1
OG0001460	CAC29922.1	ALV12315.1
OG0001462	CAC29903.1	ALV12332.1
OG0001463	CAC29901.1	ALV12335.1
OG0001464	CAC29900.1	ALV12336.1
OG0001465	CAC29897.1	ALV12344.1
OG0001466	CAC29896.1	ALV12345.1
OG0001467	CAC29895.1	ALV12346.1
OG0001468	CAC29894.1	ALV12347.1
OG0001469	CAC29891.1	ALV12350.1
OG0001470	CAC29890.1	ALV12351.1
OG0001471	CAC29888.1	ALV12353.1
OG0001472	CAC29887.1	ALV12354.1
OG0001473	CAC29886.1	ALV13187.1
OG0001474	CAC29885.1	ALV12356.1
OG0001475	CAC29883.1	ALV13188.1
OG0001476	CAC29881.1	ALV12362.1
OG0001477	CAC29879.1	ALV12364.1
OG0001478	CAC29878.1	ALV12366.1
OG0001479	CAC29874.1	ALV12368.1
OG0001480	CAC29873.1	ALV12369.1
OG0001481	CAC29872.1	ALV13191.1
OG0001482	CAC29871.1	ALV12370.1
OG0001483	CAC30910.1	ALV12379.1
OG0001484	CAC30911.1	ALV12380.1
OG0001485	CAC30912.1	ALV12381.1
OG0001486	CAC30913.1	ALV12382.1
OG0001487	CAC30914.1	ALV12383.1
OG0001488	CAC30915.1	ALV12384.1
OG0001489	CAC30917.1	ALV12386.1
OG0001490	CAC30919.1	ALV12388.1
OG0001493	CAC31210.1	ALV12403.1
OG0001495	CAC29862.1	ALV12420.1
OG0001497	CAC29856.1	ALV12429.1
OG0001502	CAC29832.1	ALV12483.1
OG0001503	CAC29831.1	ALV12484.1
OG0001504	CAC29830.1	ALV12485.1
OG0001505	CAC29829.1	ALV12486.1
OG0001506	CAC29828.1	ALV12487.1
OG0001507	CAC29827.1	ALV12488.1
OG0001509	CAC30873.1	ALV12490.1
OG0001510	CAC30874.1	ALV12491.1
OG0001511	CAC30875.1	ALV12492.1
OG0001512	CAC30876.1	ALV12494.1
OG0001513	CAC30877.1	ALV12495.1
OG0001514	CAC30878.1	ALV12496.1
OG0001515	CAC29743.1	ALV12499.1
OG0001516	CAC29742.1	ALV12500.1
OG0001517	CAC29741.1	ALV12501.1
OG0001518	CAC29740.1	ALV12503.1
OG0001519	CAC29739.1	ALV12504.1
OG0001520	CAC29738.1	ALV12505.1
OG0001521	CAC29737.1	ALV12506.1
OG0001522	CAC29736.1	ALV12507.1
OG0001523	CAC29735.1	ALV12508.1
OG0001524	CAC29734.1	ALV12509.1
OG0001525	CAC29733.1	ALV12510.1
OG0001526	CAC29732.1	ALV12511.1
OG0001527	CAC29731.1	ALV12512.1
OG0001528	CAC29730.1	ALV12513.1
OG0001529	CAC29913.1	ALV12725.1
OG0001530	CAC29722.1	ALV13209.1
OG0001531	CAC29721.1	ALV12518.1
OG0001532	CAC29719.1	ALV12519.1
OG0001533	CAC29718.1	ALV12520.1
OG0001534	CAC29713.1	ALV12521.1
OG0001535	CAC29715.1	ALV12522.1
OG0001536	CAC29716.1	ALV12523.1
OG0001537	CAC29711.1	ALV13212.1
OG0001538	CAC29710.1	ALV12533.1
OG0001539	CAC29708.1	ALV12534.1
OG0001540	CAC29707.1	ALV12535.1
OG0001541	CAC31805.1	ALV12545.1
OG0001545	CAC31811.1	ALV12550.1
OG0001546	CAC31812.1	ALV12551.1
OG0001547	CAC31813.1	ALV12552.1
OG0001548	CAC31814.1	ALV12553.1
OG0001549	CAC31815.1	ALV12554.1
OG0001550	CAC31816.1	ALV12555.1
OG0001551	CAC31817.1	ALV12556.1
OG0001552	CAC31819.1	ALV12559.1
OG0001553	CAC31820.1	ALV12560.1
OG0001554	CAC31821.1	ALV12562.1
OG0001555	CAC31822.1	ALV12563.1
OG0001556	CAC31823.1	ALV12564.1
OG0001557	CAC31824.1	ALV12565.1
OG0001558	CAC31825.1	ALV12566.1
OG0001559	CAC31828.1	ALV12576.1
OG0001561	CAC31836.1	ALV12583.1
OG0001562	CAC31837.1	ALV12586.1
OG0001563	CAC31838.1	ALV12587.1
OG0001564	CAC31839.1	ALV12588.1
OG0001565	CAC31843.1	ALV12591.1
OG0001566	CAC31845.1	ALV12593.1
OG0001567	CAC31846.1	ALV12594.1
OG0001568	CAC31848.1	ALV12596.1
OG0001569	CAC31849.1	ALV12597.1
OG0001570	CAC31850.1	ALV12598.1
OG0001571	CAC31851.1	ALV12599.1
OG0001572	CAC31852.1	ALV12600.1
OG0001573	CAC31853.1	ALV12601.1
OG0001575	CAC31991.1	ALV12622.1
OG0001576	CAC31990.1	ALV12623.1
OG0001577	CAC31989.1	ALV12624.1
OG0001579	CAC29628.1	ALV12644.1
OG0001580	CAC29627.1	ALV12645.1
OG0001581	CAC29626.1	ALV13233.1
OG0001582	CAC29625.1	ALV12648.1
OG0001583	CAC29624.1	ALV12649.1
OG0001584	CAC29623.1	ALV13234.1
OG0001585	CAC29622.1	ALV12650.1
OG0001586	CAC29621.1	ALV12651.1
OG0001587	CAC29620.1	ALV12652.1
OG0001588	CAC29618.1	ALV12657.1
OG0001589	CAC29617.1	ALV12658.1
OG0001590	CAC29615.1	ALV12660.1
OG0001591	CAC29614.1	ALV12661.1
OG0001592	CAC29613.1	ALV12662.1
OG0001593	CAC29612.1	ALV12663.1
OG0001594	CAC29608.1	ALV12669.1
OG0001595	CAC29607.1	ALV12670.1
OG0001596	CAC29606.1	ALV12671.1
OG0001597	CAC29604.1	ALV12673.1
OG0001598	CAC29603.1	ALV12674.1
OG0001599	CAC29602.1	ALV12675.1
OG0001600	CAC29601.1	ALV12676.1
OG0001601	CAC29600.1	ALV13236.1
OG0001602	CAC29599.1	ALV13237.1
OG0001603	CAC29597.1	ALV12679.1
OG0001604	CAC29595.1	ALV12682.1
OG0001605	CAC31614.1	ALV13239.1
OG0001607	CAC29590.1	ALV12697.1
OG0001608	CAC29589.1	ALV12698.1
OG0001609	CAC29587.1	ALV12700.1
OG0001610	CAC29586.1	ALV12701.1
OG0001611	CAC29582.1	ALV13241.1
OG0001612	CAC29581.1	ALV12705.1
OG0001613	CAC30187.1	ALV12707.1
OG0001614	CAC29580.1	ALV12709.1
OG0001615	CAC29579.1	ALV12710.1
OG0001616	CAC29577.1	ALV13242.1
OG0001617	CAC29576.1	ALV12712.1
OG0001618	CAC29575.1	ALV12714.1
OG0001619	CAC29574.1	ALV12715.1
OG0001620	CAC29573.1	ALV12716.1
OG0001621	CAC29570.1	ALV12720.1
OG0001622	CAC29569.1	ALV12721.1
OG0001624	CAC32229.1	ALV12751.1
OG0001625	CAC32230.1	ALV12752.1
OG0001626	CAC32231.1	ALV13247.1
OG0001627	CAC32232.1	ALV12753.1
OG0001628	CAC32235.1	ALV12756.1
OG0001629	CAC32236.1	ALV12758.1
OG0001630	CAC32237.1	ALV12759.1
OG0001631	CAC32238.1	ALV12760.1
OG0001632	CAC32239.1	ALV12761.1
OG0001633	CAC32240.1	ALV12762.1
OG0001634	CAC32241.1	ALV12763.1
OG0001635	CAC32242.1	ALV12764.1
OG0001649	CAC31268.1	ALV13022.1
OG0001666	CAC29538.1	ALV09315.1
OG0001673	CAC30708.1	ALV09346.1
OG0001676	CAC30943.1	ALV09368.1
OG0001678	CAC30946.1	ALV09370.1
OG0001679	CAC30947.1	ALV09371.1
OG0001680	CAC30948.1	ALV09372.1
OG0001681	CAC30949.1	ALV12776.1
OG0001682	CAC30950.1	ALV09373.1
OG0001712	CAC32145.1	ALV09457.1
OG0001713	CAC32146.1	ALV09458.1
OG0001714	CAC32148.1	ALV09459.1
OG0001724	CAC32101.1	ALV09494.1
OG0001736	CAC32082.1	ALV09519.1
OG0001749	CAC32049.1	ALV09570.1
OG0001756	CAC29794.1	ALV09613.1
OG0001795	CAC31945.1	ALV09739.1
OG0001873	CAC31184.1	ALV10003.1
OG0001882	CAC31164.1	ALV10029.1
OG0001931	CAC29698.1	ALV10194.1
OG0001957	CAC31912.1	ALV10265.1
OG0001994	CAC31448.1	ALV10389.1
OG0002026	CAC30705.1	ALV10520.1
OG0002037	CAC30076.1	ALV10589.1
OG0002076	CAC30369.1	ALV10834.1
OG0002080	CAC32008.1	ALV10852.1
OG0002138	CAC30929.1	ALV11045.1
OG0002172	CAC29919.1	ALV11166.1
OG0002176	CAC31677.1	ALV11192.1
OG0002179	CAC31297.1	ALV11206.1
OG0002202	CAC30734.1	ALV13035.1
OG0002210	CAC30368.1	ALV11324.1
OG0002227	CAC30138.1	ALV11387.1
OG0002311	CAC31394.1	ALV11691.1
OG0002315	CAC31382.1	ALV11701.1
OG0002329	CAC30307.1	ALV11760.1
OG0002339	CAC30508.1	ALV11811.1
OG0002356	CAC30535.1	ALV13103.1
OG0002372	CAC31869.1	ALV13111.1
OG0002373	CAC31867.1	ALV11897.1
OG0002374	CAC31865.1	ALV11899.1
OG0002375	CAC29645.1	ALV11902.1
OG0002377	CAC29644.1	ALV11905.1
OG0002378	CAC29642.1	ALV11907.1
OG0002379	CAC29641.1	ALV13114.1
OG0002382	CAC29635.1	ALV11917.1
OG0002393	CAC30658.1	ALV11967.1
OG0002460	CAC30271.1	ALV12180.1
OG0002509	CAC30916.1	ALV12385.1
OG0002560	CAC29915.1	ALV12516.1
OG0002561	CAC29914.1	ALV12517.1
OG0002592	CAC31842.1	ALV12590.1
OG0002603	CAC31882.1	ALV12629.1
OG0002621	CAC29552.1	ALV12733.1
OG0002622	CAC29550.1	ALV12735.1
OG0002623	CAC29549.1	ALV13243.1
OG0002638	CAC32244.1	ALV12766.1
OG0002639	CAC32245.1	ALV13248.1
OG0002641	CAC31830.1	ALV13222.1
OG0002647	CAC31086.1	ALV13074.1
OG0002648	CAC31069.1	ALV10113.1
OG0002649	CAC29744.1	ALV10198.1
OG0002651	CAC31772.1	ALV12964.1
OG0002656	CAC31688.1	ALV11180.1
OG0002657	CAC31675.1	ALV11194.1
OG0002659	CAC30574.1	ALV11331.1
OG0002661	CAC31513.1	ALV10464.1
OG0002663	CAC30483.1	ALV11754.1
OG0002664	CAC30172.1	ALV12070.1
OG0002665	CAC30239.1	ALV12201.1
OG0003384	CAC30308.1	ALV12150.1
OG0003492	CAC29563.1	ALV12729.1
OG0003493	CAC29562.1	ALV12730.1
OG0003494	CAC29561.1	ALV12731.1
OG0003495	CAC29560.1	ALV12732.1
OG0003552	CAC31895.1	ALV09698.1
OG0003554	CAC31133.1	ALV11343.1
