Orthogroup	Mavium	Mlepra
OG0000002	AAS04920.1	CAC31610.1
OG0000003	AAS04912.1	CAC30781.1
OG0000003	AAS02441.1	CAC30096.1
OG0000003	AAS04051.1	CAC29559.1
OG0000005	AAS04913.1	CAC31615.1
OG0000005	AAS04179.1	CAC29640.1, CAC31874.1
OG0000006	AAS06694.1, AAS03320.1, AAS02758.1, AAS04893.1, AAS03824.1, AAS03831.1	CAC31434.1, CAC31564.1
OG0000007	AAS06514.1	CAC31976.1
OG0000007	AAS06667.1	CAC30854.1
OG0000008	AAS04661.1, AAS03091.1, AAS02985.1, AAS04183.1, AAS03044.1, AAS06618.1, AAS04500.1, AAS04966.1, AAS04682.1, AAS04699.1, AAS04842.1, AAS03069.1, AAS04347.1, AAS04296.1, AAS04901.1, AAS06368.1, AAS04688.1, AAS04578.1, AAS03931.1, AAS02839.1	CAC31570.1
OG0000009	AAS03556.1, AAS03557.1, AAS05597.1, AAS04055.1	CAC31894.1
OG0000014	AAS06300.1, AAS06496.1, AAS02392.1, AAS05598.1, AAS06439.1, AAS04555.1, AAS04054.1, AAS05678.1, AAS03558.1	CAC31893.1
OG0000016	AAS06152.1, AAS02879.1, AAS03074.1, AAS04434.1, AAS04166.1, AAS02409.1, AAS06632.1	CAC32119.1
OG0000024	AAS03926.1	CAC30983.1
OG0000024	AAS02533.1	CAC29605.1
OG0000024	AAS06081.1	CAC32187.1
OG0000026	AAS03816.1, AAS06737.1, AAS02445.1, AAS06134.1, AAS03747.1, AAS03915.1, AAS04798.1, AAS02543.1, AAS04371.1, AAS04280.1, AAS03201.1	CAC31307.1
OG0000028	AAS03825.1	CAC31562.1, CAC31436.1
OG0000029	AAS04855.1, AAS04698.1, AAS04515.1, AAS05091.1, AAS03756.1, AAS02366.1, AAS03700.1, AAS04854.1	CAC31475.1
OG0000032	AAS06154.1, AAS05839.1, AAS03076.1, AAS04506.1, AAS04433.1, AAS06634.1	CAC32121.1
OG0000033	AAS06155.1, AAS06635.1, AAS04507.1, AAS03077.1, AAS04169.1, AAS02426.1, AAS04432.1	CAC32122.1
OG0000035	AAS04548.1, AAS06271.1, AAS04011.1, AAS06313.1	CAC31611.1
OG0000038	AAS02439.1	CAC30046.1
OG0000038	AAS06331.1	CAC32065.1
OG0000044	AAS04550.1, AAS05628.1, AAS04549.1	CAC31612.1
OG0000048	AAS03081.1, AAS04510.1, AAS06638.1, AAS06158.1	CAC32125.1
OG0000049	AAS05813.1, AAS03745.1, AAS06424.1, AAS03878.1	CAC31016.1
OG0000050	AAS06312.1, AAS05713.1, AAS03991.1, AAS05188.1	CAC31864.1
OG0000053	AAS04315.1	CAC30606.1
OG0000053	AAS06035.1, AAS04316.1	CAC30607.1
OG0000057	AAS04187.1, AAS04188.1, AAS03559.1, AAS04186.1, AAS03737.1, AAS04489.1	CAC30951.1
OG0000058	AAS06815.1	CAC29889.1
OG0000058	AAS06486.1	CAC29825.1
OG0000060	AAS06722.1, AAS05938.1, AAS03189.1	CAC31050.1
OG0000061	AAS04356.1, AAS05043.1, AAS04924.1	CAC30439.1
OG0000065	AAS05037.1, AAS06596.1, AAS04069.1, AAS03488.1, AAS03272.1, AAS05808.1	CAC29966.1
OG0000068	AAS03059.1, AAS03060.1, AAS05089.1, AAS05093.1, AAS05088.1, AAS03944.1, AAS03096.1, AAS04674.1, AAS04706.1	CAC30968.1
OG0000069	AAS06153.1, AAS06633.1	CAC32120.1
OG0000070	AAS06636.1, AAS06156.1	CAC32123.1
OG0000071	AAS06637.1, AAS06157.1	CAC32124.1
OG0000072	AAS06639.1, AAS06159.1	CAC32126.1
OG0000074	AAS03512.1, AAS06244.1	CAC32094.1
OG0000075	AAS06257.1, AAS04419.1	CAC31225.1
OG0000077	AAS03340.1, AAS03773.1	CAC29822.1
OG0000079	AAS03266.1, AAS03663.1, AAS04829.1, AAS03664.1	CAC30703.1
OG0000080	AAS03475.1, AAS04618.1	CAC31624.1
OG0000088	AAS05841.1	CAC30153.1
OG0000089	AAS06597.1, AAS04036.1, AAS04043.1, AAS04100.1	CAC29824.1
OG0000090	AAS06483.1	CAC29823.1
OG0000091	AAS05016.1	CAC30908.1
OG0000095	AAS06576.1, AAS05591.1	CAC29556.1
OG0000096	AAS06608.1	CAC31793.1
OG0000099	AAS02962.1	CAC31153.1
OG0000100	AAS05902.1, AAS06867.1, AAS05823.1, AAS03006.1	CAC30305.1
OG0000101	AAS03094.1, AAS04714.1, AAS03910.1, AAS03334.1	CAC31918.1
OG0000103	AAS06310.1	CAC29638.1
OG0000106	AAS05643.1	CAC30684.1
OG0000108	AAS04116.1	CAC30390.1
OG0000108	AAS04117.1	CAC30391.1
OG0000110	AAS04589.1	CAC29637.1
OG0000113	AAS05122.1	CAC31417.1
OG0000114	AAS05586.1, AAS05803.1, AAS06062.1, AAS06225.1	CAC30649.1
OG0000115	AAS06646.1, AAS03063.1, AAS04974.1, AAS06025.1	CAC29926.1
OG0000121	AAS02324.1	CAC32162.1, CAC29515.1
OG0000122	AAS06841.1, AAS03285.1	CAC32209.1
OG0000124	AAS06333.1	CAC32063.1
OG0000125	AAS06334.1	CAC32062.1
OG0000126	AAS05036.1, AAS04696.1, AAS06420.1	CAC29787.1
OG0000127	AAS05668.1, AAS02688.1, AAS06434.1	CAC29777.1
OG0000128	AAS06822.1, AAS04448.1, AAS06471.1	CAC30880.1
OG0000130	AAS02961.1	CAC31154.1
OG0000131	AAS02589.1, AAS02971.1	CAC31144.1
OG0000132	AAS04519.1, AAS02975.1, AAS04521.1	CAC31140.1
OG0000137	AAS03524.1, AAS05985.1, AAS05984.1	CAC30761.1
OG0000138	AAS02991.1, AAS02990.1, AAS03543.1	CAC30752.1
OG0000142	AAS02661.1, AAS04350.1, AAS03920.1	CAC31043.1
OG0000149	AAS05120.1	CAC31419.1
OG0000152	AAS03553.1, AAS03554.1, AAS06082.1	CAC31866.1
OG0000154	AAS06699.1, AAS03224.1, AAS05555.1	CAC30622.1
OG0000158	AAS05973.1	CAC30222.1
OG0000159	AAS05975.1	CAC30220.1
OG0000161	AAS05979.1	CAC30216.1
OG0000162	AAS05980.1	CAC30215.1
OG0000163	AAS05983.1	CAC30212.1
OG0000164	AAS05988.1	CAC30209.1
OG0000165	AAS05990.1	CAC31129.1
OG0000166	AAS05991.1	CAC30208.1
OG0000167	AAS05992.1	CAC30207.1
OG0000171	AAS06012.1	CAC30184.1
OG0000175	AAS05012.1, AAS06816.1, AAS02743.1	CAC29709.1
OG0000177	AAS02901.1, AAS02643.1, AAS02578.1	CAC30921.1
OG0000179	AAS04136.1, AAS04135.1, AAS02551.1	CAC29616.1
OG0000183	AAS02377.1	CAC29904.1, CAC32224.1
OG0000186	AAS06226.1, AAS06072.1	CAC32195.1
OG0000188	AAS06148.1	CAC32161.1, CAC29632.1
OG0000190	AAS06296.1, AAS06182.1	CAC32141.1
OG0000197	AAS06390.1, AAS05667.1	CAC32013.1
OG0000198	AAS04012.1, AAS06392.1	CAC32011.1
OG0000200	AAS06532.1, AAS05822.1	CAC31957.1
OG0000201	AAS06538.1	CAC31950.1
OG0000202	AAS05284.1, AAS06543.1	CAC31944.1
OG0000203	AAS06554.1	CAC31936.1
OG0000204	AAS06589.1, AAS04081.1	CAC31214.1
OG0000205	AAS03982.1, AAS06605.1	CAC31789.1
OG0000209	AAS06693.1, AAS02681.1	CAC30831.1
OG0000210	AAS06738.1	CAC30793.1
OG0000216	AAS02972.1, AAS02449.1	CAC31143.1
OG0000217	AAS03106.1, AAS04031.1	CAC31117.1
OG0000218	AAS03107.1, AAS04032.1	CAC31116.1
OG0000219	AAS06460.1, AAS03136.1	CAC31095.1
OG0000220	AAS03141.1, AAS03204.1	CAC31090.1
OG0000221	AAS02470.1, AAS03150.1	CAC31079.1
OG0000222	AAS02969.1, AAS03190.1	CAC31049.1
OG0000223	AAS02970.1, AAS03191.1	CAC31048.1
OG0000226	AAS03307.1, AAS05681.1	CAC29763.1
OG0000230	AAS03343.1, AAS05601.1	CAC31910.1
OG0000231	AAS03346.1, AAS05310.1	CAC31907.1
OG0000232	AAS04577.1, AAS04950.1	CAC30462.1
OG0000234	AAS05787.1, AAS04930.1	CAC30445.1
OG0000239	AAS04786.1, AAS03303.1	CAC31509.1
OG0000240	AAS06321.1, AAS04780.1	CAC31514.1
OG0000241	AAS04778.1, AAS02690.1	CAC31516.1
OG0000245	AAS05669.1, AAS03514.1	CAC31622.1
OG0000246	AAS05731.1, AAS03531.1	CAC30755.1
OG0000247	AAS03004.1, AAS03544.1	CAC30751.1
OG0000250	AAS03588.1, AAS06560.1	CAC31594.1
OG0000251	AAS03428.1, AAS03607.1	CAC31607.1
OG0000252	AAS03626.1, AAS06455.1	CAC31657.1
OG0000253	AAS03655.1, AAS06355.1	CAC31770.1
OG0000256	AAS04465.1, AAS03725.1	CAC31746.1
OG0000257	AAS03727.1, AAS03269.1	CAC31748.1
OG0000258	AAS03850.1, AAS05548.1	CAC31038.1
OG0000260	AAS03134.1, AAS03923.1	CAC30986.1
OG0000261	AAS03932.1, AAS03086.1	CAC30978.1
OG0000263	AAS03947.1, AAS04638.1	CAC30965.1
OG0000265	AAS06649.1, AAS04082.1	CAC30374.1
OG0000268	AAS04194.1, AAS04375.1	CAC31682.1
OG0000269	AAS04206.1	CAC31209.1, CAC31303.1
OG0000272	AAS04249.1, AAS03090.1	CAC31263.1
OG0000273	AAS04251.1	CAC31261.1
OG0000274	AAS03738.1, AAS04258.1	CAC31255.1
OG0000275	AAS04274.1, AAS05613.1	CAC31241.1
OG0000276	AAS04312.1, AAS06227.1	CAC30603.1
OG0000279	AAS06323.1, AAS04456.1	CAC30334.1
OG0000280	AAS04485.1, AAS04484.1	CAC30128.1
OG0000284	AAS04998.1, AAS04607.1	CAC31635.1
OG0000286	AAS03987.1, AAS04639.1	CAC29934.1
OG0000287	AAS03984.1, AAS04651.1	CAC31571.1
OG0000288	AAS03366.1, AAS03367.1	CAC30000.1
OG0000289	AAS03742.1, AAS05108.1	CAC31721.1
OG0000290	AAS04922.1, AAS05124.1	CAC30714.1
OG0000291	AAS02701.1, AAS05133.1	CAC31407.1
OG0000292	AAS03182.1, AAS05176.1	CAC31358.1
OG0000293	AAS04185.1, AAS05232.1	CAC30513.1
OG0000295	AAS04493.1, AAS06295.1	CAC31875.1
OG0000296	AAS03739.1, AAS05567.1	CAC30631.1
OG0000297	AAS05568.1	CAC30632.1
OG0000298	AAS04573.1, AAS05573.1	CAC30637.1
OG0000299	AAS05574.1, AAS04572.1	CAC30638.1
OG0000300	AAS05581.1, AAS06230.1	CAC30645.1
OG0000302	AAS05635.1	CAC30677.1, CAC32015.1
OG0000303	AAS03930.1, AAS05641.1	CAC30683.1
OG0000304	AAS06001.1, AAS05675.1	CAC30709.1
OG0000305	AAS06281.1, AAS05720.1	CAC30178.1
OG0000309	AAS03798.1, AAS05862.1	CAC30321.1
OG0000312	AAS05934.1	CAC30256.1
OG0000313	AAS06610.1, AAS02444.1	CAC31795.1
OG0000314	AAS05954.1, AAS05190.1	CAC30235.1
OG0000321	AAS06004.1	CAC30194.1
OG0000324	AAS03282.1, AAS06774.1	CAC30920.1
OG0000325	AAS02896.1, AAS06115.1	CAC31203.1
OG0000328	AAS02747.1, AAS05796.1	CAC29712.1
OG0000329	AAS02986.1, AAS02740.1	CAC29706.1
OG0000330	AAS02715.1, AAS02399.1	CAC31818.1
OG0000331	AAS02635.1, AAS04338.1	CAC31847.1
OG0000333	AAS02538.1, AAS04689.1	CAC29610.1
OG0000334	AAS02537.1	CAC29609.1
OG0000335	AAS02496.1	CAC29572.1, CAC31451.1
OG0000340	AAS03907.1, AAS03951.1, AAS04759.1, AAS03693.1	CAC30996.1
OG0000342	AAS02318.1	CAC29509.1
OG0000343	AAS02319.1	CAC29510.1
OG0000344	AAS02320.1	CAC29511.1
OG0000345	AAS02321.1	CAC29512.1
OG0000346	AAS02322.1	CAC29513.1
OG0000347	AAS02323.1	CAC29514.1
OG0000348	AAS02328.1	CAC29519.1
OG0000349	AAS02330.1	CAC29521.1
OG0000350	AAS02332.1	CAC29523.1
OG0000351	AAS02333.1	CAC29524.1
OG0000352	AAS02335.1	CAC29525.1
OG0000353	AAS02336.1	CAC29526.1
OG0000354	AAS02337.1	CAC29527.1
OG0000355	AAS02338.1	CAC29528.1
OG0000356	AAS02339.1	CAC29529.1
OG0000357	AAS02340.1	CAC29530.1
OG0000359	AAS02362.1	CAC29536.1
OG0000360	AAS02364.1	CAC29539.1
OG0000361	AAS02365.1	CAC29540.1
OG0000362	AAS02367.1	CAC32228.1
OG0000364	AAS02378.1	CAC32223.1
OG0000365	AAS02380.1	CAC32221.1
OG0000366	AAS02381.1	CAC32220.1
OG0000367	AAS02382.1	CAC32219.1
OG0000368	AAS02384.1	CAC32217.1
OG0000369	AAS02385.1	CAC32216.1
OG0000370	AAS02386.1	CAC32215.1
OG0000371	AAS02387.1	CAC32214.1
OG0000372	AAS02388.1	CAC32212.1
OG0000373	AAS06006.1	CAC32204.1
OG0000375	AAS04614.1	CAC30953.1
OG0000377	AAS06048.1	CAC32203.1
OG0000378	AAS06064.1	CAC32202.1
OG0000380	AAS06070.1	CAC32196.1
OG0000381	AAS06074.1	CAC32193.1
OG0000382	AAS06077.1	CAC32191.1
OG0000384	AAS06104.1	CAC32179.1
OG0000387	AAS06114.1	CAC32172.1
OG0000388	AAS06116.1	CAC32171.1
OG0000390	AAS06122.1	CAC32168.1
OG0000391	AAS06123.1	CAC32167.1
OG0000392	AAS06124.1	CAC32166.1
OG0000393	AAS06128.1	CAC32163.1
OG0000394	AAS06160.1	CAC32127.1
OG0000395	AAS06161.1	CAC32128.1
OG0000396	AAS06162.1	CAC32129.1
OG0000397	AAS06163.1	CAC32130.1
OG0000398	AAS06166.1	CAC32132.1
OG0000399	AAS06172.1	CAC32135.1
OG0000400	AAS06173.1	CAC32136.1
OG0000401	AAS06174.1	CAC32137.1
OG0000402	AAS06181.1	CAC32140.1
OG0000403	AAS06187.1	CAC32149.1
OG0000405	AAS06189.1	CAC32150.1
OG0000406	AAS06191.1	CAC32152.1
OG0000407	AAS06192.1	CAC32153.1
OG0000408	AAS06193.1	CAC32154.1
OG0000409	AAS06196.1	CAC32156.1
OG0000410	AAS06202.1	CAC32159.1
OG0000411	AAS06213.1	CAC32116.1
OG0000412	AAS06214.1	CAC32115.1
OG0000413	AAS06215.1	CAC32114.1
OG0000414	AAS06216.1	CAC32113.1
OG0000415	AAS06217.1	CAC32112.1
OG0000416	AAS06223.1	CAC32105.1
OG0000417	AAS06236.1	CAC32102.1
OG0000418	AAS06238.1	CAC32100.1
OG0000419	AAS06239.1	CAC32099.1
OG0000420	AAS06241.1	CAC32097.1
OG0000421	AAS06242.1	CAC32096.1
OG0000422	AAS06243.1	CAC32095.1
OG0000423	AAS06246.1	CAC32092.1
OG0000424	AAS06250.1	CAC32088.1
OG0000425	AAS06258.1	CAC32081.1
OG0000426	AAS06259.1	CAC32080.1
OG0000427	AAS06264.1	CAC32077.1
OG0000430	AAS06328.1	CAC32068.1
OG0000431	AAS06329.1	CAC32067.1
OG0000432	AAS06330.1	CAC32066.1
OG0000433	AAS06335.1	CAC32061.1
OG0000434	AAS06336.1	CAC32060.1
OG0000435	AAS06337.1	CAC32059.1
OG0000436	AAS06338.1	CAC32058.1
OG0000439	AAS06346.1	CAC32053.1
OG0000442	AAS06370.1	CAC32024.1
OG0000444	AAS06378.1	CAC32020.1
OG0000445	AAS06380.1	CAC32019.1
OG0000446	AAS06381.1	CAC32018.1
OG0000447	AAS06391.1	CAC32012.1
OG0000448	AAS06393.1	CAC32010.1
OG0000449	AAS06419.1	CAC29788.1
OG0000450	AAS06417.1	CAC29789.1
OG0000451	AAS06414.1	CAC29792.1
OG0000452	AAS06413.1	CAC29793.1
OG0000453	AAS06412.1	CAC29795.1
OG0000454	AAS06409.1	CAC32002.1
OG0000455	AAS06407.1	CAC32004.1
OG0000456	AAS06405.1	CAC32006.1
OG0000457	AAS06403.1	CAC32007.1
OG0000458	AAS06422.1	CAC29784.1
OG0000459	AAS06423.1	CAC29783.1
OG0000460	AAS06430.1	CAC29779.1
OG0000461	AAS06433.1	CAC29778.1
OG0000462	AAS06443.1	CAC29812.1
OG0000463	AAS06444.1	CAC29811.1
OG0000464	AAS06447.1	CAC29808.1
OG0000465	AAS06448.1	CAC29807.1
OG0000466	AAS06449.1	CAC29806.1
OG0000467	AAS06450.1	CAC29805.1
OG0000469	AAS06462.1	CAC29803.1
OG0000470	AAS06463.1	CAC29802.1
OG0000471	AAS06465.1	CAC30887.1
OG0000472	AAS06468.1	CAC30884.1
OG0000473	AAS06469.1	CAC30882.1
OG0000474	AAS06470.1	CAC30881.1
OG0000476	AAS06479.1	CAC29818.1
OG0000477	AAS06480.1	CAC29819.1
OG0000478	AAS06498.1	CAC31896.1
OG0000479	AAS06506.1	CAC31903.1
OG0000480	AAS06507.1	CAC31904.1
OG0000481	AAS06508.1	CAC31982.1
OG0000482	AAS06510.1	CAC31980.1
OG0000483	AAS06512.1	CAC31978.1
OG0000484	AAS06515.1	CAC31974.1
OG0000485	AAS06518.1	CAC31971.1
OG0000486	AAS06519.1	CAC31970.1
OG0000487	AAS06520.1	CAC31969.1
OG0000488	AAS06521.1	CAC31968.1
OG0000489	AAS06522.1	CAC31967.1
OG0000490	AAS06523.1	CAC31966.1
OG0000492	AAS06525.1	CAC31964.1
OG0000493	AAS06526.1	CAC31963.1
OG0000494	AAS06529.1	CAC31960.1
OG0000495	AAS06530.1	CAC31959.1
OG0000496	AAS06531.1	CAC31958.1
OG0000497	AAS06533.1	CAC31956.1
OG0000498	AAS06536.1	CAC31952.1
OG0000499	AAS06537.1	CAC31951.1
OG0000500	AAS06539.1	CAC31949.1
OG0000501	AAS06541.1	CAC31947.1
OG0000502	AAS06542.1	CAC31946.1
OG0000503	AAS06544.1	CAC31943.1
OG0000504	AAS06545.1	CAC31942.1
OG0000505	AAS06546.1	CAC31941.1
OG0000506	AAS06547.1	CAC31940.1
OG0000507	AAS06552.1	CAC31938.1
OG0000508	AAS06553.1	CAC31937.1
OG0000509	AAS06555.1	CAC31935.1
OG0000510	AAS06570.1	CAC31930.1
OG0000511	AAS06571.1	CAC31929.1
OG0000512	AAS06572.1	CAC31928.1
OG0000513	AAS06573.1	CAC31927.1
OG0000514	AAS06574.1	CAC31926.1
OG0000515	AAS06575.1	CAC31925.1
OG0000516	AAS06577.1	CAC31923.1
OG0000517	AAS06579.1	CAC31922.1
OG0000518	AAS06588.1	CAC31213.1
OG0000519	AAS06590.1	CAC31215.1
OG0000520	AAS06591.1	CAC31216.1
OG0000521	AAS06592.1	CAC31217.1
OG0000523	AAS06594.1	CAC31219.1
OG0000524	AAS06600.1	CAC31784.1
OG0000525	AAS06601.1	CAC31785.1
OG0000526	AAS06602.1	CAC31786.1
OG0000527	AAS06603.1	CAC31787.1
OG0000528	AAS06606.1	CAC31790.1
OG0000529	AAS06607.1	CAC31792.1
OG0000530	AAS06609.1	CAC31794.1
OG0000531	AAS06654.1	CAC30867.1
OG0000532	AAS06655.1	CAC30866.1
OG0000533	AAS06656.1	CAC30865.1
OG0000534	AAS06657.1	CAC30864.1
OG0000535	AAS06658.1	CAC30863.1
OG0000536	AAS06659.1	CAC30862.1
OG0000537	AAS06660.1	CAC30861.1
OG0000538	AAS06661.1	CAC30860.1
OG0000539	AAS06662.1	CAC30859.1
OG0000540	AAS06663.1	CAC30858.1
OG0000541	AAS06666.1	CAC30857.1
OG0000542	AAS06668.1	CAC30853.1
OG0000543	AAS06669.1	CAC30852.1
OG0000544	AAS06675.1	CAC30850.1
OG0000545	AAS06676.1	CAC30849.1
OG0000546	AAS06679.1	CAC30846.1
OG0000547	AAS06680.1	CAC30845.1
OG0000548	AAS06681.1	CAC30844.1
OG0000549	AAS06682.1	CAC30843.1
OG0000550	AAS06690.1	CAC30834.1
OG0000551	AAS06691.1	CAC30833.1
OG0000552	AAS06692.1	CAC30832.1
OG0000553	AAS06710.1	CAC30818.1
OG0000554	AAS06711.1	CAC30817.1
OG0000555	AAS06712.1	CAC30816.1
OG0000556	AAS06713.1	CAC30815.1
OG0000557	AAS06714.1	CAC30814.1
OG0000558	AAS06715.1	CAC30813.1
OG0000559	AAS06716.1	CAC30812.1
OG0000560	AAS06717.1	CAC30811.1
OG0000561	AAS06718.1	CAC30810.1
OG0000562	AAS06719.1	CAC30809.1
OG0000563	AAS06720.1	CAC30808.1
OG0000565	AAS06727.1	CAC30803.1
OG0000566	AAS06728.1	CAC30802.1
OG0000567	AAS06729.1	CAC30801.1
OG0000568	AAS06730.1	CAC30800.1
OG0000569	AAS06731.1	CAC30799.1
OG0000570	AAS06732.1	CAC30798.1
OG0000571	AAS06733.1	CAC30797.1
OG0000572	AAS06734.1	CAC30796.1
OG0000573	AAS06735.1	CAC30795.1
OG0000574	AAS06736.1	CAC30794.1
OG0000575	AAS06746.1	CAC30789.1
OG0000576	AAS06748.1	CAC30787.1
OG0000577	AAS06749.1	CAC30786.1
OG0000578	AAS06750.1	CAC30785.1
OG0000580	AAS02910.1	CAC31193.1
OG0000585	AAS02923.1	CAC31191.1
OG0000586	AAS02928.1	CAC31186.1
OG0000587	AAS02931.1	CAC31183.1
OG0000588	AAS02932.1	CAC31182.1
OG0000589	AAS02942.1	CAC31175.1
OG0000590	AAS02943.1	CAC31174.1
OG0000591	AAS02949.1	CAC31168.1
OG0000592	AAS02952.1	CAC31166.1
OG0000593	AAS06770.1	CAC31165.1
OG0000594	AAS02954.1	CAC31162.1
OG0000595	AAS02955.1	CAC31161.1
OG0000596	AAS02956.1	CAC31160.1
OG0000597	AAS02957.1	CAC31159.1
OG0000598	AAS02958.1	CAC31158.1
OG0000599	AAS02960.1	CAC31155.1
OG0000600	AAS02964.1	CAC31151.1
OG0000601	AAS02965.1	CAC31150.1
OG0000602	AAS02967.1	CAC31148.1
OG0000603	AAS02974.1	CAC31141.1
OG0000607	AAS03100.1	CAC31122.1
OG0000609	AAS03116.1	CAC31112.1
OG0000610	AAS03117.1	CAC31111.1
OG0000611	AAS03118.1	CAC31110.1
OG0000612	AAS03122.1	CAC31106.1
OG0000613	AAS03127.1	CAC31102.1
OG0000614	AAS03131.1	CAC31099.1
OG0000615	AAS03132.1	CAC31098.1
OG0000616	AAS03133.1	CAC31097.1
OG0000617	AAS03135.1	CAC31096.1
OG0000618	AAS03139.1	CAC31092.1
OG0000619	AAS03140.1	CAC31091.1
OG0000620	AAS03142.1	CAC31089.1
OG0000621	AAS03146.1	CAC31085.1
OG0000622	AAS03151.1	CAC31078.1
OG0000623	AAS03157.1	CAC31073.1
OG0000624	AAS03162.1	CAC31068.1
OG0000625	AAS03163.1	CAC31066.1
OG0000626	AAS03186.1	CAC31053.1
OG0000630	AAS03208.1	CAC29658.1
OG0000631	AAS03209.1	CAC29659.1
OG0000632	AAS03210.1	CAC29661.1
OG0000633	AAS03212.1	CAC29662.1
OG0000634	AAS03213.1	CAC29663.1
OG0000635	AAS03214.1	CAC29664.1
OG0000636	AAS03217.1	CAC29666.1
OG0000637	AAS03218.1	CAC29667.1
OG0000638	AAS03219.1	CAC29668.1
OG0000639	AAS03220.1	CAC29669.1
OG0000640	AAS03225.1	CAC29677.1
OG0000641	AAS02397.1	CAC30952.1
OG0000642	AAS03232.1	CAC29681.1
OG0000643	AAS03233.1	CAC29682.1
OG0000644	AAS03234.1	CAC29683.1
OG0000645	AAS03235.1	CAC29684.1
OG0000646	AAS03236.1	CAC29685.1
OG0000647	AAS03237.1	CAC29686.1
OG0000649	AAS03239.1	CAC29688.1
OG0000650	AAS03240.1	CAC29689.1
OG0000651	AAS03241.1	CAC29690.1
OG0000652	AAS03242.1	CAC29691.1
OG0000653	AAS03243.1	CAC29692.1
OG0000654	AAS03244.1	CAC29693.1
OG0000655	AAS03255.1	CAC29695.1
OG0000656	AAS03260.1	CAC29700.1
OG0000657	AAS03261.1	CAC29701.1
OG0000659	AAS03289.1	CAC29746.1
OG0000660	AAS03290.1	CAC29747.1
OG0000661	AAS03291.1	CAC29748.1
OG0000662	AAS03292.1	CAC29749.1
OG0000663	AAS03293.1	CAC29750.1
OG0000664	AAS03294.1	CAC29751.1
OG0000665	AAS03295.1	CAC29752.1
OG0000666	AAS03296.1	CAC29753.1
OG0000667	AAS03298.1	CAC29754.1
OG0000668	AAS03300.1	CAC29756.1
OG0000669	AAS03301.1	CAC29757.1
OG0000670	AAS03304.1	CAC29760.1
OG0000671	AAS03308.1	CAC29764.1
OG0000672	AAS03309.1	CAC29765.1
OG0000673	AAS03310.1	CAC29766.1
OG0000674	AAS03335.1	CAC31917.1
OG0000675	AAS03336.1	CAC31916.1
OG0000676	AAS03342.1	CAC31911.1
OG0000677	AAS03344.1	CAC31909.1
OG0000678	AAS03345.1	CAC31908.1
OG0000679	AAS05024.1	CAC31906.1
OG0000680	AAS05020.1	CAC31984.1
OG0000682	AAS05017.1	CAC30909.1
OG0000683	AAS05015.1	CAC30907.1
OG0000684	AAS05014.1	CAC30906.1
OG0000685	AAS05013.1	CAC30905.1
OG0000686	AAS05010.1	CAC30902.1
OG0000687	AAS05009.1	CAC30901.1
OG0000688	AAS05008.1	CAC30900.1
OG0000689	AAS05005.1	CAC30897.1
OG0000690	AAS05004.1	CAC30896.1
OG0000691	AAS05003.1	CAC30895.1
OG0000692	AAS05002.1	CAC30894.1
OG0000693	AAS05001.1	CAC30893.1
OG0000694	AAS05000.1	CAC30892.1
OG0000695	AAS04999.1	CAC30891.1
OG0000697	AAS04981.1	CAC31336.1
OG0000699	AAS04978.1	CAC31342.1
OG0000703	AAS04947.1	CAC30459.1
OG0000704	AAS04943.1	CAC30457.1
OG0000705	AAS04942.1	CAC30456.1
OG0000706	AAS04941.1	CAC30455.1
OG0000707	AAS04940.1	CAC30454.1
OG0000709	AAS04933.1	CAC30448.1
OG0000710	AAS04932.1	CAC30447.1
OG0000711	AAS04929.1	CAC30444.1
OG0000712	AAS04928.1	CAC30442.1
OG0000713	AAS04923.1	CAC30438.1
OG0000714	AAS04551.1	CAC31613.1
OG0000715	AAS04897.1	CAC31432.1
OG0000716	AAS04895.1	CAC31439.1
OG0000717	AAS04891.1	CAC31440.1
OG0000718	AAS04889.1	CAC31442.1
OG0000719	AAS04887.1	CAC31444.1
OG0000720	AAS04886.1	CAC31445.1
OG0000721	AAS04885.1	CAC31446.1
OG0000722	AAS04884.1	CAC31447.1
OG0000723	AAS04881.1	CAC31450.1
OG0000724	AAS04875.1	CAC31456.1
OG0000725	AAS04874.1	CAC31457.1
OG0000726	AAS04873.1	CAC31458.1
OG0000727	AAS04872.1	CAC31459.1
OG0000728	AAS04871.1	CAC31460.1
OG0000729	AAS04870.1	CAC31461.1
OG0000732	AAS04865.1	CAC31467.1
OG0000733	AAS04864.1	CAC31468.1
OG0000734	AAS04863.1	CAC31469.1
OG0000735	AAS04862.1	CAC31470.1
OG0000736	AAS04859.1	CAC31471.1
OG0000737	AAS04858.1	CAC31472.1
OG0000738	AAS04856.1	CAC31474.1
OG0000739	AAS04853.1	CAC31476.1
OG0000740	AAS04852.1	CAC31477.1
OG0000741	AAS04850.1	CAC31479.1
OG0000742	AAS04839.1	CAC31480.1
OG0000743	AAS04837.1	CAC31482.1
OG0000744	AAS04834.1	CAC31484.1
OG0000745	AAS04832.1	CAC31486.1
OG0000747	AAS04817.1	CAC31494.1
OG0000748	AAS04816.1	CAC31495.1
OG0000749	AAS04815.1	CAC31496.1
OG0000750	AAS04814.1	CAC31497.1
OG0000751	AAS04813.1	CAC31498.1
OG0000752	AAS04811.1	CAC31500.1
OG0000753	AAS04810.1	CAC31501.1
OG0000755	AAS04808.1	CAC31502.1
OG0000756	AAS04807.1	CAC31503.1
OG0000757	AAS04806.1	CAC31504.1
OG0000758	AAS04805.1	CAC31505.1
OG0000760	AAS04787.1	CAC31508.1
OG0000761	AAS04785.1	CAC31510.1
OG0000762	AAS04784.1	CAC31511.1
OG0000763	AAS04783.1	CAC31512.1
OG0000764	AAS04779.1	CAC31515.1
OG0000765	AAS04777.1	CAC31517.1
OG0000766	AAS04776.1	CAC31518.1
OG0000767	AAS04775.1	CAC31519.1
OG0000768	AAS04774.1	CAC31520.1
OG0000769	AAS04773.1	CAC31521.1
OG0000770	AAS04772.1	CAC31522.1
OG0000771	AAS04771.1	CAC31523.1
OG0000772	AAS04770.1	CAC31524.1
OG0000773	AAS04769.1	CAC31525.1
OG0000774	AAS04768.1	CAC31526.1
OG0000775	AAS04767.1	CAC31527.1
OG0000776	AAS04766.1	CAC31528.1
OG0000777	AAS04765.1	CAC31530.1
OG0000778	AAS04764.1	CAC31531.1
OG0000779	AAS04762.1	CAC31532.1
OG0000780	AAS04756.1	CAC31536.1
OG0000781	AAS04754.1	CAC31538.1
OG0000782	AAS04753.1	CAC31539.1
OG0000783	AAS04752.1	CAC31540.1
OG0000784	AAS04746.1	CAC31546.1
OG0000785	AAS04745.1	CAC31547.1
OG0000786	AAS04744.1	CAC31548.1
OG0000787	AAS04742.1	CAC31552.1
OG0000788	AAS04741.1	CAC31553.1
OG0000789	AAS04740.1	CAC31554.1
OG0000790	AAS04739.1	CAC31555.1
OG0000791	AAS04737.1	CAC31556.1
OG0000792	AAS04736.1	CAC31557.1
OG0000793	AAS04735.1	CAC31558.1
OG0000797	AAS03665.1	CAC30704.1
OG0000799	AAS03432.1	CAC30040.1
OG0000800	AAS03433.1	CAC30041.1
OG0000801	AAS03435.1	CAC30043.1
OG0000802	AAS03436.1	CAC30044.1
OG0000803	AAS03437.1	CAC30045.1
OG0000804	AAS03439.1	CAC30048.1
OG0000805	AAS03440.1	CAC30049.1
OG0000806	AAS03441.1	CAC30050.1
OG0000807	AAS03442.1	CAC30051.1
OG0000808	AAS03443.1	CAC30052.1
OG0000809	AAS03447.1	CAC30056.1
OG0000810	AAS03448.1	CAC30058.1
OG0000811	AAS03449.1	CAC30059.1
OG0000812	AAS03450.1	CAC30060.1
OG0000813	AAS03452.1	CAC30062.1
OG0000814	AAS03453.1	CAC30063.1
OG0000815	AAS03454.1	CAC30064.1
OG0000816	AAS03455.1	CAC30065.1
OG0000817	AAS03456.1	CAC30066.1
OG0000818	AAS03457.1	CAC30067.1
OG0000819	AAS03458.1	CAC30068.1
OG0000820	AAS03459.1	CAC30069.1
OG0000821	AAS03463.1	CAC30070.1
OG0000822	AAS03464.1	CAC30071.1
OG0000823	AAS03465.1	CAC30072.1
OG0000824	AAS03466.1	CAC30073.1
OG0000827	AAS06362.1	CAC30077.1
OG0000828	AAS03481.1	CAC30078.1
OG0000829	AAS03482.1	CAC30079.1
OG0000830	AAS03483.1	CAC30080.1
OG0000831	AAS03484.1	CAC30085.1
OG0000833	AAS03491.1	CAC30087.1
OG0000834	AAS03492.1	CAC30088.1
OG0000835	AAS03494.1	CAC30090.1
OG0000836	AAS03495.1	CAC30091.1
OG0000837	AAS03496.1	CAC30092.1
OG0000838	AAS03499.1	CAC30095.1
OG0000839	AAS03500.1	CAC30097.1
OG0000840	AAS03501.1	CAC30098.1
OG0000841	AAS03502.1	CAC30099.1
OG0000842	AAS03503.1	CAC30100.1
OG0000843	AAS03504.1	CAC30101.1
OG0000844	AAS03505.1	CAC30102.1
OG0000845	AAS03506.1	CAC30103.1
OG0000846	AAS03507.1	CAC30104.1
OG0000847	AAS03508.1	CAC30105.1
OG0000848	AAS03509.1	CAC30106.1
OG0000849	AAS03513.1	CAC30771.1
OG0000850	AAS03515.1	CAC30769.1
OG0000852	AAS03518.1	CAC30767.1
OG0000853	AAS03519.1	CAC30766.1
OG0000854	AAS03520.1	CAC30765.1
OG0000855	AAS03521.1	CAC30764.1
OG0000856	AAS03522.1	CAC30763.1
OG0000857	AAS03523.1	CAC30762.1
OG0000858	AAS03526.1	CAC30760.1
OG0000859	AAS03527.1	CAC30759.1
OG0000860	AAS03528.1	CAC30758.1
OG0000861	AAS03529.1	CAC30757.1
OG0000862	AAS03530.1	CAC30756.1
OG0000863	AAS03542.1	CAC30753.1
OG0000866	AAS03563.1	CAC31576.1
OG0000868	AAS03566.1	CAC31579.1
OG0000869	AAS03567.1	CAC31580.1
OG0000870	AAS03568.1	CAC31581.1
OG0000873	AAS03574.1	CAC31588.1
OG0000876	AAS03581.1	CAC31590.1
OG0000878	AAS03589.1	CAC31595.1
OG0000879	AAS03591.1	CAC31597.1
OG0000880	AAS03592.1	CAC31598.1
OG0000881	AAS03593.1	CAC31599.1
OG0000882	AAS03600.1	CAC31601.1
OG0000883	AAS03601.1	CAC31602.1
OG0000884	AAS03602.1	CAC31603.1
OG0000886	AAS03605.1	CAC31605.1
OG0000887	AAS03606.1	CAC31606.1
OG0000888	AAS03608.1	CAC31608.1
OG0000889	AAS03610.1	CAC31638.1
OG0000890	AAS03611.1	CAC31639.1
OG0000891	AAS03612.1	CAC31640.1
OG0000892	AAS03613.1	CAC31641.1
OG0000893	AAS03614.1	CAC31642.1
OG0000895	AAS03616.1	CAC31644.1
OG0000896	AAS03617.1	CAC31645.1
OG0000897	AAS03618.1	CAC31648.1
OG0000898	AAS03620.1	CAC31650.1
OG0000899	AAS03621.1	CAC31651.1
OG0000900	AAS03622.1	CAC31652.1
OG0000901	AAS03623.1	CAC31653.1
OG0000902	AAS03624.1	CAC31654.1
OG0000903	AAS03625.1	CAC31655.1
OG0000904	AAS03627.1	CAC31658.1
OG0000905	AAS03628.1	CAC31659.1
OG0000906	AAS03635.1	CAC31857.1
OG0000907	AAS03636.1	CAC31667.1
OG0000909	AAS03639.1	CAC31762.1
OG0000910	AAS03642.1	CAC31763.1
OG0000911	AAS03643.1	CAC31764.1
OG0000912	AAS03652.1	CAC31768.1
OG0000913	AAS03656.1	CAC31771.1
OG0000914	AAS03658.1	CAC31773.1
OG0000915	AAS03668.1	CAC31774.1
OG0000916	AAS03669.1	CAC31775.1
OG0000917	AAS03670.1	CAC31776.1
OG0000918	AAS03671.1	CAC31777.1
OG0000919	AAS03672.1	CAC31778.1
OG0000920	AAS03674.1	CAC31780.1
OG0000922	AAS03676.1	CAC30352.1
OG0000923	AAS03677.1	CAC30353.1
OG0000924	AAS03678.1	CAC30357.1
OG0000925	AAS03679.1	CAC30358.1
OG0000926	AAS03680.1	CAC30359.1
OG0000927	AAS03681.1	CAC30360.1
OG0000928	AAS03682.1	CAC30361.1
OG0000929	AAS03683.1	CAC30362.1
OG0000930	AAS03684.1	CAC30363.1
OG0000931	AAS03685.1	CAC30364.1
OG0000932	AAS03706.1	CAC31727.1
OG0000933	AAS03707.1	CAC31728.1
OG0000936	AAS03712.1	CAC31732.1
OG0000937	AAS03713.1	CAC31733.1
OG0000938	AAS03717.1	CAC31738.1
OG0000939	AAS03718.1	CAC31739.1
OG0000940	AAS03719.1	CAC31740.1
OG0000941	AAS03720.1	CAC31741.1
OG0000942	AAS03721.1	CAC31742.1
OG0000943	AAS03722.1	CAC31743.1
OG0000944	AAS03723.1	CAC31744.1
OG0000946	AAS03728.1	CAC31749.1
OG0000947	AAS03729.1	CAC31750.1
OG0000948	AAS03730.1	CAC31751.1
OG0000949	AAS03731.1	CAC31752.1
OG0000950	AAS03732.1	CAC31753.1
OG0000953	AAS03811.1	CAC31761.1
OG0000954	AAS03818.1	CAC30495.1
OG0000955	AAS03819.1	CAC30494.1
OG0000956	AAS03826.1	CAC30491.1
OG0000957	AAS03827.1	CAC30490.1
OG0000958	AAS03828.1	CAC30489.1
OG0000959	AAS03829.1	CAC30488.1
OG0000960	AAS03830.1	CAC30487.1
OG0000965	AAS03848.1	CAC31039.1
OG0000966	AAS03851.1	CAC31037.1
OG0000967	AAS03852.1	CAC31036.1
OG0000968	AAS03856.1	CAC31032.1
OG0000969	AAS03857.1	CAC31031.1
OG0000970	AAS03858.1	CAC31030.1
OG0000971	AAS03859.1	CAC31029.1
OG0000972	AAS03860.1	CAC31028.1
OG0000973	AAS03862.1	CAC31027.1
OG0000974	AAS03865.1	CAC31025.1
OG0000975	AAS03866.1	CAC31024.1
OG0000976	AAS03873.1	CAC31021.1
OG0000977	AAS03875.1	CAC31019.1
OG0000978	AAS03876.1	CAC31018.1
OG0000979	AAS03881.1	CAC31014.1
OG0000980	AAS03886.1	CAC31010.1
OG0000981	AAS03887.1	CAC31009.1
OG0000982	AAS03888.1	CAC31008.1
OG0000985	AAS03900.1	CAC31003.1
OG0000986	AAS03902.1	CAC31001.1
OG0000987	AAS03912.1	CAC30993.1
OG0000989	AAS03924.1	CAC30985.1
OG0000991	AAS03939.1	CAC30975.1
OG0000992	AAS03942.1	CAC30970.1
OG0000993	AAS03945.1	CAC30967.1
OG0000994	AAS03946.1	CAC30966.1
OG0000995	AAS03960.1	CAC30940.1
OG0000996	AAS03963.1	CAC30938.1
OG0000999	AAS04083.1	CAC30375.1
OG0001000	AAS04084.1	CAC30376.1
OG0001001	AAS04085.1	CAC30377.1
OG0001002	AAS04086.1	CAC30378.1
OG0001003	AAS04115.1	CAC30389.1
OG0001005	AAS04120.1	CAC30394.1
OG0001006	AAS02804.1, AAS06324.1	CAC29843.1
OG0001007	AAS04121.1	CAC30396.1
OG0001008	AAS04131.1	CAC30398.1
OG0001009	AAS04143.1	CAC31715.1
OG0001010	AAS04145.1	CAC31714.1
OG0001011	AAS04146.1	CAC31713.1
OG0001012	AAS04147.1	CAC31712.1
OG0001013	AAS04148.1	CAC31711.1
OG0001014	AAS04149.1	CAC31710.1
OG0001015	AAS04150.1	CAC31709.1
OG0001017	AAS04151.1	CAC31704.1
OG0001018	AAS04152.1	CAC31703.1
OG0001019	AAS04153.1	CAC31702.1
OG0001020	AAS04154.1	CAC31701.1
OG0001021	AAS04157.1	CAC31696.1
OG0001022	AAS04158.1	CAC31695.1
OG0001023	AAS04159.1	CAC31694.1
OG0001024	AAS04160.1	CAC31693.1
OG0001025	AAS04163.1	CAC31691.1
OG0001026	AAS04164.1	CAC31690.1
OG0001027	AAS04177.1	CAC31687.1
OG0001028	AAS04193.1	CAC31683.1
OG0001029	AAS04195.1	CAC31681.1
OG0001030	AAS04196.1	CAC31680.1
OG0001031	AAS04197.1	CAC31679.1
OG0001032	AAS03892.1	CAC31678.1
OG0001033	AAS04200.1	CAC31674.1
OG0001034	AAS04202.1	CAC31670.1
OG0001035	AAS04203.1	CAC31669.1
OG0001036	AAS04205.1	CAC31304.1
OG0001037	AAS04207.1	CAC31302.1
OG0001038	AAS04208.1	CAC31301.1
OG0001039	AAS04209.1	CAC31300.1
OG0001040	AAS04210.1	CAC31299.1
OG0001041	AAS04211.1	CAC31298.1
OG0001042	AAS04213.1	CAC31296.1
OG0001043	AAS04214.1	CAC31295.1
OG0001044	AAS04216.1	CAC31293.1
OG0001045	AAS04217.1	CAC31292.1
OG0001046	AAS04218.1	CAC31291.1
OG0001047	AAS04219.1	CAC31290.1
OG0001048	AAS04220.1	CAC31289.1
OG0001049	AAS04221.1	CAC31288.1
OG0001050	AAS04222.1	CAC31287.1
OG0001051	AAS04223.1	CAC31286.1
OG0001052	AAS04224.1	CAC31285.1
OG0001053	AAS04225.1	CAC31284.1
OG0001054	AAS04226.1	CAC31283.1
OG0001055	AAS04227.1	CAC31282.1
OG0001056	AAS04230.1	CAC31279.1
OG0001057	AAS04231.1	CAC31278.1
OG0001058	AAS04233.1	CAC31277.1
OG0001059	AAS04234.1	CAC31276.1
OG0001060	AAS04236.1	CAC31274.1
OG0001061	AAS04237.1	CAC31273.1
OG0001062	AAS04238.1	CAC31272.1
OG0001063	AAS04239.1	CAC31271.1
OG0001064	AAS04240.1	CAC31270.1
OG0001065	AAS04241.1	CAC31269.1
OG0001066	AAS04243.1	CAC31267.1
OG0001067	AAS04245.1	CAC31266.1
OG0001068	AAS04250.1	CAC31262.1
OG0001069	AAS04252.1	CAC31260.1
OG0001070	AAS04254.1	CAC31259.1
OG0001071	AAS04255.1	CAC31258.1
OG0001072	AAS04256.1	CAC31257.1
OG0001073	AAS04257.1	CAC31256.1
OG0001074	AAS04259.1	CAC31254.1
OG0001075	AAS04260.1	CAC31253.1
OG0001076	AAS04261.1	CAC31252.1
OG0001077	AAS04263.1	CAC31250.1
OG0001078	AAS04265.1	CAC31249.1
OG0001079	AAS04267.1	CAC31247.1
OG0001080	AAS04268.1	CAC31246.1
OG0001081	AAS04270.1	CAC31245.1
OG0001082	AAS04272.1	CAC31243.1
OG0001083	AAS04273.1	CAC31242.1
OG0001084	AAS04275.1	CAC31240.1
OG0001085	AAS04276.1	CAC31239.1
OG0001086	AAS04277.1	CAC31238.1
OG0001087	AAS04279.1	CAC31306.1
OG0001088	AAS04282.1	CAC30581.1
OG0001089	AAS04283.1	CAC30582.1
OG0001090	AAS04284.1	CAC30583.1
OG0001091	AAS04285.1	CAC30584.1
OG0001092	AAS04287.1	CAC30586.1
OG0001093	AAS04297.1	CAC30588.1
OG0001094	AAS04298.1	CAC30589.1
OG0001095	AAS04299.1	CAC30590.1
OG0001096	AAS04303.1	CAC30595.1
OG0001097	AAS04309.1	CAC30600.1
OG0001098	AAS04311.1	CAC30602.1
OG0001099	AAS04313.1	CAC30604.1
OG0001100	AAS04314.1	CAC30605.1
OG0001101	AAS04317.1	CAC30608.1
OG0001102	AAS04323.1	CAC30735.1
OG0001103	AAS04324.1	CAC30736.1
OG0001104	AAS04325.1	CAC30737.1
OG0001107	AAS04372.1	CAC30747.1
OG0001108	AAS04407.1	CAC30721.1
OG0001109	AAS04408.1	CAC30722.1
OG0001110	AAS04409.1	CAC30723.1
OG0001111	AAS04414.1	CAC31230.1
OG0001112	AAS04415.1	CAC31229.1
OG0001113	AAS04440.1	CAC30349.1
OG0001114	AAS04441.1	CAC30348.1
OG0001115	AAS04446.1	CAC30344.1
OG0001116	AAS04447.1	CAC30343.1
OG0001117	AAS04449.1	CAC30341.1
OG0001118	AAS04454.1	CAC30336.1
OG0001119	AAS04455.1	CAC30335.1
OG0001120	AAS04458.1	CAC30142.1
OG0001121	AAS04459.1	CAC30141.1
OG0001122	AAS04462.1	CAC30139.1
OG0001123	AAS04476.1	CAC30136.1
OG0001124	AAS04477.1	CAC30135.1
OG0001125	AAS04478.1	CAC30134.1
OG0001126	AAS04479.1	CAC30133.1
OG0001127	AAS04480.1	CAC30132.1
OG0001132	AAS04530.1	CAC30123.1
OG0001133	AAS04531.1	CAC30122.1
OG0001135	AAS04534.1	CAC30119.1
OG0001136	AAS04538.1	CAC30115.1
OG0001137	AAS04539.1	CAC30114.1
OG0001138	AAS04540.1	CAC30113.1
OG0001139	AAS04541.1	CAC30112.1
OG0001140	AAS04542.1	CAC30111.1
OG0001141	AAS04559.1	CAC30402.1
OG0001142	AAS04560.1	CAC30403.1
OG0001143	AAS04561.1	CAC30404.1
OG0001144	AAS04564.1	CAC30408.1
OG0001145	AAS03906.1	CAC30997.1
OG0001148	AAS04575.1	CAC30413.1
OG0001149	AAS04580.1	CAC30414.1
OG0001150	AAS04581.1	CAC30415.1
OG0001151	AAS04582.1	CAC30416.1
OG0001152	AAS04583.1	CAC30417.1
OG0001153	AAS04584.1	CAC30418.1
OG0001154	AAS04585.1	CAC30419.1
OG0001155	AAS04586.1	CAC30420.1
OG0001156	AAS04587.1	CAC30421.1
OG0001157	AAS04588.1	CAC30422.1
OG0001158	AAS04595.1	CAC30427.1
OG0001159	AAS04596.1	CAC30428.1
OG0001160	AAS04597.1	CAC30429.1
OG0001161	AAS04598.1	CAC30430.1
OG0001162	AAS04599.1	CAC30431.1
OG0001163	AAS04602.1	CAC30434.1
OG0001164	AAS04603.1	CAC30435.1
OG0001165	AAS04604.1	CAC30436.1
OG0001166	AAS04605.1	CAC31636.1
OG0001167	AAS04608.1	CAC31634.1
OG0001168	AAS04611.1	CAC31630.1
OG0001169	AAS04612.1	CAC31629.1
OG0001170	AAS04615.1	CAC31627.1
OG0001171	AAS04616.1	CAC31626.1
OG0001172	AAS04617.1	CAC31625.1
OG0001176	AAS04633.1	CAC29939.1
OG0001177	AAS04634.1	CAC29938.1
OG0001178	AAS04635.1	CAC29937.1
OG0001179	AAS04637.1	CAC29935.1
OG0001180	AAS04645.1	CAC29933.1
OG0001181	AAS04646.1	CAC29932.1
OG0001182	AAS04647.1	CAC31574.1
OG0001183	AAS04648.1	CAC31573.1
OG0001184	AAS04649.1	CAC31572.1
OG0001185	AAS03417.1	CAC30032.1
OG0001186	AAS03415.1	CAC30031.1
OG0001187	AAS03414.1	CAC30030.1
OG0001188	AAS03413.1	CAC30029.1
OG0001189	AAS03412.1	CAC30028.1
OG0001190	AAS03411.1	CAC30027.1
OG0001191	AAS03410.1	CAC30026.1
OG0001192	AAS03409.1	CAC30025.1
OG0001193	AAS03408.1	CAC30024.1
OG0001194	AAS03397.1	CAC30023.1
OG0001195	AAS03396.1	CAC30022.1
OG0001196	AAS03395.1	CAC30021.1
OG0001197	AAS03394.1	CAC30020.1
OG0001198	AAS03389.1	CAC30018.1
OG0001200	AAS03387.1	CAC32211.1
OG0001201	AAS03385.1	CAC30016.1
OG0001203	AAS03380.1	CAC30009.1
OG0001206	AAS03369.1	CAC30002.1
OG0001207	AAS03368.1	CAC30001.1
OG0001208	AAS03364.1	CAC29999.1
OG0001209	AAS03362.1	CAC29997.1
OG0001210	AAS03361.1	CAC29996.1
OG0001211	AAS03360.1	CAC29995.1
OG0001212	AAS03359.1	CAC29994.1
OG0001213	AAS03358.1	CAC29993.1
OG0001214	AAS03357.1	CAC29992.1
OG0001215	AAS03355.1	CAC29991.1
OG0001216	AAS03354.1	CAC29990.1
OG0001217	AAS03353.1	CAC29989.1
OG0001218	AAS03347.1	CAC29983.1
OG0001219	AAS05025.1	CAC29982.1
OG0001221	AAS05027.1	CAC29958.1
OG0001222	AAS05028.1	CAC29959.1
OG0001223	AAS05029.1	CAC29960.1
OG0001224	AAS05030.1	CAC29961.1
OG0001225	AAS05031.1	CAC29962.1
OG0001226	AAS05032.1	CAC29963.1
OG0001227	AAS05033.1	CAC29964.1
OG0001228	AAS05057.1	CAC29975.1
OG0001229	AAS05109.1	CAC31720.1
OG0001230	AAS05110.1	CAC31719.1
OG0001231	AAS05114.1	CAC31426.1
OG0001232	AAS05115.1	CAC31425.1
OG0001233	AAS05116.1	CAC31424.1
OG0001234	AAS05118.1	CAC31422.1
OG0001235	AAS05119.1	CAC31421.1
OG0001236	AAS05121.1	CAC31418.1
OG0001237	AAS05129.1	CAC31411.1
OG0001238	AAS05130.1	CAC31410.1
OG0001239	AAS05131.1	CAC31409.1
OG0001240	AAS05132.1	CAC31408.1
OG0001241	AAS05134.1	CAC31406.1
OG0001242	AAS05135.1	CAC31405.1
OG0001243	AAS05136.1	CAC31404.1
OG0001244	AAS05137.1	CAC31403.1
OG0001245	AAS05140.1	CAC31398.1
OG0001246	AAS05141.1	CAC31397.1
OG0001247	AAS05142.1	CAC31396.1
OG0001248	AAS05143.1	CAC31395.1
OG0001249	AAS05148.1	CAC31390.1
OG0001250	AAS05150.1	CAC31387.1
OG0001251	AAS05151.1	CAC31386.1
OG0001252	AAS05152.1	CAC31385.1
OG0001253	AAS05153.1	CAC31384.1
OG0001254	AAS05154.1	CAC31383.1
OG0001256	AAS05156.1	CAC31378.1
OG0001257	AAS05157.1	CAC31377.1
OG0001258	AAS05158.1	CAC31376.1
OG0001259	AAS05159.1	CAC31375.1
OG0001260	AAS05162.1	CAC31371.1
OG0001261	AAS05163.1	CAC31370.1
OG0001262	AAS05164.1	CAC31369.1
OG0001263	AAS05165.1	CAC31368.1
OG0001264	AAS05167.1	CAC31367.1
OG0001265	AAS05168.1	CAC31366.1
OG0001266	AAS05169.1	CAC31365.1
OG0001267	AAS05174.1	CAC31360.1
OG0001268	AAS05175.1	CAC31359.1
OG0001269	AAS05180.1	CAC30463.1
OG0001270	AAS05181.1	CAC30464.1
OG0001271	AAS05182.1	CAC30465.1
OG0001272	AAS05185.1	CAC30469.1
OG0001273	AAS05186.1	CAC30470.1
OG0001274	AAS05193.1	CAC30476.1
OG0001275	AAS05194.1	CAC30477.1
OG0001278	AAS05207.1	CAC31236.1
OG0001279	AAS05208.1	CAC31235.1
OG0001280	AAS05209.1	CAC31234.1
OG0001281	AAS05210.1	CAC31233.1
OG0001282	AAS05215.1	CAC30497.1
OG0001283	AAS05216.1	CAC30498.1
OG0001284	AAS05217.1	CAC30499.1
OG0001285	AAS05223.1	CAC30506.1
OG0001286	AAS05224.1	CAC30507.1
OG0001287	AAS05226.1	CAC30509.1
OG0001288	AAS05228.1	CAC30511.1
OG0001289	AAS05229.1	CAC30512.1
OG0001291	AAS05247.1	CAC30524.1
OG0001292	AAS05251.1	CAC30527.1
OG0001293	AAS05253.1	CAC30528.1
OG0001294	AAS05255.1	CAC30532.1
OG0001295	AAS05256.1	CAC30533.1
OG0001296	AAS05257.1	CAC30534.1
OG0001297	AAS05261.1	CAC30540.1
OG0001298	AAS05262.1	CAC30541.1
OG0001299	AAS05263.1	CAC30542.1
OG0001300	AAS05271.1	CAC30547.1
OG0001301	AAS05272.1	CAC30548.1
OG0001302	AAS05273.1	CAC30549.1
OG0001303	AAS05275.1	CAC30551.1
OG0001306	AAS05282.1	CAC30558.1
OG0001307	AAS05286.1	CAC30561.1
OG0001308	AAS05287.1	CAC30562.1
OG0001309	AAS05288.1	CAC30563.1
OG0001310	AAS05289.1	CAC30564.1
OG0001311	AAS05291.1	CAC30566.1
OG0001312	AAS05292.1	CAC30567.1
OG0001313	AAS05293.1	CAC30568.1
OG0001314	AAS05294.1	CAC30569.1
OG0001317	AAS05300.1	CAC30573.1
OG0001318	AAS05302.1	CAC30575.1
OG0001320	AAS05306.1	CAC30579.1
OG0001321	AAS05307.1	CAC30580.1
OG0001322	AAS05311.1	CAC30611.1
OG0001323	AAS05312.1	CAC30612.1
OG0001324	AAS05313.1	CAC30613.1
OG0001325	AAS05314.1	CAC30614.1
OG0001326	AAS03555.1	CAC31868.1
OG0001327	AAS02376.1	CAC29639.1
OG0001328	AAS05550.1	CAC30616.1
OG0001329	AAS05551.1	CAC30617.1
OG0001330	AAS05552.1	CAC30619.1
OG0001331	AAS05553.1	CAC30620.1
OG0001332	AAS05557.1	CAC30624.1
OG0001333	AAS05564.1	CAC30628.1
OG0001334	AAS05565.1	CAC30629.1
OG0001335	AAS05566.1	CAC30630.1
OG0001336	AAS05569.1	CAC30633.1
OG0001337	AAS05570.1	CAC30634.1
OG0001338	AAS05571.1	CAC30635.1
OG0001339	AAS05572.1	CAC30636.1
OG0001341	AAS05577.1	CAC30641.1
OG0001342	AAS05578.1	CAC30642.1
OG0001343	AAS05584.1	CAC30647.1
OG0001344	AAS05585.1	CAC30648.1
OG0001345	AAS05588.1	CAC30651.1
OG0001346	AAS05589.1	CAC30652.1
OG0001347	AAS05590.1	CAC30653.1
OG0001348	AAS05592.1	CAC30654.1
OG0001349	AAS05593.1	CAC30655.1
OG0001350	AAS05594.1	CAC30656.1
OG0001351	AAS05595.1	CAC30657.1
OG0001352	AAS05603.1	CAC30659.1
OG0001353	AAS05605.1	CAC30660.1
OG0001354	AAS05606.1	CAC30661.1
OG0001355	AAS05608.1	CAC30664.1
OG0001356	AAS05609.1	CAC30665.1
OG0001357	AAS05610.1	CAC30666.1
OG0001358	AAS05611.1	CAC30667.1
OG0001359	AAS05612.1	CAC30668.1
OG0001360	AAS05630.1	CAC30672.1
OG0001361	AAS05631.1	CAC30673.1
OG0001362	AAS05634.1	CAC30676.1
OG0001363	AAS05637.1	CAC30679.1
OG0001364	AAS05638.1	CAC30680.1
OG0001365	AAS05639.1	CAC30681.1
OG0001366	AAS05640.1	CAC30682.1
OG0001367	AAS05647.1	CAC30686.1
OG0001368	AAS05648.1	CAC30687.1
OG0001369	AAS05649.1	CAC30688.1
OG0001370	AAS05650.1	CAC30689.1
OG0001371	AAS05655.1	CAC30693.1
OG0001374	AAS05718.1	CAC30180.1
OG0001375	AAS05719.1	CAC30179.1
OG0001376	AAS05723.1	CAC30176.1
OG0001377	AAS05724.1	CAC30175.1
OG0001380	AAS05735.1	CAC30171.1
OG0001381	AAS05736.1	CAC30170.1
OG0001382	AAS05737.1	CAC30169.1
OG0001389	AAS05842.1	CAC30152.1
OG0001390	AAS05843.1	CAC30151.1
OG0001391	AAS05845.1	CAC30149.1
OG0001392	AAS05846.1	CAC30148.1
OG0001393	AAS05847.1	CAC30146.1
OG0001394	AAS05855.1	CAC30328.1
OG0001395	AAS05856.1	CAC30327.1
OG0001396	AAS05857.1	CAC30326.1
OG0001397	AAS05858.1	CAC30325.1
OG0001398	AAS05859.1	CAC30324.1
OG0001399	AAS05860.1	CAC30323.1
OG0001400	AAS05863.1	CAC30320.1
OG0001401	AAS05866.1	CAC30318.1
OG0001402	AAS05868.1	CAC30316.1
OG0001403	AAS05870.1	CAC30314.1
OG0001404	AAS05871.1	CAC30313.1
OG0001405	AAS05872.1	CAC30312.1
OG0001406	AAS05883.1	CAC30302.1
OG0001407	AAS05884.1	CAC30301.1
OG0001408	AAS05885.1	CAC30300.1
OG0001410	AAS05899.1	CAC30291.1
OG0001411	AAS05900.1	CAC30290.1
OG0001412	AAS05904.1	CAC30288.1
OG0001413	AAS05905.1	CAC30287.1
OG0001414	AAS05906.1	CAC30285.1
OG0001415	AAS05908.1	CAC30284.1
OG0001416	AAS05909.1	CAC30283.1
OG0001417	AAS05910.1	CAC30282.1
OG0001418	AAS05911.1	CAC30281.1
OG0001419	AAS05912.1	CAC30280.1
OG0001420	AAS05917.1	CAC30274.1
OG0001421	AAS05918.1	CAC30273.1
OG0001422	AAS05919.1	CAC30272.1
OG0001423	AAS05921.1	CAC30270.1
OG0001424	AAS05922.1	CAC30269.1
OG0001425	AAS05924.1	CAC30268.1
OG0001426	AAS05925.1	CAC30267.1
OG0001427	AAS05926.1	CAC30265.1
OG0001428	AAS05928.1	CAC30262.1
OG0001429	AAS05929.1	CAC30261.1
OG0001430	AAS05930.1	CAC30260.1
OG0001431	AAS05931.1	CAC30259.1
OG0001432	AAS05933.1	CAC30257.1
OG0001433	AAS05942.1	CAC30246.1
OG0001434	AAS05943.1	CAC30245.1
OG0001435	AAS05944.1	CAC30244.1
OG0001436	AAS05945.1	CAC30243.1
OG0001437	AAS05946.1	CAC30242.1
OG0001438	AAS05947.1	CAC30241.1
OG0001439	AAS05949.1	CAC30240.1
OG0001440	AAS05951.1	CAC30238.1
OG0001441	AAS05952.1	CAC30237.1
OG0001444	AAS05964.1	CAC30226.1
OG0001445	AAS05967.1	CAC30224.1
OG0001449	AAS05993.1	CAC30206.1
OG0001450	AAS05994.1	CAC30205.1
OG0001451	AAS05998.1	CAC30200.1
OG0001453	AAS03999.1, AAS06002.1	CAC30196.1
OG0001454	AAS06003.1	CAC30195.1
OG0001455	AAS06008.1	CAC30191.1
OG0001457	AAS06011.1	CAC30185.1
OG0001458	AAS06013.1	CAC30183.1
OG0001459	AAS06024.1	CAC29927.1
OG0001460	AAS06028.1	CAC29922.1
OG0001462	AAS06039.1	CAC29903.1
OG0001463	AAS06041.1	CAC29901.1
OG0001464	AAS06042.1	CAC29900.1
OG0001465	AAS06830.1	CAC29897.1
OG0001466	AAS06829.1	CAC29896.1
OG0001467	AAS06828.1	CAC29895.1
OG0001468	AAS06827.1	CAC29894.1
OG0001469	AAS06824.1	CAC29891.1
OG0001470	AAS06823.1	CAC29890.1
OG0001471	AAS06814.1	CAC29888.1
OG0001472	AAS06813.1	CAC29887.1
OG0001473	AAS06811.1	CAC29886.1
OG0001474	AAS06810.1	CAC29885.1
OG0001475	AAS06808.1	CAC29883.1
OG0001476	AAS06806.1	CAC29881.1
OG0001477	AAS06803.1	CAC29879.1
OG0001478	AAS06801.1	CAC29878.1
OG0001479	AAS06797.1	CAC29874.1
OG0001480	AAS06796.1	CAC29873.1
OG0001481	AAS06795.1	CAC29872.1
OG0001482	AAS06794.1	CAC29871.1
OG0001483	AAS06785.1	CAC30910.1
OG0001484	AAS06784.1	CAC30911.1
OG0001485	AAS06783.1	CAC30912.1
OG0001486	AAS06782.1	CAC30913.1
OG0001487	AAS06781.1	CAC30914.1
OG0001488	AAS06780.1	CAC30915.1
OG0001489	AAS06778.1	CAC30917.1
OG0001490	AAS06775.1	CAC30919.1
OG0001493	AAS02890.1	CAC31210.1
OG0001495	AAS02870.1	CAC29862.1
OG0001497	AAS02862.1	CAC29856.1
OG0001502	AAS02796.1	CAC29832.1
OG0001503	AAS02795.1	CAC29831.1
OG0001504	AAS02794.1	CAC29830.1
OG0001505	AAS02793.1	CAC29829.1
OG0001506	AAS02792.1	CAC29828.1
OG0001507	AAS02791.1	CAC29827.1
OG0001509	AAS02788.1	CAC30873.1
OG0001510	AAS02787.1	CAC30874.1
OG0001511	AAS02786.1	CAC30875.1
OG0001512	AAS02785.1	CAC30876.1
OG0001513	AAS02784.1	CAC30877.1
OG0001514	AAS02783.1	CAC30878.1
OG0001515	AAS02778.1	CAC29743.1
OG0001516	AAS02777.1	CAC29742.1
OG0001517	AAS02776.1	CAC29741.1
OG0001518	AAS02775.1	CAC29740.1
OG0001519	AAS02774.1	CAC29739.1
OG0001520	AAS02773.1	CAC29738.1
OG0001521	AAS02772.1	CAC29737.1
OG0001522	AAS02771.1	CAC29736.1
OG0001523	AAS02770.1	CAC29735.1
OG0001524	AAS02769.1	CAC29734.1
OG0001525	AAS02768.1	CAC29733.1
OG0001526	AAS02767.1	CAC29732.1
OG0001527	AAS02766.1	CAC29731.1
OG0001528	AAS02765.1	CAC29730.1
OG0001530	AAS02756.1	CAC29722.1
OG0001531	AAS02755.1	CAC29721.1
OG0001532	AAS02753.1	CAC29719.1
OG0001533	AAS02752.1	CAC29718.1
OG0001534	AAS02751.1	CAC29713.1
OG0001535	AAS02749.1	CAC29715.1
OG0001536	AAS02748.1	CAC29716.1
OG0001537	AAS02746.1	CAC29711.1
OG0001538	AAS02744.1	CAC29710.1
OG0001539	AAS02742.1	CAC29708.1
OG0001540	AAS02741.1	CAC29707.1
OG0001541	AAS02730.1	CAC31805.1
OG0001545	AAS02723.1	CAC31811.1
OG0001546	AAS02722.1	CAC31812.1
OG0001547	AAS02721.1	CAC31813.1
OG0001548	AAS02720.1	CAC31814.1
OG0001549	AAS02719.1	CAC31815.1
OG0001550	AAS02718.1	CAC31816.1
OG0001551	AAS02717.1	CAC31817.1
OG0001552	AAS02714.1	CAC31819.1
OG0001553	AAS02713.1	CAC31820.1
OG0001554	AAS02712.1	CAC31821.1
OG0001555	AAS02711.1	CAC31822.1
OG0001556	AAS02710.1	CAC31823.1
OG0001557	AAS02709.1	CAC31824.1
OG0001558	AAS02708.1	CAC31825.1
OG0001559	AAS02673.1	CAC31828.1
OG0001561	AAS02624.1	CAC31836.1
OG0001562	AAS02626.1	CAC31837.1
OG0001563	AAS02627.1	CAC31838.1
OG0001564	AAS02628.1	CAC31839.1
OG0001565	AAS02632.1	CAC31843.1
OG0001566	AAS02633.1	CAC31845.1
OG0001567	AAS02634.1	CAC31846.1
OG0001568	AAS02636.1	CAC31848.1
OG0001569	AAS02637.1	CAC31849.1
OG0001570	AAS02638.1	CAC31850.1
OG0001571	AAS02639.1	CAC31851.1
OG0001572	AAS02640.1	CAC31852.1
OG0001573	AAS02641.1	CAC31853.1
OG0001575	AAS02596.1	CAC31991.1
OG0001576	AAS02595.1	CAC31990.1
OG0001577	AAS02594.1	CAC31989.1
OG0001579	AAS02566.1	CAC29628.1
OG0001580	AAS02565.1	CAC29627.1
OG0001581	AAS02562.1	CAC29626.1
OG0001582	AAS02561.1	CAC29625.1
OG0001583	AAS02560.1	CAC29624.1
OG0001584	AAS02559.1	CAC29623.1
OG0001585	AAS02558.1	CAC29622.1
OG0001586	AAS02557.1	CAC29621.1
OG0001587	AAS02556.1	CAC29620.1
OG0001588	AAS02553.1	CAC29618.1
OG0001589	AAS02552.1	CAC29617.1
OG0001590	AAS02550.1	CAC29615.1
OG0001591	AAS02549.1	CAC29614.1
OG0001592	AAS02546.1	CAC29613.1
OG0001593	AAS02545.1	CAC29612.1
OG0001594	AAS02536.1	CAC29608.1
OG0001595	AAS02535.1	CAC29607.1
OG0001596	AAS02534.1	CAC29606.1
OG0001597	AAS02532.1	CAC29604.1
OG0001598	AAS02531.1	CAC29603.1
OG0001599	AAS02530.1	CAC29602.1
OG0001600	AAS02529.1	CAC29601.1
OG0001601	AAS02528.1	CAC29600.1
OG0001602	AAS02527.1	CAC29599.1
OG0001603	AAS02525.1	CAC29597.1
OG0001604	AAS02522.1	CAC29595.1
OG0001605	AAS04553.1	CAC31614.1
OG0001607	AAS02514.1	CAC29590.1
OG0001608	AAS02513.1	CAC29589.1
OG0001609	AAS02511.1	CAC29587.1
OG0001610	AAS02510.1	CAC29586.1
OG0001611	AAS02507.1	CAC29582.1
OG0001612	AAS02506.1	CAC29581.1
OG0001613	AAS06364.1	CAC30187.1
OG0001614	AAS02504.1	CAC29580.1
OG0001615	AAS02503.1	CAC29579.1
OG0001616	AAS02502.1	CAC29577.1
OG0001617	AAS02501.1	CAC29576.1
OG0001618	AAS02499.1	CAC29575.1
OG0001619	AAS02498.1	CAC29574.1
OG0001620	AAS02497.1	CAC29573.1
OG0001621	AAS02490.1	CAC29570.1
OG0001622	AAS02489.1	CAC29569.1
OG0001624	AAS06882.1	CAC32229.1
OG0001625	AAS06884.1	CAC32230.1
OG0001626	AAS06885.1	CAC32231.1
OG0001627	AAS06886.1	CAC32232.1
OG0001628	AAS06889.1	CAC32235.1
OG0001629	AAS06891.1	CAC32236.1
OG0001630	AAS06892.1	CAC32237.1
OG0001631	AAS06893.1	CAC32238.1
OG0001632	AAS06894.1	CAC32239.1
OG0001633	AAS06895.1	CAC32240.1
OG0001634	AAS06896.1	CAC32241.1
OG0001635	AAS06897.1	CAC32242.1
OG0001649	AAS04242.1	CAC31268.1
OG0001654	AAS02329.1	CAC29520.1
OG0001666	AAS02363.1	CAC29538.1
OG0001873	AAS02930.1	CAC31184.1
OG0001957	AAS03341.1	CAC31912.1
OG0002037	AAS06361.1	CAC30076.1
OG0002080	AAS03164.1	CAC32008.1
OG0002099	AAS03874.1	CAC31020.1
OG0002159	AAS02806.1, AAS06326.1	CAC29845.1
OG0002180	AAS04215.1	CAC31294.1
OG0002181	AAS04229.1	CAC31280.1
OG0002185	AAS04248.1	CAC31264.1
OG0002323	AAS05183.1	CAC30468.1
OG0002339	AAS05225.1	CAC30508.1
OG0002390	AAS05580.1	CAC30644.1
OG0002460	AAS05920.1	CAC30271.1
OG0002509	AAS06779.1	CAC30916.1
OG0002590	AAS02629.1	CAC31840.1
OG0002638	AAS06899.1	CAC32244.1
OG0002639	AAS06900.1	CAC32245.1
OG0002641	AAS02670.1	CAC31830.1
OG0002644	AAS06325.1, AAS06277.1, AAS02805.1	CAC29844.1
OG0002647	AAS03145.1	CAC31086.1
OG0002648	AAS03161.1	CAC31069.1
OG0002649	AAS03262.1	CAC29744.1
OG0002651	AAS03657.1	CAC31772.1
OG0002652	AAS03692.1, AAS06624.1, AAS05817.1	CAC30749.1
OG0002653	AAS04000.1, AAS06197.1	CAC29905.1, CAC30370.1
OG0002654	AAS05816.1, AAS04013.1, AAS04015.1	CAC30748.1
OG0002656	AAS04176.1	CAC31688.1
OG0002657	AAS04199.1	CAC31675.1
OG0002658	AAS06067.1, AAS04383.1, AAS06615.1	CAC32199.1
OG0002659	AAS04386.1	CAC30574.1
OG0002661	AAS04781.1	CAC31513.1
OG0002663	AAS05205.1	CAC30483.1
OG0002664	AAS05734.1	CAC30172.1
OG0002665	AAS05950.1	CAC30239.1
OG0003510	AAS02485.1, AAS06595.1	CAC31221.1
OG0003514	AAS03540.1, AAS02900.1	CAC31198.1
OG0003518	AAS03115.1, AAS04701.1	CAC31113.1
OG0003521	AAS06477.1, AAS03247.1	CAC32014.1
OG0003526	AAS04089.1, AAS03950.1	CAC30380.1
OG0003534	AAS04830.1, AAS04443.1	CAC31487.1
OG0003661	AAS02568.1	CAC29629.1
OG0003667	AAS02671.1	CAC31829.1
OG0003670	AAS02797.1	CAC29833.1
OG0003671	AAS02803.1	CAC29841.1
OG0003673	AAS02963.1	CAC31152.1
OG0003674	AAS02968.1	CAC31147.1
OG0003680	AAS03193.1	CAC31046.1
OG0003683	AAS03299.1	CAC29755.1
OG0003685	AAS03322.1	CAC29773.1
OG0003687	AAS03486.1	CAC30086.1
OG0003689	AAS03584.1	CAC31591.1
OG0003696	AAS03904.1	CAC31000.1
OG0003697	AAS03972.1	CAC30744.1
OG0003698	AAS03976.1	CAC30774.1
OG0003699	AAS03977.1	CAC30927.1
OG0003708	AAS04361.1	CAC30746.1
OG0003710	AAS04418.1	CAC31226.1
OG0003711	AAS04437.1	CAC31223.1
OG0003712	AAS04438.1	CAC30351.1
OG0003713	AAS04439.1	CAC30350.1
OG0003717	AAS04664.1	CAC31569.1
OG0003720	AAS04796.1	CAC30716.1
OG0003724	AAS04980.1	CAC31337.1
OG0003728	AAS05056.1	CAC29974.1
OG0003729	AAS05060.1	CAC29976.1
OG0003734	AAS05242.1	CAC30523.1
OG0003742	AAS05927.1	CAC30264.1
OG0003743	AAS06065.1	CAC32201.1
OG0003744	AAS06084.1	CAC32186.1
OG0003746	AAS06415.1	CAC29791.1
OG0003749	AAS06620.1	CAC31804.1
OG0003750	AAS06809.1	CAC29884.1
OG0003751	AAS06836.1	CAC32181.1
