Orthogroup	Mavium	Mafric
OG0000001	AAS05732.1, AAS05733.1	CCC28213.1, CCC28214.1
OG0000001	AAS03835.1, AAS03469.1	CCC26900.1
OG0000001	AAS03838.1	CCC25996.1, CCC25462.1
OG0000001	AAS04892.1	CCC27843.1, CCC26122.1
OG0000001	AAS04453.1	CCC28202.1, CCC27438.1, CCC27435.1
OG0000001	AAS06489.1	CCC26647.1, CCC27011.1, CCC27010.1, CCC28428.1, CCC25959.1, CCC26842.1, CCC28238.1, CCC27439.1, CCC28639.1, CCC25379.1, CCC25838.1
OG0000001	AAS03472.1, AAS05244.1, AAS05970.1, AAS05969.1	CCC25428.1
OG0000002	AAS04920.1	CCC26272.1
OG0000002	AAS04113.1	CCC27133.1
OG0000002	AAS03688.1	CCC26752.1
OG0000002	AAS06314.1	CCC28909.1
OG0000003	AAS04912.1	CCC25329.1
OG0000003	AAS06275.1	CCC28817.1
OG0000003	AAS06315.1, AAS06040.1	CCC25354.1, CCC25527.1
OG0000003	AAS02441.1, AAS04051.1	CCC28956.1
OG0000003	AAS06332.1	CCC28094.1, CCC28098.1, CCC25360.1
OG0000004	AAS04056.1, AAS06127.1, AAS03019.1, AAS06143.1, AAS02583.1, AAS04847.1, AAS05268.1, AAS05878.1, AAS03015.1, AAS04976.1, AAS05563.1, AAS04967.1, AAS05809.1, AAS04665.1, AAS05801.1, AAS04710.1, AAS03694.1, AAS05770.1, AAS04104.1, AAS06057.1, AAS03026.1, AAS03772.1, AAS02895.1, AAS03753.1, AAS05062.1, AAS02667.1, AAS06053.1, AAS03698.1, AAS05880.1, AAS05685.1, AAS04843.1, AAS03071.1, AAS04024.1, AAS06429.1	CCC27084.1
OG0000005	AAS04913.1	CCC26276.1
OG0000005	AAS06302.1, AAS04180.1	CCC26628.1, CCC26620.1
OG0000005	AAS05834.1	CCC25478.1
OG0000005	AAS04179.1	CCC28025.1, CCC28005.1
OG0000006	AAS06694.1	CCC27493.1, CCC26895.1
OG0000006	AAS04893.1, AAS03824.1	CCC26880.1, CCC26883.1
OG0000006	AAS03831.1	CCC28559.1
OG0000007	AAS06514.1	CCC25545.1
OG0000007	AAS06667.1	CCC25726.1
OG0000007	AAS06513.1	CCC25544.1
OG0000007	AAS06645.1	CCC28474.1, CCC25724.1, CCC25725.1
OG0000008	AAS04661.1, AAS03091.1, AAS02985.1, AAS04183.1, AAS03044.1, AAS06618.1, AAS04500.1, AAS04966.1, AAS04682.1, AAS04699.1, AAS04842.1, AAS03069.1, AAS04347.1, AAS04296.1, AAS04901.1, AAS06368.1, AAS04688.1, AAS04578.1, AAS03931.1, AAS02839.1	CCC28626.1
OG0000009	AAS05597.1	CCC25476.1, CCC25586.1, CCC26656.1
OG0000009	AAS04055.1	CCC27422.1, CCC25757.1
OG0000012	AAS02919.1	CCC25852.1
OG0000013	AAS06442.1	CCC26158.1
OG0000013	AAS05112.1	CCC28792.1
OG0000013	AAS06487.1, AAS03130.1, AAS03564.1	CCC28636.1
OG0000013	AAS02845.1, AAS03474.1, AAS02865.1	CCC28598.1
OG0000014	AAS06300.1, AAS06496.1, AAS02392.1, AAS05598.1	CCC26655.1
OG0000014	AAS06439.1, AAS04555.1, AAS04054.1	CCC25758.1
OG0000014	AAS03558.1	CCC25525.1
OG0000016	AAS02879.1	CCC28583.1
OG0000016	AAS06632.1	CCC25666.1
OG0000017	AAS02999.1, AAS03033.1, AAS04679.1, AAS04065.1, AAS03065.1, AAS03030.1, AAS04668.1, AAS04972.1, AAS04544.1, AAS03775.1, AAS04902.1, AAS04702.1, AAS06135.1, AAS04669.1, AAS02824.1	CCC28641.1
OG0000018	AAS06739.1	CCC26818.1
OG0000018	AAS05935.1, AAS06614.1, AAS04393.1, AAS06431.1, AAS02539.1, AAS03199.1, AAS06741.1, AAS06740.1, AAS06747.1, AAS02980.1	CCC25912.1
OG0000020	AAS04473.1	CCC26747.1, CCC27889.1, CCC28206.1, CCC26856.1, CCC28406.1, CCC26260.1
OG0000021	AAS04962.1, AAS06200.1, AAS06208.1, AAS05065.1, AAS04712.1, AAS02471.1, AAS04707.1, AAS06475.1, AAS03200.1, AAS03000.1, AAS04715.1, AAS04716.1, AAS03998.1	CCC26225.1
OG0000024	AAS03926.1	CCC26978.1
OG0000024	AAS02533.1	CCC28888.1
OG0000024	AAS06081.1	CCC25203.1
OG0000026	AAS03816.1, AAS06737.1, AAS02445.1, AAS06134.1, AAS03747.1, AAS03915.1, AAS04798.1, AAS02543.1, AAS04371.1, AAS04280.1, AAS03201.1	CCC26021.1
OG0000028	AAS03825.1	CCC26884.1, CCC26121.1, CCC26288.1, CCC27430.1, CCC27437.1
OG0000029	AAS04855.1, AAS04698.1, AAS04515.1, AAS05091.1, AAS03756.1, AAS02366.1, AAS03700.1	CCC28162.1
OG0000029	AAS04854.1	CCC26336.1
OG0000030	AAS04472.1	CCC28407.1, CCC28829.1, CCC27890.1, CCC26855.1
OG0000031	AAS06151.1, AAS02997.1, AAS04717.1, AAS06209.1, AAS04672.1, AAS05064.1, AAS04659.1, AAS03097.1, AAS04505.1, AAS06054.1, AAS04388.1	CCC25239.1
OG0000032	AAS06634.1	CCC25668.1
OG0000033	AAS06635.1	CCC25669.1
OG0000033	AAS04507.1, AAS03077.1, AAS04169.1, AAS02426.1, AAS04432.1	CCC25243.1
OG0000034	AAS04821.1	CCC26359.1, CCC26357.1
OG0000034	AAS05937.1	CCC26012.1
OG0000035	AAS06271.1, AAS04011.1	CCC28904.1
OG0000035	AAS06313.1	CCC28908.1
OG0000036	AAS03823.1	CCC26879.1, CCC26882.1, CCC26793.1, CCC26881.1
OG0000037	AAS06834.1	CCC26050.1
OG0000038	AAS02439.1	CCC26480.1
OG0000038	AAS06331.1	CCC25359.1
OG0000040	AAS04103.1, AAS04554.1, AAS02649.1, AAS05198.1, AAS04840.1, AAS04513.1, AAS04330.1, AAS06169.1, AAS06126.1, AAS03187.1	CCC26007.1
OG0000041	AAS03444.1, AAS04335.1, AAS04517.1, AAS06144.1, AAS03758.1, AAS03937.1, AAS06059.1, AAS03780.1, AAS03767.1, AAS04693.1	CCC26487.1
OG0000042	AAS03370.1	CCC25467.1
OG0000044	AAS04550.1, AAS05628.1	CCC28907.1
OG0000044	AAS04549.1	CCC26274.1
OG0000045	AAS04757.1	CCC26412.1, CCC26415.1, CCC26413.1, CCC26414.1
OG0000046	AAS06045.1, AAS04337.1	CCC26848.1
OG0000046	AAS03793.1, AAS05978.1, AAS04621.1, AAS02650.1	CCC28802.1
OG0000047	AAS03840.1, AAS03837.1, AAS03471.1, AAS05102.1, AAS05706.1, AAS05103.1, AAS05968.1, AAS02904.1, AAS03834.1	CCC26902.1
OG0000048	AAS03081.1, AAS04510.1, AAS06638.1	CCC25672.1
OG0000048	AAS06158.1	CCC25246.1
OG0000049	AAS05813.1, AAS03745.1, AAS06424.1	CCC25466.1
OG0000049	AAS03878.1	CCC26946.1
OG0000050	AAS06312.1, AAS05713.1, AAS03991.1, AAS05188.1	CCC26623.1, CCC26625.1
OG0000051	AAS05197.1, AAS05769.1, AAS04201.1, AAS03936.1, AAS05882.1, AAS04812.1, AAS06010.1, AAS03749.1, AAS03782.1	CCC26790.1
OG0000053	AAS04315.1	CCC27326.1
OG0000053	AAS06035.1, AAS04316.1	CCC27327.1
OG0000054	AAS02854.1, AAS03695.1, AAS05877.1, AAS06856.1, AAS02375.1, AAS06099.1, AAS02605.1, AAS02604.1	CCC28610.1
OG0000055	AAS03003.1, AAS04377.1, AAS03337.1, AAS04724.1, AAS03041.1, AAS04963.1, AAS05887.1, AAS02827.1	CCC28637.1
OG0000056	AAS02820.1, AAS04680.1, AAS03776.1, AAS03064.1, AAS04545.1, AAS03032.1, AAS04670.1, AAS02998.1	CCC28645.1
OG0000057	AAS04187.1, AAS04188.1, AAS03559.1, AAS04186.1, AAS03737.1, AAS04489.1	CCC25176.1
OG0000058	AAS06815.1	CCC28500.1
OG0000058	AAS06486.1	CCC25514.1
OG0000060	AAS06722.1, AAS05938.1	CCC26013.1
OG0000060	AAS03189.1	CCC26009.1
OG0000061	AAS04356.1, AAS05043.1	CCC27089.1
OG0000061	AAS04924.1	CCC26268.1
OG0000064	AAS03686.1	CCC26744.1
OG0000064	AAS04959.1, AAS03689.1	CCC26753.1
OG0000065	AAS05037.1, AAS06596.1, AAS04069.1, AAS03488.1, AAS03272.1, AAS05808.1	CCC27375.1
OG0000066	AAS02826.1, AAS04975.1, AAS03042.1, AAS02469.1, AAS02391.1, AAS04686.1, AAS03286.1	CCC28638.1
OG0000067	AAS02345.1, AAS03467.1, AAS04591.1, AAS04467.1, AAS02421.1, AAS06309.1, AAS03166.1	CCC28716.1
OG0000069	AAS06153.1	CCC25241.1
OG0000069	AAS06633.1	CCC25667.1
OG0000070	AAS06636.1	CCC25670.1
OG0000070	AAS06156.1	CCC25244.1
OG0000071	AAS06637.1	CCC25671.1
OG0000071	AAS06157.1	CCC25245.1
OG0000072	AAS06639.1	CCC25673.1
OG0000072	AAS06159.1	CCC25247.1
OG0000073	AAS04681.1, AAS06145.1, AAS03762.1, AAS03755.1, AAS04052.1, AAS06205.1	CCC25290.1
OG0000074	AAS03512.1	CCC26561.1
OG0000074	AAS06244.1	CCC25317.1
OG0000075	AAS06257.1	CCC25334.1
OG0000075	AAS04419.1	CCC27411.1
OG0000077	AAS03340.1	CCC26161.1
OG0000077	AAS03773.1	CCC28569.1
OG0000078	AAS05763.1, AAS03666.1, AAS04028.1, AAS03087.1, AAS05645.1, AAS04876.1	CCC26310.1
OG0000079	AAS03266.1, AAS03663.1	CCC26450.1
OG0000080	AAS03475.1	CCC26520.1
OG0000080	AAS04618.1	CCC27570.1
OG0000081	AAS03788.1, AAS04791.1, AAS03382.1, AAS04499.1, AAS02443.1, AAS03580.1	CCC26657.1
OG0000082	AAS05092.1, AAS03763.1, AAS05055.1	CCC26808.1, CCC26865.1
OG0000083	AAS04071.1	CCC27087.1
OG0000083	AAS04058.1, AAS04059.1	CCC27111.1
OG0000084	AAS06876.1	CCC28982.1, CCC27166.1
OG0000085	AAS02847.1, AAS03013.1, AAS03750.1, AAS03008.1, AAS05948.1, AAS03800.1	CCC28618.1
OG0000086	AAS02587.1, AAS02572.1, AAS02584.1, AAS06860.1, AAS05745.1, AAS05672.1	CCC28843.1
OG0000088	AAS05841.1	CCC28268.1, CCC25138.1
OG0000089	AAS06597.1, AAS04036.1, AAS04043.1, AAS04100.1	CCC25141.1
OG0000090	AAS06483.1	CCC25142.1, CCC25513.1
OG0000091	AAS05016.1	CCC26180.1, CCC25144.1
OG0000093	AAS02615.1	CCC26217.1
OG0000093	AAS06509.1	CCC25540.1
OG0000094	AAS06561.1	CCC25598.1
OG0000094	AAS02925.1	CCC25858.1
OG0000095	AAS06576.1	CCC25609.1
OG0000095	AAS05591.1	CCC28959.1
OG0000096	AAS06608.1	CCC25641.1, CCC26071.1
OG0000097	AAS02745.1, AAS03167.1, AAS02906.1, AAS02570.1, AAS02981.1, AAS04619.1	CCC25839.1
OG0000098	AAS02917.1, AAS06140.1, AAS03047.1, AAS04849.1, AAS02653.1, AAS04368.1	CCC25850.1
OG0000099	AAS02962.1	CCC28194.1, CCC25897.1
OG0000100	AAS05902.1, AAS06867.1, AAS05823.1, AAS03006.1	CCC25925.1
OG0000101	AAS03094.1, AAS04714.1, AAS03910.1, AAS03334.1	CCC26155.1
OG0000102	AAS02547.1	CCC28411.1
OG0000102	AAS04820.1	CCC26360.1
OG0000103	AAS06310.1	CCC28027.1, CCC26622.1
OG0000104	AAS03774.1, AAS03648.1, AAS06016.1, AAS04417.1, AAS06015.1	CCC26836.1
OG0000105	AAS06459.1, AAS03112.1, AAS02492.1, AAS04666.1, AAS03880.1	CCC26947.1
OG0000106	AAS05643.1	CCC28125.1, CCC27062.1
OG0000107	AAS05818.1, AAS04057.1	CCC27112.1, CCC28210.1
OG0000108	AAS04116.1, AAS04117.1	CCC27136.1
OG0000109	AAS06875.1	CCC28981.1, CCC28980.1, CCC27167.1
OG0000110	AAS04589.1	CCC28028.1, CCC27536.1
OG0000111	AAS06289.1, AAS03949.1	CCC27546.1
OG0000113	AAS05122.1	CCC27758.1, CCC27759.1
OG0000114	AAS05586.1, AAS05803.1, AAS06062.1, AAS06225.1	CCC28079.1
OG0000115	AAS06646.1, AAS03063.1, AAS04974.1, AAS06025.1	CCC28452.1
OG0000116	AAS02880.1, AAS03075.1, AAS02410.1, AAS04167.1, AAS02424.1	CCC28582.1
OG0000117	AAS03046.1, AAS04662.1, AAS02984.1, AAS03070.1, AAS02877.1	CCC28585.1
OG0000118	AAS02814.1, AAS03765.1, AAS03973.1, AAS03402.1, AAS04339.1	CCC28652.1
OG0000119	AAS02523.1	CCC28899.1
OG0000119	AAS02524.1	CCC28898.1
OG0000121	AAS02324.1	CCC25081.1
OG0000122	AAS06841.1, AAS03285.1	CCC25152.1
OG0000123	AAS06327.1	CCC25355.1, CCC25974.1
OG0000124	AAS06333.1	CCC25361.1, CCC28097.1
OG0000125	AAS06334.1	CCC25362.1, CCC28096.1
OG0000126	AAS05036.1, AAS04696.1, AAS06420.1	CCC25430.1
OG0000127	AAS05668.1, AAS02688.1, AAS06434.1	CCC25481.1
OG0000128	AAS06822.1, AAS04448.1, AAS06471.1	CCC25506.1
OG0000129	AAS03422.1, AAS06055.1, AAS04569.1, AAS02945.1	CCC25876.1
OG0000130	AAS02961.1	CCC25896.1, CCC28195.1
OG0000131	AAS02971.1	CCC25902.1
OG0000132	AAS04519.1, AAS02975.1, AAS04521.1	CCC25906.1
OG0000133	AAS03104.1	CCC25938.1
OG0000133	AAS03103.1	CCC25937.1
OG0000134	AAS04956.1	CCC26231.1, CCC26230.1
OG0000135	AAS03084.1, AAS04424.1, AAS04426.1, AAS03067.1	CCC26458.1
OG0000136	AAS05699.1	CCC26472.1, CCC28151.1
OG0000137	AAS03524.1, AAS05985.1, AAS05984.1	CCC26576.1
OG0000138	AAS02991.1, AAS02990.1, AAS03543.1	CCC26589.1
OG0000139	AAS03545.1	CCC27016.1, CCC26593.1
OG0000141	AAS03839.1	CCC26901.1
OG0000142	AAS02661.1, AAS04350.1, AAS03920.1	CCC26972.1
OG0000143	AAS04667.1, AAS04973.1, AAS04703.1	CCC27026.1
OG0000144	AAS05549.1, AAS02346.1	CCC27097.1
OG0000145	AAS04060.1	CCC27117.1, CCC28204.1
OG0000146	AAS03183.1	CCC28833.1, CCC27390.1
OG0000147	AAS04125.1, AAS03427.1, AAS02461.1, AAS04527.1	CCC27481.1
OG0000148	AAS03391.1	CCC27644.1, CCC27645.1
OG0000149	AAS05120.1	CCC27756.1
OG0000150	AAS04640.1, AAS04379.1, AAS05838.1, AAS05160.1	CCC27803.1
OG0000151	AAS05220.1	CCC27900.1, CCC27903.1
OG0000152	AAS03553.1, AAS03554.1, AAS06082.1	CCC28013.1
OG0000154	AAS06699.1, AAS03224.1, AAS05555.1	CCC28047.1
OG0000155	AAS05738.1, AAS06068.1, AAS06353.1, AAS02580.1	CCC28219.1
OG0000156	AAS05875.1, AAS02989.1, AAS03759.1, AAS05673.1	CCC28304.1
OG0000157	AAS05893.1, AAS02413.1, AAS02414.1, AAS06096.1	CCC28311.1
OG0000158	AAS05973.1	CCC28383.1
OG0000159	AAS05975.1	CCC28385.1
OG0000160	AAS05976.1, AAS05035.1	CCC28386.1
OG0000161	AAS05979.1	CCC28388.1
OG0000162	AAS05980.1	CCC28389.1
OG0000163	AAS05983.1	CCC28392.1
OG0000164	AAS05988.1	CCC28395.1
OG0000165	AAS05990.1	CCC28397.1
OG0000166	AAS05991.1	CCC28398.1
OG0000167	AAS05992.1	CCC28399.1
OG0000168	AAS05836.1, AAS04269.1	CCC28413.1
OG0000169	AAS04483.1, AAS04087.1, AAS03263.1, AAS05996.1	CCC28414.1
OG0000170	AAS06009.1, AAS04007.1, AAS04392.1, AAS06647.1	CCC28427.1
OG0000171	AAS06012.1	CCC28439.1, CCC28430.1
OG0000173	AAS02843.1, AAS04906.1, AAS03778.1, AAS04656.1	CCC28622.1
OG0000174	AAS02815.1, AAS03769.1, AAS03017.1, AAS03010.1	CCC28651.1
OG0000175	AAS05012.1, AAS06816.1, AAS02743.1	CCC28721.1
OG0000176	AAS02448.1	CCC28818.1
OG0000176	AAS02664.1	CCC28812.1
OG0000177	AAS02901.1, AAS02643.1, AAS02578.1	CCC28845.1
OG0000178	AAS05939.1, AAS05941.1, AAS03538.1, AAS02576.1	CCC28847.1
OG0000179	AAS04136.1, AAS04135.1, AAS02551.1	CCC28875.1
OG0000182	AAS05039.1	CCC25095.1
OG0000183	AAS02377.1	CCC25120.1
OG0000186	AAS06226.1, AAS06072.1	CCC25192.1
OG0000187	AAS06089.1, AAS02582.1, AAS05670.1	CCC25205.1
OG0000188	AAS06148.1	CCC25238.1
OG0000189	AAS02348.1, AAS06111.1, AAS06167.1	CCC25254.1
OG0000190	AAS06296.1, AAS06182.1	CCC25263.1
OG0000191	AAS06185.1, AAS02472.1, AAS06211.1	CCC25269.1
OG0000192	AAS03802.1, AAS04671.1, AAS06199.1	CCC25287.1
OG0000193	AAS06201.1, AAS04726.1, AAS04722.1	CCC25288.1
OG0000194	AAS06268.1, AAS04579.1, AAS05743.1	CCC25346.1
OG0000196	AAS04067.1, AAS06050.1, AAS06347.1	CCC25384.1
OG0000197	AAS06390.1, AAS05667.1	CCC25424.1
OG0000198	AAS04012.1, AAS06392.1	CCC25426.1
OG0000199	AAS02418.1, AAS02417.1, AAS06472.1	CCC25507.1
OG0000200	AAS06532.1, AAS05822.1	CCC25566.1
OG0000201	AAS06538.1	CCC25574.1
OG0000202	AAS05284.1, AAS06543.1	CCC25580.1
OG0000203	AAS06554.1	CCC25590.1
OG0000204	AAS06589.1, AAS04081.1	CCC25622.1
OG0000205	AAS03982.1, AAS06605.1	CCC25637.1
OG0000206	AAS03418.1	CCC25680.1, CCC28074.1
OG0000208	AAS03641.1, AAS02782.1, AAS06678.1	CCC25735.1
OG0000209	AAS06693.1, AAS02681.1	CCC25766.1
OG0000210	AAS06738.1	CCC25805.1
OG0000211	AAS02446.1, AAS02669.1, AAS06744.1	CCC25810.1
OG0000212	AAS02349.1, AAS02467.1, AAS06764.1	CCC25835.1
OG0000213	AAS05940.1, AAS03539.1, AAS02909.1	CCC25842.1
OG0000214	AAS02912.1, AAS06052.1, AAS04683.1	CCC25845.1
OG0000215	AAS05693.1, AAS02936.1, AAS02935.1	CCC25866.1
OG0000216	AAS02972.1, AAS02449.1	CCC25903.1
OG0000217	AAS03106.1, AAS04031.1	CCC25940.1
OG0000218	AAS03107.1, AAS04032.1	CCC25941.1
OG0000219	AAS06460.1, AAS03136.1	CCC25961.1
OG0000220	AAS03141.1, AAS03204.1	CCC25966.1
OG0000221	AAS02470.1, AAS03150.1	CCC25983.1
OG0000222	AAS02969.1, AAS03190.1	CCC26010.1
OG0000223	AAS02970.1, AAS03191.1	CCC26011.1
OG0000224	AAS03227.1, AAS03040.1, AAS05744.1	CCC26053.1
OG0000225	AAS06757.1, AAS02368.1, AAS02891.1	CCC26068.1
OG0000226	AAS03307.1, AAS05681.1	CCC26105.1
OG0000230	AAS03343.1, AAS05601.1	CCC26164.1
OG0000231	AAS03346.1, AAS05310.1	CCC26167.1
OG0000232	AAS04577.1, AAS04950.1	CCC26240.1
OG0000233	AAS04934.1	CCC26254.1
OG0000234	AAS05787.1, AAS04930.1	CCC26261.1
OG0000235	AAS04182.1, AAS03460.1, AAS04926.1	CCC26265.1
OG0000236	AAS05775.1, AAS02450.1, AAS04896.1	CCC26291.1
OG0000237	AAS03271.1, AAS03153.1, AAS04882.1	CCC26303.1
OG0000238	AAS04831.1	CCC26351.1
OG0000239	AAS04786.1, AAS03303.1	CCC26387.1
OG0000240	AAS06321.1, AAS04780.1	CCC26392.1
OG0000241	AAS04778.1, AAS02690.1	CCC26394.1
OG0000242	AAS04730.1, AAS06284.1, AAS06285.1	CCC26445.1
OG0000243	AAS03068.1, AAS04427.1, AAS03085.1	CCC26459.1
OG0000245	AAS05669.1, AAS03514.1	CCC26566.1
OG0000246	AAS05731.1, AAS03531.1	CCC26583.1
OG0000247	AAS03004.1, AAS03544.1	CCC26592.1
OG0000248	AAS02750.1	CCC28706.1, CCC26609.1
OG0000249	AAS03550.1	CCC26612.1, CCC28031.1
OG0000250	AAS03588.1, AAS06560.1	CCC26664.1
OG0000251	AAS03428.1, AAS03607.1	CCC26679.1
OG0000252	AAS03626.1, AAS06455.1	CCC26700.1
OG0000253	AAS03655.1, AAS06355.1	CCC26719.1
OG0000254	AAS03667.1, AAS06835.1, AAS03066.1	CCC26723.1
OG0000255	AAS05705.1, AAS03883.1, AAS03673.1	CCC26729.1
OG0000256	AAS04465.1, AAS03725.1	CCC26789.1
OG0000257	AAS03727.1, AAS03269.1	CCC26797.1
OG0000258	AAS03850.1, AAS05548.1	CCC26912.1
OG0000259	AAS03913.1, AAS04398.1	CCC26969.1
OG0000260	AAS03134.1, AAS03923.1	CCC26975.1
OG0000261	AAS03932.1, AAS03086.1	CCC26984.1
OG0000262	AAS03943.1, AAS03740.1, AAS06384.1	CCC26995.1
OG0000263	AAS03947.1, AAS04638.1	CCC26999.1
OG0000264	AAS03014.1, AAS02762.1, AAS03962.1	CCC27029.1
OG0000265	AAS06649.1, AAS04082.1	CCC27122.1
OG0000266	AAS03534.1, AAS03650.1, AAS04789.1	CCC27160.1
OG0000268	AAS04194.1, AAS04375.1	CCC27213.1
OG0000269	AAS04206.1	CCC27227.1
OG0000270	AAS06396.1, AAS05617.1, AAS04228.1	CCC27254.1
OG0000272	AAS04249.1, AAS03090.1	CCC27274.1
OG0000273	AAS04251.1	CCC27276.1
OG0000274	AAS03738.1, AAS04258.1	CCC27282.1
OG0000275	AAS04274.1, AAS05613.1	CCC27297.1
OG0000276	AAS04312.1, AAS06227.1	CCC27323.1
OG0000277	AAS06087.1, AAS02662.1, AAS04374.1	CCC27373.1
OG0000278	AAS02684.1, AAS04422.1, AAS04421.1	CCC27414.1
OG0000279	AAS06323.1, AAS04456.1	CCC27443.1
OG0000280	AAS04485.1, AAS04484.1	CCC27460.1
OG0000281	AAS04486.1, AAS03736.1, AAS04189.1	CCC27461.1
OG0000282	AAS02431.1, AAS04174.1, AAS02407.1	CCC27474.1
OG0000283	AAS05231.1, AAS04642.1, AAS02466.1	CCC27501.1
OG0000284	AAS04998.1, AAS04607.1	CCC27556.1
OG0000286	AAS03987.1, AAS04639.1	CCC27603.1
OG0000287	AAS03984.1, AAS04651.1	CCC27610.1
OG0000288	AAS03366.1, AAS03367.1	CCC27669.1
OG0000289	AAS03742.1, AAS05108.1	CCC27745.1
OG0000290	AAS04922.1, AAS05124.1	CCC27764.1
OG0000291	AAS02701.1, AAS05133.1	CCC27773.1
OG0000292	AAS03182.1, AAS05176.1	CCC27823.1
OG0000293	AAS04185.1, AAS05232.1	CCC27921.1
OG0000294	AAS05270.1, AAS05687.1, AAS06837.1	CCC27961.1
OG0000295	AAS04493.1, AAS06295.1	CCC28003.1
OG0000296	AAS03739.1, AAS05567.1	CCC28056.1
OG0000297	AAS05568.1	CCC28057.1
OG0000298	AAS04573.1, AAS05573.1	CCC28062.1
OG0000299	AAS05574.1, AAS04572.1	CCC28063.1
OG0000300	AAS05581.1, AAS06230.1	CCC28071.1
OG0000301	AAS05840.1, AAS02404.1, AAS05632.1	CCC28113.1
OG0000302	AAS05635.1	CCC28116.1
OG0000303	AAS03930.1, AAS05641.1	CCC28122.1
OG0000304	AAS06001.1, AAS05675.1	CCC28142.1
OG0000305	AAS06281.1, AAS05720.1	CCC28179.1
OG0000307	AAS05771.1, AAS06441.1, AAS06098.1	CCC28246.1
OG0000308	AAS04027.1, AAS02401.1, AAS05777.1	CCC28250.1
OG0000309	AAS03798.1, AAS05862.1	CCC28290.1
OG0000311	AAS04232.1, AAS02798.1, AAS05916.1	CCC28335.1
OG0000312	AAS05934.1	CCC28351.1
OG0000313	AAS06610.1, AAS02444.1	CCC28354.1
OG0000314	AAS05954.1, AAS05190.1	CCC28366.1
OG0000315	AAS03813.1, AAS02700.1, AAS05958.1	CCC28369.1
OG0000316	AAS05972.1	CCC28381.1
OG0000317	AAS05977.1	CCC28387.1
OG0000318	AAS05981.1	CCC28390.1
OG0000319	AAS05982.1	CCC28391.1
OG0000320	AAS05989.1	CCC28396.1
OG0000321	AAS06004.1	CCC28423.1
OG0000322	AAS06279.1, AAS02555.1, AAS05683.1	CCC28489.1
OG0000323	AAS03109.1, AAS06776.1, AAS06777.1	CCC28547.1
OG0000324	AAS03282.1, AAS06774.1	CCC28549.1
OG0000325	AAS02896.1, AAS06115.1	CCC28566.1
OG0000326	AAS04697.1, AAS04705.1, AAS02867.1	CCC28596.1
OG0000327	AAS02813.1, AAS05686.1, AAS02996.1	CCC28653.1
OG0000328	AAS02747.1, AAS05796.1	CCC28710.1
OG0000329	AAS02986.1, AAS02740.1	CCC28724.1
OG0000330	AAS02715.1, AAS02399.1	CCC28752.1
OG0000331	AAS02635.1, AAS04338.1	CCC28795.1
OG0000332	AAS02573.1, AAS06628.1, AAS06629.1	CCC28849.1
OG0000333	AAS02538.1, AAS04689.1	CCC28883.1
OG0000334	AAS02537.1	CCC28884.1
OG0000335	AAS02496.1	CCC28939.1
OG0000342	AAS02318.1	CCC25075.1
OG0000343	AAS02319.1	CCC25076.1
OG0000344	AAS02320.1	CCC25077.1
OG0000345	AAS02321.1	CCC25078.1
OG0000346	AAS02322.1	CCC25079.1
OG0000347	AAS02323.1	CCC25080.1
OG0000348	AAS02328.1	CCC25083.1
OG0000349	AAS02330.1	CCC25085.1
OG0000350	AAS02332.1	CCC25087.1
OG0000351	AAS02333.1	CCC25088.1
OG0000352	AAS02335.1	CCC25089.1
OG0000353	AAS02336.1	CCC25090.1
OG0000354	AAS02337.1	CCC25091.1
OG0000355	AAS02338.1	CCC25092.1
OG0000356	AAS02339.1	CCC25093.1
OG0000357	AAS02340.1	CCC25094.1
OG0000358	AAS02353.1	CCC25098.1
OG0000359	AAS02362.1	CCC25112.1
OG0000360	AAS02364.1	CCC25114.1
OG0000361	AAS02365.1	CCC25115.1
OG0000362	AAS02367.1	CCC25116.1
OG0000363	AAS06306.1, AAS02371.1	CCC25118.1
OG0000364	AAS02378.1	CCC25121.1
OG0000365	AAS02380.1	CCC25123.1
OG0000366	AAS02381.1	CCC25124.1
OG0000367	AAS02382.1	CCC25125.1
OG0000368	AAS02384.1	CCC25127.1
OG0000369	AAS02385.1	CCC25128.1
OG0000370	AAS02386.1	CCC25129.1
OG0000371	AAS02387.1	CCC25130.1
OG0000372	AAS02388.1	CCC25132.1
OG0000373	AAS06006.1	CCC25140.1
OG0000374	AAS05688.1, AAS03035.1	CCC25148.1
OG0000375	AAS04614.1	CCC25177.1
OG0000376	AAS06297.1, AAS06320.1	CCC25181.1
OG0000377	AAS06048.1	CCC25182.1
OG0000378	AAS06064.1	CCC25186.1
OG0000379	AAS05799.1, AAS03254.1	CCC25189.1
OG0000380	AAS06070.1	CCC25191.1
OG0000381	AAS06074.1	CCC25194.1
OG0000382	AAS06077.1	CCC25199.1
OG0000383	AAS03661.1, AAS06103.1	CCC25210.1
OG0000384	AAS06104.1	CCC25211.1
OG0000385	AAS06105.1, AAS03967.1	CCC25212.1
OG0000386	AAS06136.1, AAS06107.1	CCC25214.1
OG0000387	AAS06114.1	CCC25220.1
OG0000388	AAS06116.1	CCC25221.1
OG0000389	AAS06117.1, AAS06060.1	CCC25222.1
OG0000390	AAS06122.1	CCC25229.1
OG0000391	AAS06123.1	CCC25230.1
OG0000392	AAS06124.1	CCC25231.1
OG0000393	AAS06128.1	CCC25235.1
OG0000394	AAS06160.1	CCC25248.1
OG0000395	AAS06161.1	CCC25249.1
OG0000396	AAS06162.1	CCC25250.1
OG0000397	AAS06163.1	CCC25251.1
OG0000398	AAS06166.1	CCC25253.1
OG0000399	AAS06172.1	CCC25256.1
OG0000400	AAS06173.1	CCC25257.1
OG0000401	AAS06174.1	CCC25258.1
OG0000402	AAS06181.1	CCC25262.1
OG0000403	AAS06187.1	CCC25275.1
OG0000404	AAS06188.1, AAS05791.1	CCC25276.1
OG0000405	AAS06189.1	CCC25277.1
OG0000406	AAS06191.1	CCC25279.1
OG0000407	AAS06192.1	CCC25280.1
OG0000408	AAS06193.1	CCC25281.1
OG0000409	AAS06196.1	CCC25284.1
OG0000410	AAS06202.1	CCC25289.1
OG0000411	AAS06213.1	CCC25296.1
OG0000412	AAS06214.1	CCC25297.1
OG0000413	AAS06215.1	CCC25298.1
OG0000414	AAS06216.1	CCC25299.1
OG0000415	AAS06217.1	CCC25300.1
OG0000416	AAS06223.1	CCC25306.1
OG0000417	AAS06236.1	CCC25308.1
OG0000418	AAS06238.1	CCC25310.1
OG0000419	AAS06239.1	CCC25311.1
OG0000420	AAS06241.1	CCC25314.1
OG0000421	AAS06242.1	CCC25315.1
OG0000422	AAS06243.1	CCC25316.1
OG0000423	AAS06246.1	CCC25318.1
OG0000424	AAS06250.1	CCC25323.1
OG0000425	AAS06258.1	CCC25336.1
OG0000426	AAS06259.1	CCC25337.1
OG0000427	AAS06264.1	CCC25343.1
OG0000428	AAS06266.1, AAS06853.1	CCC25344.1
OG0000429	AAS06267.1, AAS05740.1	CCC25345.1
OG0000430	AAS06328.1	CCC25356.1
OG0000431	AAS06329.1	CCC25357.1
OG0000432	AAS06330.1	CCC25358.1
OG0000433	AAS06335.1	CCC25363.1
OG0000434	AAS06336.1	CCC25364.1
OG0000435	AAS06337.1	CCC25365.1
OG0000436	AAS06338.1	CCC25366.1
OG0000437	AAS04340.1, AAS04049.1	CCC25376.1
OG0000438	AAS06345.1, AAS03582.1	CCC25382.1
OG0000439	AAS06346.1	CCC25383.1
OG0000440	AAS06349.1, AAS04512.1	CCC25385.1
OG0000441	AAS03978.1, AAS06354.1	CCC25389.1
OG0000442	AAS06370.1	CCC25395.1
OG0000443	AAS05802.1, AAS06375.1	CCC25396.1
OG0000444	AAS06378.1	CCC25408.1
OG0000445	AAS06380.1	CCC25411.1
OG0000446	AAS06381.1	CCC25412.1
OG0000447	AAS06391.1	CCC25425.1
OG0000448	AAS06393.1	CCC25427.1
OG0000449	AAS06419.1	CCC25431.1
OG0000450	AAS06417.1	CCC25432.1
OG0000451	AAS06414.1	CCC25434.1
OG0000452	AAS06413.1	CCC25435.1
OG0000453	AAS06412.1	CCC25438.1
OG0000454	AAS06409.1	CCC25454.1
OG0000455	AAS06407.1	CCC25456.1
OG0000456	AAS06405.1	CCC25457.1
OG0000457	AAS06403.1	CCC25458.1
OG0000458	AAS06422.1	CCC25464.1
OG0000459	AAS06423.1	CCC25465.1
OG0000460	AAS06430.1	CCC25475.1
OG0000461	AAS06433.1	CCC25480.1
OG0000462	AAS06443.1	CCC25484.1
OG0000463	AAS06444.1	CCC25485.1
OG0000464	AAS06447.1	CCC25488.1
OG0000465	AAS06448.1	CCC25489.1
OG0000466	AAS06449.1	CCC25490.1
OG0000467	AAS06450.1	CCC25491.1
OG0000468	AAS06457.1, AAS06456.1	CCC25492.1
OG0000469	AAS06462.1	CCC25496.1
OG0000470	AAS06463.1	CCC25497.1
OG0000471	AAS06465.1	CCC25500.1
OG0000472	AAS06468.1	CCC25503.1
OG0000473	AAS06469.1	CCC25504.1
OG0000474	AAS06470.1	CCC25505.1
OG0000475	AAS06478.1	CCC25509.1
OG0000476	AAS06479.1	CCC25510.1
OG0000477	AAS06480.1	CCC25511.1
OG0000478	AAS06498.1	CCC25529.1
OG0000479	AAS06506.1	CCC25537.1
OG0000480	AAS06507.1	CCC25538.1
OG0000481	AAS06508.1	CCC25539.1
OG0000482	AAS06510.1	CCC25541.1
OG0000483	AAS06512.1	CCC25543.1
OG0000484	AAS06515.1	CCC25548.1
OG0000485	AAS06518.1	CCC25551.1
OG0000486	AAS06519.1	CCC25552.1
OG0000487	AAS06520.1	CCC25553.1
OG0000488	AAS06521.1	CCC25554.1
OG0000489	AAS06522.1	CCC25555.1
OG0000490	AAS06523.1	CCC25556.1
OG0000491	AAS06524.1, AAS05712.1	CCC25557.1
OG0000492	AAS06525.1	CCC25558.1
OG0000493	AAS06526.1	CCC25559.1
OG0000494	AAS06529.1	CCC25562.1
OG0000495	AAS06530.1	CCC25563.1
OG0000496	AAS06531.1	CCC25565.1
OG0000497	AAS06533.1	CCC25567.1
OG0000498	AAS06536.1	CCC25572.1
OG0000499	AAS06537.1	CCC25573.1
OG0000500	AAS06539.1	CCC25575.1
OG0000501	AAS06541.1	CCC25577.1
OG0000502	AAS06542.1	CCC25578.1
OG0000503	AAS06544.1	CCC25581.1
OG0000504	AAS06545.1	CCC25582.1
OG0000505	AAS06546.1	CCC25583.1
OG0000506	AAS06547.1	CCC25584.1
OG0000507	AAS06552.1	CCC25588.1
OG0000508	AAS06553.1	CCC25589.1
OG0000509	AAS06555.1	CCC25591.1
OG0000510	AAS06570.1	CCC25603.1
OG0000511	AAS06571.1	CCC25604.1
OG0000512	AAS06572.1	CCC25605.1
OG0000513	AAS06573.1	CCC25606.1
OG0000514	AAS06574.1	CCC25607.1
OG0000515	AAS06575.1	CCC25608.1
OG0000516	AAS06577.1	CCC25610.1
OG0000517	AAS06579.1	CCC25613.1
OG0000518	AAS06588.1	CCC25621.1
OG0000519	AAS06590.1	CCC25623.1
OG0000520	AAS06591.1	CCC25624.1
OG0000521	AAS06592.1	CCC25625.1
OG0000522	AAS06046.1, AAS06593.1	CCC25626.1
OG0000523	AAS06594.1	CCC25627.1
OG0000524	AAS06600.1	CCC25632.1
OG0000525	AAS06601.1	CCC25633.1
OG0000526	AAS06602.1	CCC25634.1
OG0000527	AAS06603.1	CCC25635.1
OG0000528	AAS06606.1	CCC25638.1
OG0000529	AAS06607.1	CCC25640.1
OG0000530	AAS06609.1	CCC25642.1
OG0000531	AAS06654.1	CCC25713.1
OG0000532	AAS06655.1	CCC25714.1
OG0000533	AAS06656.1	CCC25715.1
OG0000534	AAS06657.1	CCC25716.1
OG0000535	AAS06658.1	CCC25717.1
OG0000536	AAS06659.1	CCC25718.1
OG0000537	AAS06660.1	CCC25719.1
OG0000538	AAS06661.1	CCC25720.1
OG0000539	AAS06662.1	CCC25721.1
OG0000540	AAS06663.1	CCC25722.1
OG0000541	AAS06666.1	CCC25723.1
OG0000542	AAS06668.1	CCC25727.1
OG0000543	AAS06669.1	CCC25728.1
OG0000544	AAS06675.1	CCC25732.1
OG0000545	AAS06676.1	CCC25733.1
OG0000546	AAS06679.1	CCC25736.1
OG0000547	AAS06680.1	CCC25748.1
OG0000548	AAS06681.1	CCC25749.1
OG0000549	AAS06682.1	CCC25751.1
OG0000550	AAS06690.1	CCC25763.1
OG0000551	AAS06691.1	CCC25764.1
OG0000552	AAS06692.1	CCC25765.1
OG0000553	AAS06710.1	CCC25781.1
OG0000554	AAS06711.1	CCC25782.1
OG0000555	AAS06712.1	CCC25783.1
OG0000556	AAS06713.1	CCC25784.1
OG0000557	AAS06714.1	CCC25785.1
OG0000558	AAS06715.1	CCC25786.1
OG0000559	AAS06716.1	CCC25787.1
OG0000560	AAS06717.1	CCC25788.1
OG0000561	AAS06718.1	CCC25789.1
OG0000562	AAS06719.1	CCC25790.1
OG0000563	AAS06720.1	CCC25791.1
OG0000564	AAS06723.1, AAS06725.1	CCC25794.1
OG0000565	AAS06727.1	CCC25795.1
OG0000566	AAS06728.1	CCC25796.1
OG0000567	AAS06729.1	CCC25797.1
OG0000568	AAS06730.1	CCC25798.1
OG0000569	AAS06731.1	CCC25799.1
OG0000570	AAS06732.1	CCC25800.1
OG0000571	AAS06733.1	CCC25801.1
OG0000572	AAS06734.1	CCC25802.1
OG0000573	AAS06735.1	CCC25803.1
OG0000574	AAS06736.1	CCC25804.1
OG0000575	AAS06746.1	CCC25812.1
OG0000576	AAS06748.1	CCC25814.1
OG0000577	AAS06749.1	CCC25815.1
OG0000578	AAS06750.1	CCC25816.1
OG0000579	AAS03061.1, AAS06763.1	CCC25834.1
OG0000580	AAS02910.1	CCC25843.1
OG0000581	AAS02911.1, AAS02858.1	CCC25844.1
OG0000582	AAS03796.1, AAS02918.1	CCC25851.1
OG0000583	AAS02921.1, AAS03048.1	CCC25854.1
OG0000584	AAS02922.1, AAS05098.1	CCC25855.1
OG0000585	AAS02923.1	CCC25856.1
OG0000586	AAS02928.1	CCC25861.1
OG0000587	AAS02931.1	CCC25864.1
OG0000588	AAS02932.1	CCC25865.1
OG0000589	AAS02942.1	CCC25871.1
OG0000590	AAS02943.1	CCC25872.1
OG0000591	AAS02949.1	CCC25882.1
OG0000592	AAS02952.1	CCC25885.1
OG0000593	AAS06770.1	CCC25887.1
OG0000594	AAS02954.1	CCC25889.1
OG0000595	AAS02955.1	CCC25890.1
OG0000596	AAS02956.1	CCC25891.1
OG0000597	AAS02957.1	CCC25892.1
OG0000598	AAS02958.1	CCC25893.1
OG0000599	AAS02960.1	CCC25895.1
OG0000600	AAS02964.1	CCC25898.1
OG0000601	AAS02965.1	CCC25899.1
OG0000602	AAS02967.1	CCC25901.1
OG0000603	AAS02974.1	CCC25905.1
OG0000604	AAS02976.1, AAS05704.1	CCC25907.1
OG0000605	AAS02988.1, AAS05622.1	CCC25920.1
OG0000606	AAS03018.1, AAS03744.1	CCC25927.1
OG0000607	AAS03100.1	CCC25934.1
OG0000608	AAS03956.1, AAS03101.1	CCC25935.1
OG0000609	AAS03116.1	CCC25942.1
OG0000610	AAS03117.1	CCC25943.1
OG0000611	AAS03118.1	CCC25944.1
OG0000612	AAS03122.1	CCC25948.1
OG0000613	AAS03127.1	CCC25952.1
OG0000614	AAS03131.1	CCC25956.1
OG0000615	AAS03132.1	CCC25957.1
OG0000616	AAS03133.1	CCC25958.1
OG0000617	AAS03135.1	CCC25960.1
OG0000618	AAS03139.1	CCC25964.1
OG0000619	AAS03140.1	CCC25965.1
OG0000620	AAS03142.1	CCC25967.1
OG0000621	AAS03146.1	CCC25977.1
OG0000622	AAS03151.1	CCC25984.1
OG0000623	AAS03157.1	CCC25986.1
OG0000624	AAS03162.1	CCC25991.1
OG0000625	AAS03163.1	CCC25993.1
OG0000626	AAS03186.1	CCC26005.1
OG0000627	AAS03197.1, AAS03646.1	CCC26019.1
OG0000628	AAS03202.1, AAS05782.1	CCC26022.1
OG0000629	AAS03645.1, AAS03206.1	CCC26025.1
OG0000630	AAS03208.1	CCC26027.1
OG0000631	AAS03209.1	CCC26029.1
OG0000632	AAS03210.1	CCC26030.1
OG0000633	AAS03212.1	CCC26031.1
OG0000634	AAS03213.1	CCC26032.1
OG0000635	AAS03214.1	CCC26033.1
OG0000636	AAS03217.1	CCC26035.1
OG0000637	AAS03218.1	CCC26036.1
OG0000638	AAS03219.1	CCC26037.1
OG0000639	AAS03220.1	CCC26038.1
OG0000640	AAS03225.1	CCC26047.1
OG0000641	AAS02397.1	CCC26051.1
OG0000642	AAS03232.1	CCC26061.1
OG0000643	AAS03233.1	CCC26063.1
OG0000644	AAS03234.1	CCC26064.1
OG0000645	AAS03235.1	CCC26065.1
OG0000646	AAS03236.1	CCC26066.1
OG0000647	AAS03237.1	CCC26067.1
OG0000648	AAS06756.1	CCC26069.1
OG0000649	AAS03239.1	CCC26073.1
OG0000650	AAS03240.1	CCC26074.1
OG0000651	AAS03241.1	CCC26075.1
OG0000652	AAS03242.1	CCC26076.1
OG0000653	AAS03243.1	CCC26077.1
OG0000654	AAS03244.1	CCC26078.1
OG0000655	AAS03255.1	CCC26080.1
OG0000656	AAS03260.1	CCC26084.1
OG0000657	AAS03261.1	CCC26085.1
OG0000658	AAS03265.1, AAS03268.1	CCC26088.1
OG0000659	AAS03289.1	CCC26089.1
OG0000660	AAS03290.1	CCC26090.1
OG0000661	AAS03291.1	CCC26091.1
OG0000662	AAS03292.1	CCC26092.1
OG0000663	AAS03293.1	CCC26093.1
OG0000664	AAS03294.1	CCC26095.1
OG0000665	AAS03295.1	CCC26096.1
OG0000666	AAS03296.1	CCC26097.1
OG0000667	AAS03298.1	CCC26098.1
OG0000668	AAS03300.1	CCC26099.1
OG0000669	AAS03301.1	CCC26100.1
OG0000670	AAS03304.1	CCC26102.1
OG0000671	AAS03308.1	CCC26106.1
OG0000672	AAS03309.1	CCC26107.1
OG0000673	AAS03310.1	CCC26108.1
OG0000674	AAS03335.1	CCC26156.1
OG0000675	AAS03336.1	CCC26157.1
OG0000676	AAS03342.1	CCC26163.1
OG0000677	AAS03344.1	CCC26165.1
OG0000678	AAS03345.1	CCC26166.1
OG0000679	AAS05024.1	CCC26168.1
OG0000680	AAS05020.1	CCC26171.1
OG0000682	AAS05017.1	CCC26179.1
OG0000683	AAS05015.1	CCC26181.1
OG0000684	AAS05014.1	CCC26182.1
OG0000685	AAS05013.1	CCC26183.1
OG0000686	AAS05010.1	CCC26185.1
OG0000687	AAS05009.1	CCC26186.1
OG0000688	AAS05008.1	CCC26187.1
OG0000689	AAS05005.1	CCC26193.1
OG0000690	AAS05004.1	CCC26194.1
OG0000691	AAS05003.1	CCC26195.1
OG0000692	AAS05002.1	CCC26196.1
OG0000693	AAS05001.1	CCC26197.1
OG0000694	AAS05000.1	CCC26198.1
OG0000695	AAS04999.1	CCC26199.1
OG0000696	AAS04004.1, AAS04988.1	CCC26209.1
OG0000697	AAS04981.1	CCC26215.1
OG0000698	AAS04644.1, AAS04979.1	CCC26220.1
OG0000699	AAS04978.1	CCC26221.1
OG0000700	AAS04954.1, AAS05664.1	CCC26233.1
OG0000701	AAS04641.1, AAS04952.1	CCC26235.1
OG0000702	AAS06755.1, AAS04951.1	CCC26236.1
OG0000703	AAS04947.1	CCC26244.1
OG0000704	AAS04943.1	CCC26246.1
OG0000705	AAS04942.1	CCC26247.1
OG0000706	AAS04941.1	CCC26248.1
OG0000707	AAS04940.1	CCC26249.1
OG0000708	AAS02686.1, AAS04936.1	CCC26252.1
OG0000709	AAS04933.1	CCC26255.1
OG0000710	AAS04932.1	CCC26256.1
OG0000711	AAS04929.1	CCC26262.1
OG0000712	AAS04928.1	CCC26264.1
OG0000713	AAS04923.1	CCC26269.1
OG0000714	AAS04551.1	CCC26275.1
OG0000715	AAS04897.1	CCC26284.1
OG0000716	AAS04895.1	CCC26292.1
OG0000717	AAS04891.1	CCC26293.1
OG0000718	AAS04889.1	CCC26296.1
OG0000719	AAS04887.1	CCC26298.1
OG0000720	AAS04886.1	CCC26299.1
OG0000721	AAS04885.1	CCC26300.1
OG0000722	AAS04884.1	CCC26301.1
OG0000723	AAS04881.1	CCC26304.1
OG0000724	AAS04875.1	CCC26311.1
OG0000725	AAS04874.1	CCC26312.1
OG0000726	AAS04873.1	CCC26313.1
OG0000727	AAS04872.1	CCC26314.1
OG0000728	AAS04871.1	CCC26315.1
OG0000729	AAS04870.1	CCC26320.1
OG0000730	AAS02903.1, AAS04869.1	CCC26321.1
OG0000731	AAS04382.1, AAS04867.1	CCC26323.1
OG0000732	AAS04865.1	CCC26326.1
OG0000733	AAS04864.1	CCC26327.1
OG0000734	AAS04863.1	CCC26328.1
OG0000735	AAS04862.1	CCC26329.1
OG0000736	AAS04859.1	CCC26330.1
OG0000737	AAS04858.1	CCC26331.1
OG0000738	AAS04856.1	CCC26335.1
OG0000739	AAS04853.1	CCC26339.1
OG0000740	AAS04852.1	CCC26340.1
OG0000741	AAS04850.1	CCC26342.1
OG0000742	AAS04839.1	CCC26343.1
OG0000743	AAS04837.1	CCC26345.1
OG0000744	AAS04834.1	CCC26348.1
OG0000745	AAS04832.1	CCC26350.1
OG0000746	AAS02898.1, AAS04826.1	CCC26354.1
OG0000747	AAS04817.1	CCC26365.1
OG0000748	AAS04816.1	CCC26366.1
OG0000749	AAS04815.1	CCC26367.1
OG0000750	AAS04814.1	CCC26368.1
OG0000751	AAS04813.1	CCC26369.1
OG0000752	AAS04811.1	CCC26370.1
OG0000753	AAS04810.1	CCC26371.1
OG0000754	AAS06234.1, AAS03273.1	CCC26372.1
OG0000755	AAS04808.1	CCC26373.1
OG0000756	AAS04807.1	CCC26374.1
OG0000757	AAS04806.1	CCC26375.1
OG0000758	AAS04805.1	CCC26376.1
OG0000759	AAS04801.1, AAS04916.1	CCC26379.1
OG0000760	AAS04787.1	CCC26386.1
OG0000761	AAS04785.1	CCC26388.1
OG0000762	AAS04784.1	CCC26389.1
OG0000763	AAS04783.1	CCC26390.1
OG0000764	AAS04779.1	CCC26393.1
OG0000765	AAS04777.1	CCC26395.1
OG0000766	AAS04776.1	CCC26396.1
OG0000767	AAS04775.1	CCC26397.1
OG0000768	AAS04774.1	CCC26398.1
OG0000769	AAS04773.1	CCC26399.1
OG0000770	AAS04772.1	CCC26400.1
OG0000771	AAS04771.1	CCC26401.1
OG0000772	AAS04770.1	CCC26402.1
OG0000773	AAS04769.1	CCC26403.1
OG0000774	AAS04768.1	CCC26404.1
OG0000775	AAS04767.1	CCC26405.1
OG0000776	AAS04766.1	CCC26406.1
OG0000777	AAS04765.1	CCC26408.1
OG0000778	AAS04764.1	CCC26409.1
OG0000779	AAS04762.1	CCC26410.1
OG0000780	AAS04756.1	CCC26416.1
OG0000781	AAS04754.1	CCC26418.1
OG0000782	AAS04753.1	CCC26419.1
OG0000783	AAS04752.1	CCC26420.1
OG0000784	AAS04746.1	CCC26427.1
OG0000785	AAS04745.1	CCC26428.1
OG0000786	AAS04744.1	CCC26429.1
OG0000787	AAS04742.1	CCC26433.1
OG0000788	AAS04741.1	CCC26434.1
OG0000789	AAS04740.1	CCC26435.1
OG0000790	AAS04739.1	CCC26436.1
OG0000791	AAS04737.1	CCC26437.1
OG0000792	AAS04736.1	CCC26438.1
OG0000793	AAS04735.1	CCC26439.1
OG0000794	AAS02342.1, AAS03872.1	CCC26440.1
OG0000795	AAS02343.1, AAS03871.1	CCC26441.1
OG0000796	AAS03869.1, AAS05697.1	CCC26443.1
OG0000797	AAS03665.1	CCC26451.1
OG0000798	AAS06474.1	CCC26456.1
OG0000799	AAS03432.1	CCC26474.1
OG0000800	AAS03433.1	CCC26475.1
OG0000801	AAS03435.1	CCC26477.1
OG0000802	AAS03436.1	CCC26478.1
OG0000803	AAS03437.1	CCC26479.1
OG0000804	AAS03439.1	CCC26482.1
OG0000805	AAS03440.1	CCC26483.1
OG0000806	AAS03441.1	CCC26484.1
OG0000807	AAS03442.1	CCC26485.1
OG0000808	AAS03443.1	CCC26486.1
OG0000809	AAS03447.1	CCC26496.1
OG0000810	AAS03448.1	CCC26498.1
OG0000811	AAS03449.1	CCC26499.1
OG0000812	AAS03450.1	CCC26500.1
OG0000813	AAS03452.1	CCC26502.1
OG0000814	AAS03453.1	CCC26503.1
OG0000815	AAS03454.1	CCC26504.1
OG0000816	AAS03455.1	CCC26505.1
OG0000817	AAS03456.1	CCC26506.1
OG0000818	AAS03457.1	CCC26509.1
OG0000819	AAS03458.1	CCC26510.1
OG0000820	AAS03459.1	CCC26511.1
OG0000821	AAS03463.1	CCC26514.1
OG0000822	AAS03464.1	CCC26515.1
OG0000823	AAS03465.1	CCC26516.1
OG0000824	AAS03466.1	CCC26517.1
OG0000825	AAS06047.1, AAS03476.1	CCC26521.1
OG0000826	AAS03477.1, AAS05266.1	CCC26522.1
OG0000827	AAS06362.1	CCC26527.1
OG0000828	AAS03481.1	CCC26530.1
OG0000829	AAS03482.1	CCC26531.1
OG0000830	AAS03483.1	CCC26532.1
OG0000831	AAS03484.1	CCC26534.1
OG0000832	AAS02685.1, AAS06651.1	CCC26536.1
OG0000833	AAS03491.1	CCC26539.1
OG0000834	AAS03492.1	CCC26540.1
OG0000835	AAS03494.1	CCC26542.1
OG0000836	AAS03495.1	CCC26543.1
OG0000837	AAS03496.1	CCC26545.1
OG0000838	AAS03499.1	CCC26550.1
OG0000839	AAS03500.1	CCC26551.1
OG0000840	AAS03501.1	CCC26552.1
OG0000841	AAS03502.1	CCC26553.1
OG0000842	AAS03503.1	CCC26554.1
OG0000843	AAS03504.1	CCC26555.1
OG0000844	AAS03505.1	CCC26556.1
OG0000845	AAS03506.1	CCC26557.1
OG0000846	AAS03507.1	CCC26558.1
OG0000847	AAS03508.1	CCC26559.1
OG0000848	AAS03509.1	CCC26560.1
OG0000849	AAS03513.1	CCC26565.1
OG0000850	AAS03515.1	CCC26567.1
OG0000851	AAS03517.1, AAS03948.1	CCC26569.1
OG0000852	AAS03518.1	CCC26570.1
OG0000853	AAS03519.1	CCC26571.1
OG0000854	AAS03520.1	CCC26572.1
OG0000855	AAS03521.1	CCC26573.1
OG0000856	AAS03522.1	CCC26574.1
OG0000857	AAS03523.1	CCC26575.1
OG0000858	AAS03526.1	CCC26578.1
OG0000859	AAS03527.1	CCC26579.1
OG0000860	AAS03528.1	CCC26580.1
OG0000861	AAS03529.1	CCC26581.1
OG0000862	AAS03530.1	CCC26582.1
OG0000863	AAS03542.1	CCC26588.1
OG0000864	AAS06311.1, AAS03735.1	CCC26616.1
OG0000865	AAS06802.1, AAS03562.1	CCC26634.1
OG0000866	AAS03563.1	CCC26635.1
OG0000867	AAS02495.1, AAS03565.1	CCC26636.1
OG0000868	AAS03566.1	CCC26637.1
OG0000869	AAS03567.1	CCC26638.1
OG0000870	AAS03568.1	CCC26639.1
OG0000871	AAS06406.1, AAS03572.1	CCC26643.1
OG0000872	AAS03812.1, AAS03573.1	CCC26645.1
OG0000873	AAS03574.1	CCC26646.1
OG0000874	AAS03577.1, AAS04026.1	CCC26648.1
OG0000875	AAS06709.1, AAS05600.1	CCC26654.1
OG0000876	AAS03581.1	CCC26658.1
OG0000877	AAS05810.1, AAS03587.1	CCC26663.1
OG0000878	AAS03589.1	CCC26665.1
OG0000879	AAS03591.1	CCC26667.1
OG0000880	AAS03592.1	CCC26668.1
OG0000881	AAS03593.1	CCC26669.1
OG0000882	AAS03600.1	CCC26673.1
OG0000883	AAS03601.1	CCC26674.1
OG0000884	AAS03602.1	CCC26675.1
OG0000885	AAS03603.1, AAS06839.1	CCC26676.1
OG0000886	AAS03605.1	CCC26677.1
OG0000887	AAS03606.1	CCC26678.1
OG0000888	AAS03608.1	CCC26680.1
OG0000889	AAS03610.1	CCC26683.1
OG0000890	AAS03611.1	CCC26684.1
OG0000891	AAS03612.1	CCC26685.1
OG0000892	AAS03613.1	CCC26686.1
OG0000893	AAS03614.1	CCC26687.1
OG0000894	AAS03615.1, AAS06698.1	CCC26688.1
OG0000895	AAS03616.1	CCC26689.1
OG0000896	AAS03617.1	CCC26690.1
OG0000897	AAS03618.1	CCC26691.1
OG0000898	AAS03620.1	CCC26693.1
OG0000899	AAS03621.1	CCC26694.1
OG0000900	AAS03622.1	CCC26695.1
OG0000901	AAS03623.1	CCC26696.1
OG0000902	AAS03624.1	CCC26697.1
OG0000903	AAS03625.1	CCC26698.1
OG0000904	AAS03627.1	CCC26701.1
OG0000905	AAS03628.1	CCC26702.1
OG0000906	AAS03635.1	CCC26709.1
OG0000907	AAS03636.1	CCC26710.1
OG0000908	AAS03114.1, AAS03638.1	CCC26712.1
OG0000909	AAS03639.1	CCC26713.1
OG0000910	AAS03642.1	CCC26714.1
OG0000911	AAS03643.1	CCC26715.1
OG0000912	AAS03652.1	CCC26717.1
OG0000913	AAS03656.1	CCC26720.1
OG0000914	AAS03658.1	CCC26721.1
OG0000915	AAS03668.1	CCC26724.1
OG0000916	AAS03669.1	CCC26725.1
OG0000917	AAS03670.1	CCC26726.1
OG0000918	AAS03671.1	CCC26727.1
OG0000919	AAS03672.1	CCC26728.1
OG0000920	AAS03674.1	CCC26731.1
OG0000921	AAS02654.1, AAS03675.1	CCC26732.1
OG0000922	AAS03676.1	CCC26733.1
OG0000923	AAS03677.1	CCC26734.1
OG0000924	AAS03678.1	CCC26736.1
OG0000925	AAS03679.1	CCC26737.1
OG0000926	AAS03680.1	CCC26738.1
OG0000927	AAS03681.1	CCC26739.1
OG0000928	AAS03682.1	CCC26740.1
OG0000929	AAS03683.1	CCC26741.1
OG0000930	AAS03684.1	CCC26742.1
OG0000931	AAS03685.1	CCC26743.1
OG0000932	AAS03706.1	CCC26771.1
OG0000933	AAS03707.1	CCC26772.1
OG0000934	AAS03708.1, AAS04369.1	CCC26773.1
OG0000935	AAS03710.1, AAS06083.1	CCC26775.1
OG0000936	AAS03712.1	CCC26776.1
OG0000937	AAS03713.1	CCC26777.1
OG0000938	AAS03717.1	CCC26781.1
OG0000939	AAS03718.1	CCC26782.1
OG0000940	AAS03719.1	CCC26783.1
OG0000941	AAS03720.1	CCC26784.1
OG0000942	AAS03721.1	CCC26785.1
OG0000943	AAS03722.1	CCC26786.1
OG0000944	AAS03723.1	CCC26787.1
OG0000945	AAS03724.1, AAS04794.1	CCC26788.1
OG0000946	AAS03728.1	CCC26798.1
OG0000947	AAS03729.1	CCC26799.1
OG0000948	AAS03730.1	CCC26800.1
OG0000949	AAS03731.1	CCC26801.1
OG0000950	AAS03732.1	CCC26802.1
OG0000951	AAS06844.1, AAS03781.1	CCC26839.1
OG0000952	AAS04286.1, AAS03770.1	CCC26850.1
OG0000953	AAS03811.1	CCC26872.1
OG0000954	AAS03818.1	CCC26874.1
OG0000955	AAS03819.1	CCC26876.1
OG0000956	AAS03826.1	CCC26886.1
OG0000957	AAS03827.1	CCC26887.1
OG0000958	AAS03828.1	CCC26888.1
OG0000959	AAS03829.1	CCC26889.1
OG0000960	AAS03830.1	CCC26890.1
OG0000961	AAS03841.1, AAS03654.1	CCC26903.1
OG0000962	AAS03264.1	CCC26904.1
OG0000963	AAS05615.1, AAS03843.1	CCC26907.1
OG0000964	AAS03847.1, AAS03764.1	CCC26909.1
OG0000965	AAS03848.1	CCC26911.1
OG0000966	AAS03851.1	CCC26913.1
OG0000967	AAS03852.1	CCC26914.1
OG0000968	AAS03856.1	CCC26918.1
OG0000969	AAS03857.1	CCC26919.1
OG0000970	AAS03858.1	CCC26920.1
OG0000971	AAS03859.1	CCC26921.1
OG0000972	AAS03860.1	CCC26922.1
OG0000973	AAS03862.1	CCC26924.1
OG0000974	AAS03865.1	CCC26928.1
OG0000975	AAS03866.1	CCC26929.1
OG0000976	AAS03873.1	CCC26935.1
OG0000977	AAS03875.1	CCC26937.1
OG0000978	AAS03876.1	CCC26938.1
OG0000979	AAS03881.1	CCC26948.1
OG0000980	AAS03886.1	CCC26952.1
OG0000981	AAS03887.1	CCC26953.1
OG0000982	AAS03888.1	CCC26954.1
OG0000983	AAS03891.1, AAS04033.1	CCC26957.1
OG0000984	AAS03894.1, AAS03215.1	CCC26959.1
OG0000985	AAS03900.1	CCC26963.1
OG0000986	AAS03902.1	CCC26964.1
OG0000987	AAS03912.1	CCC26968.1
OG0000988	AAS03921.1, AAS03095.1	CCC26973.1
OG0000989	AAS03924.1	CCC26976.1
OG0000990	AAS03928.1	CCC26979.1
OG0000991	AAS03939.1	CCC26989.1
OG0000992	AAS03942.1	CCC26994.1
OG0000993	AAS03945.1	CCC26996.1
OG0000994	AAS03946.1	CCC26998.1
OG0000995	AAS03960.1	CCC27009.1
OG0000996	AAS03963.1	CCC27012.1
OG0000997	AAS04035.1, AAS05267.1	CCC27019.1
OG0000998	AAS03969.1	CCC27024.1
OG0000999	AAS04083.1	CCC27123.1
OG0001000	AAS04084.1	CCC27124.1
OG0001001	AAS04085.1	CCC27125.1
OG0001002	AAS04086.1	CCC27126.1
OG0001003	AAS04115.1	CCC27135.1
OG0001004	AAS04118.1, AAS06204.1	CCC27137.1
OG0001005	AAS04120.1	CCC27139.1
OG0001006	AAS02804.1, AAS06324.1	CCC27145.1
OG0001007	AAS04121.1	CCC27146.1
OG0001008	AAS04131.1	CCC27154.1
OG0001009	AAS04143.1	CCC27175.1
OG0001010	AAS04145.1	CCC27176.1
OG0001011	AAS04146.1	CCC27177.1
OG0001012	AAS04147.1	CCC27178.1
OG0001013	AAS04148.1	CCC27179.1
OG0001014	AAS04149.1	CCC27180.1
OG0001015	AAS04150.1	CCC27181.1
OG0001017	AAS04151.1	CCC27191.1
OG0001018	AAS04152.1	CCC27192.1
OG0001019	AAS04153.1	CCC27193.1
OG0001020	AAS04154.1	CCC27194.1
OG0001021	AAS04157.1	CCC27198.1
OG0001022	AAS04158.1	CCC27199.1
OG0001023	AAS04159.1	CCC27200.1
OG0001024	AAS04160.1	CCC27201.1
OG0001025	AAS04163.1	CCC27203.1
OG0001026	AAS04164.1	CCC27204.1
OG0001027	AAS04177.1	CCC27207.1
OG0001028	AAS04193.1	CCC27212.1
OG0001029	AAS04195.1	CCC27215.1
OG0001030	AAS04196.1	CCC27216.1
OG0001031	AAS04197.1	CCC27217.1
OG0001032	AAS03892.1	CCC27218.1
OG0001033	AAS04200.1	CCC27221.1
OG0001034	AAS04202.1	CCC27222.1
OG0001035	AAS04203.1	CCC27223.1
OG0001036	AAS04205.1	CCC27226.1
OG0001037	AAS04207.1	CCC27228.1
OG0001038	AAS04208.1	CCC27229.1
OG0001039	AAS04209.1	CCC27230.1
OG0001040	AAS04210.1	CCC27231.1
OG0001041	AAS04211.1	CCC27232.1
OG0001042	AAS04213.1	CCC27234.1
OG0001043	AAS04214.1	CCC27235.1
OG0001044	AAS04216.1	CCC27237.1
OG0001045	AAS04217.1	CCC27238.1
OG0001046	AAS04218.1	CCC27239.1
OG0001047	AAS04219.1	CCC27240.1
OG0001048	AAS04220.1	CCC27246.1
OG0001049	AAS04221.1	CCC27247.1
OG0001050	AAS04222.1	CCC27248.1
OG0001051	AAS04223.1	CCC27249.1
OG0001052	AAS04224.1	CCC27250.1
OG0001053	AAS04225.1	CCC27251.1
OG0001054	AAS04226.1	CCC27252.1
OG0001055	AAS04227.1	CCC27253.1
OG0001056	AAS04230.1	CCC27256.1
OG0001057	AAS04231.1	CCC27257.1
OG0001058	AAS04233.1	CCC27259.1
OG0001059	AAS04234.1	CCC27260.1
OG0001060	AAS04236.1	CCC27262.1
OG0001061	AAS04237.1	CCC27263.1
OG0001062	AAS04238.1	CCC27264.1
OG0001063	AAS04239.1	CCC27265.1
OG0001064	AAS04240.1	CCC27266.1
OG0001065	AAS04241.1	CCC27267.1
OG0001066	AAS04243.1	CCC27269.1
OG0001067	AAS04245.1	CCC27271.1
OG0001068	AAS04250.1	CCC27275.1
OG0001069	AAS04252.1	CCC27277.1
OG0001070	AAS04254.1	CCC27278.1
OG0001071	AAS04255.1	CCC27279.1
OG0001072	AAS04256.1	CCC27280.1
OG0001073	AAS04257.1	CCC27281.1
OG0001074	AAS04259.1	CCC27283.1
OG0001075	AAS04260.1	CCC27284.1
OG0001076	AAS04261.1	CCC27285.1
OG0001077	AAS04263.1	CCC27287.1
OG0001078	AAS04265.1	CCC27288.1
OG0001079	AAS04267.1	CCC27291.1
OG0001080	AAS04268.1	CCC27292.1
OG0001081	AAS04270.1	CCC27294.1
OG0001082	AAS04272.1	CCC27295.1
OG0001083	AAS04273.1	CCC27296.1
OG0001084	AAS04275.1	CCC27298.1
OG0001085	AAS04276.1	CCC27299.1
OG0001086	AAS04277.1	CCC27300.1
OG0001087	AAS04279.1	CCC27302.1
OG0001088	AAS04282.1	CCC27303.1
OG0001089	AAS04283.1	CCC27304.1
OG0001090	AAS04284.1	CCC27305.1
OG0001091	AAS04285.1	CCC27306.1
OG0001092	AAS04287.1	CCC27307.1
OG0001093	AAS04297.1	CCC27310.1
OG0001094	AAS04298.1	CCC27311.1
OG0001095	AAS04299.1	CCC27312.1
OG0001096	AAS04303.1	CCC27316.1
OG0001097	AAS04309.1	CCC27320.1
OG0001098	AAS04311.1	CCC27322.1
OG0001099	AAS04313.1	CCC27324.1
OG0001100	AAS04314.1	CCC27325.1
OG0001101	AAS04317.1	CCC27328.1
OG0001102	AAS04323.1	CCC27338.1
OG0001103	AAS04324.1	CCC27339.1
OG0001104	AAS04325.1	CCC27340.1
OG0001105	AAS06382.1, AAS04329.1	CCC27344.1
OG0001106	AAS05034.1, AAS04360.1	CCC27365.1
OG0001107	AAS04372.1	CCC27371.1
OG0001108	AAS04407.1	CCC27398.1
OG0001109	AAS04408.1	CCC27399.1
OG0001110	AAS04409.1	CCC27400.1
OG0001111	AAS04414.1	CCC27407.1
OG0001112	AAS04415.1	CCC27408.1
OG0001113	AAS04440.1	CCC27417.1
OG0001114	AAS04441.1	CCC27418.1
OG0001115	AAS04446.1	CCC27425.1
OG0001116	AAS04447.1	CCC27426.1
OG0001117	AAS04449.1	CCC27427.1
OG0001118	AAS04454.1	CCC27441.1
OG0001119	AAS04455.1	CCC27442.1
OG0001120	AAS04458.1	CCC27445.1
OG0001121	AAS04459.1	CCC27446.1
OG0001122	AAS04462.1	CCC27448.1
OG0001123	AAS04476.1	CCC27451.1
OG0001124	AAS04477.1	CCC27452.1
OG0001125	AAS04478.1	CCC27456.1
OG0001126	AAS04479.1	CCC27457.1
OG0001127	AAS04480.1	CCC27458.1
OG0001128	AAS04492.1	CCC27466.1
OG0001129	AAS04494.1, AAS06291.1	CCC27467.1
OG0001130	AAS04352.1, AAS04525.1	CCC27475.1
OG0001131	AAS04353.1, AAS04526.1	CCC27476.1
OG0001132	AAS04530.1	CCC27484.1
OG0001133	AAS04531.1	CCC27486.1
OG0001134	AAS04532.1, AAS03701.1	CCC27487.1
OG0001135	AAS04534.1	CCC27489.1
OG0001136	AAS04538.1	CCC27494.1
OG0001137	AAS04539.1	CCC27495.1
OG0001138	AAS04540.1	CCC27496.1
OG0001139	AAS04541.1	CCC27497.1
OG0001140	AAS04542.1	CCC27498.1
OG0001141	AAS04559.1	CCC27504.1
OG0001142	AAS04560.1	CCC27505.1
OG0001143	AAS04561.1	CCC27506.1
OG0001144	AAS04564.1	CCC27512.1
OG0001145	AAS03906.1	CCC27514.1
OG0001146	AAS04567.1, AAS03596.1	CCC27521.1
OG0001147	AAS02616.1, AAS04568.1	CCC27522.1
OG0001148	AAS04575.1	CCC27524.1
OG0001149	AAS04580.1	CCC27526.1
OG0001150	AAS04581.1	CCC27527.1
OG0001151	AAS04582.1	CCC27528.1
OG0001152	AAS04583.1	CCC27529.1
OG0001153	AAS04584.1	CCC27531.1
OG0001154	AAS04585.1	CCC27532.1
OG0001155	AAS04586.1	CCC27533.1
OG0001156	AAS04587.1	CCC27534.1
OG0001157	AAS04588.1	CCC27535.1
OG0001158	AAS04595.1	CCC27544.1
OG0001159	AAS04596.1	CCC27545.1
OG0001160	AAS04597.1	CCC27547.1
OG0001161	AAS04598.1	CCC27548.1
OG0001162	AAS04599.1	CCC27549.1
OG0001163	AAS04602.1	CCC27552.1
OG0001164	AAS04603.1	CCC27553.1
OG0001165	AAS04604.1	CCC27554.1
OG0001166	AAS04605.1	CCC27555.1
OG0001167	AAS04608.1	CCC27557.1
OG0001168	AAS04611.1	CCC27563.1
OG0001169	AAS04612.1	CCC27564.1
OG0001170	AAS04615.1	CCC27567.1
OG0001171	AAS04616.1	CCC27568.1
OG0001172	AAS04617.1	CCC27569.1
OG0001173	AAS03804.1, AAS04625.1	CCC27581.1
OG0001174	AAS04626.1, AAS03805.1	CCC27582.1
OG0001175	AAS04630.1	CCC27586.1
OG0001176	AAS04633.1	CCC27592.1
OG0001177	AAS04634.1	CCC27593.1
OG0001178	AAS04635.1	CCC27594.1
OG0001179	AAS04637.1	CCC27596.1
OG0001180	AAS04645.1	CCC27605.1
OG0001181	AAS04646.1	CCC27606.1
OG0001182	AAS04647.1	CCC27607.1
OG0001183	AAS04648.1	CCC27608.1
OG0001184	AAS04649.1	CCC27609.1
OG0001185	AAS03417.1	CCC27617.1
OG0001186	AAS03415.1	CCC27619.1
OG0001187	AAS03414.1	CCC27620.1
OG0001188	AAS03413.1	CCC27621.1
OG0001189	AAS03412.1	CCC27622.1
OG0001190	AAS03411.1	CCC27623.1
OG0001191	AAS03410.1	CCC27624.1
OG0001192	AAS03409.1	CCC27625.1
OG0001193	AAS03408.1	CCC27626.1
OG0001194	AAS03397.1	CCC27639.1
OG0001195	AAS03396.1	CCC27640.1
OG0001196	AAS03395.1	CCC27641.1
OG0001197	AAS03394.1	CCC27642.1
OG0001198	AAS03389.1	CCC27646.1
OG0001199	AAS04373.1	CCC27648.1, CCC27649.1
OG0001200	AAS03387.1	CCC27654.1
OG0001201	AAS03385.1	CCC27656.1
OG0001202	AAS06229.1, AAS03383.1	CCC27658.1
OG0001203	AAS03380.1	CCC27659.1
OG0001204	AAS06566.1, AAS03379.1	CCC27660.1
OG0001205	AAS03373.1, AAS03093.1	CCC27663.1
OG0001206	AAS03369.1	CCC27667.1
OG0001207	AAS03368.1	CCC27668.1
OG0001208	AAS03364.1	CCC27670.1
OG0001209	AAS03362.1	CCC27672.1
OG0001210	AAS03361.1	CCC27673.1
OG0001211	AAS03360.1	CCC27674.1
OG0001212	AAS03359.1	CCC27675.1
OG0001213	AAS03358.1	CCC27676.1
OG0001214	AAS03357.1	CCC27677.1
OG0001215	AAS03355.1	CCC27679.1
OG0001216	AAS03354.1	CCC27680.1
OG0001217	AAS03353.1	CCC27681.1
OG0001218	AAS03347.1	CCC27691.1
OG0001219	AAS05025.1	CCC27692.1
OG0001220	AAS05026.1, AAS04046.1	CCC27693.1
OG0001221	AAS05027.1	CCC27694.1
OG0001222	AAS05028.1	CCC27697.1
OG0001223	AAS05029.1	CCC27698.1
OG0001224	AAS05030.1	CCC27699.1
OG0001225	AAS05031.1	CCC27700.1
OG0001226	AAS05032.1	CCC27701.1
OG0001227	AAS05033.1	CCC27702.1
OG0001228	AAS05057.1	CCC27726.1
OG0001229	AAS05109.1	CCC27746.1
OG0001230	AAS05110.1	CCC27747.1
OG0001231	AAS05114.1	CCC27750.1
OG0001232	AAS05115.1	CCC27751.1
OG0001233	AAS05116.1	CCC27752.1
OG0001234	AAS05118.1	CCC27754.1
OG0001235	AAS05119.1	CCC27755.1
OG0001236	AAS05121.1	CCC27757.1
OG0001237	AAS05129.1	CCC27769.1
OG0001238	AAS05130.1	CCC27770.1
OG0001239	AAS05131.1	CCC27771.1
OG0001240	AAS05132.1	CCC27772.1
OG0001241	AAS05134.1	CCC27774.1
OG0001242	AAS05135.1	CCC27775.1
OG0001243	AAS05136.1	CCC27776.1
OG0001244	AAS05137.1	CCC27777.1
OG0001245	AAS05140.1	CCC27781.1
OG0001246	AAS05141.1	CCC27782.1
OG0001247	AAS05142.1	CCC27783.1
OG0001248	AAS05143.1	CCC27784.1
OG0001249	AAS05148.1	CCC27788.1
OG0001250	AAS05150.1	CCC27791.1
OG0001251	AAS05151.1	CCC27792.1
OG0001252	AAS05152.1	CCC27793.1
OG0001253	AAS05153.1	CCC27794.1
OG0001254	AAS05154.1	CCC27795.1
OG0001255	AAS06427.1, AAS04030.1	CCC27798.1
OG0001256	AAS05156.1	CCC27799.1
OG0001257	AAS05157.1	CCC27800.1
OG0001258	AAS05158.1	CCC27801.1
OG0001259	AAS05159.1	CCC27802.1
OG0001260	AAS05162.1	CCC27806.1
OG0001261	AAS05163.1	CCC27807.1
OG0001262	AAS05164.1	CCC27810.1
OG0001263	AAS05165.1	CCC27811.1
OG0001264	AAS05167.1	CCC27813.1
OG0001265	AAS05168.1	CCC27814.1
OG0001266	AAS05169.1	CCC27815.1
OG0001267	AAS05174.1	CCC27821.1
OG0001268	AAS05175.1	CCC27822.1
OG0001269	AAS05180.1	CCC27827.1
OG0001270	AAS05181.1	CCC27828.1
OG0001271	AAS05182.1	CCC27829.1
OG0001272	AAS05185.1	CCC27838.1
OG0001273	AAS05186.1	CCC27839.1
OG0001274	AAS05193.1	CCC27846.1
OG0001275	AAS05194.1	CCC27847.1
OG0001276	AAS05831.1, AAS05201.1	CCC27851.1
OG0001277	AAS05833.1, AAS05203.1	CCC27852.1
OG0001278	AAS05207.1	CCC27857.1
OG0001279	AAS05208.1	CCC27858.1
OG0001280	AAS05209.1	CCC27860.1
OG0001281	AAS05210.1	CCC27861.1
OG0001282	AAS05215.1	CCC27868.1
OG0001283	AAS05216.1	CCC27869.1
OG0001284	AAS05217.1	CCC27870.1
OG0001285	AAS05223.1	CCC27913.1
OG0001286	AAS05224.1	CCC27914.1
OG0001287	AAS05226.1	CCC27916.1
OG0001288	AAS05228.1	CCC27918.1
OG0001289	AAS05229.1	CCC27919.1
OG0001290	AAS04161.1, AAS05240.1	CCC27930.1
OG0001291	AAS05247.1	CCC27934.1
OG0001292	AAS05251.1	CCC27936.1
OG0001293	AAS05253.1	CCC27939.1
OG0001294	AAS05255.1	CCC27943.1
OG0001295	AAS05256.1	CCC27944.1
OG0001296	AAS05257.1	CCC27945.1
OG0001297	AAS05261.1	CCC27955.1
OG0001298	AAS05262.1	CCC27956.1
OG0001299	AAS05263.1	CCC27957.1
OG0001300	AAS05271.1	CCC27962.1
OG0001301	AAS05272.1	CCC27963.1
OG0001302	AAS05273.1	CCC27964.1
OG0001303	AAS05275.1	CCC27968.1
OG0001304	AAS04181.1, AAS05277.1	CCC27969.1
OG0001305	AAS05279.1, AAS03901.1	CCC27971.1
OG0001306	AAS05282.1	CCC27972.1
OG0001307	AAS05286.1	CCC27975.1
OG0001308	AAS05287.1	CCC27976.1
OG0001309	AAS05288.1	CCC27977.1
OG0001310	AAS05289.1	CCC27978.1
OG0001311	AAS05291.1	CCC27980.1
OG0001312	AAS05292.1	CCC27981.1
OG0001313	AAS05293.1	CCC27982.1
OG0001314	AAS05294.1	CCC27983.1
OG0001315	AAS03034.1, AAS05295.1	CCC27984.1
OG0001316	AAS05298.1, AAS03795.1	CCC27987.1
OG0001317	AAS05300.1	CCC27990.1
OG0001318	AAS05302.1	CCC27991.1
OG0001319	AAS03711.1, AAS05305.1	CCC27994.1
OG0001320	AAS05306.1	CCC27995.1
OG0001321	AAS05307.1	CCC27996.1
OG0001322	AAS05311.1	CCC27999.1
OG0001323	AAS05312.1	CCC28000.1
OG0001324	AAS05313.1	CCC28001.1
OG0001325	AAS05314.1	CCC28002.1
OG0001326	AAS03555.1	CCC28011.1
OG0001327	AAS02376.1	CCC28026.1
OG0001328	AAS05550.1	CCC28040.1
OG0001329	AAS05551.1	CCC28041.1
OG0001330	AAS05552.1	CCC28043.1
OG0001331	AAS05553.1	CCC28044.1
OG0001332	AAS05557.1	CCC28049.1
OG0001333	AAS05564.1	CCC28051.1
OG0001334	AAS05565.1	CCC28052.1
OG0001335	AAS05566.1	CCC28055.1
OG0001336	AAS05569.1	CCC28058.1
OG0001337	AAS05570.1	CCC28059.1
OG0001338	AAS05571.1	CCC28060.1
OG0001339	AAS05572.1	CCC28061.1
OG0001340	AAS03009.1, AAS05575.1	CCC28064.1
OG0001341	AAS05577.1	CCC28067.1
OG0001342	AAS05578.1	CCC28068.1
OG0001343	AAS05584.1	CCC28077.1
OG0001344	AAS05585.1	CCC28078.1
OG0001345	AAS05588.1	CCC28081.1
OG0001346	AAS05589.1	CCC28082.1
OG0001347	AAS05590.1	CCC28085.1
OG0001348	AAS05592.1	CCC28086.1
OG0001349	AAS05593.1	CCC28087.1
OG0001350	AAS05594.1	CCC28088.1
OG0001351	AAS05595.1	CCC28089.1
OG0001352	AAS05603.1	CCC28091.1
OG0001353	AAS05605.1	CCC28101.1
OG0001354	AAS05606.1	CCC28102.1
OG0001355	AAS05608.1	CCC28105.1
OG0001356	AAS05609.1	CCC28106.1
OG0001357	AAS05610.1	CCC28107.1
OG0001358	AAS05611.1	CCC28108.1
OG0001359	AAS05612.1	CCC28109.1
OG0001360	AAS05630.1	CCC28111.1
OG0001361	AAS05631.1	CCC28112.1
OG0001362	AAS05634.1	CCC28115.1
OG0001363	AAS05637.1	CCC28118.1
OG0001364	AAS05638.1	CCC28119.1
OG0001365	AAS05639.1	CCC28120.1
OG0001366	AAS05640.1	CCC28121.1
OG0001367	AAS05647.1	CCC28127.1
OG0001368	AAS05648.1	CCC28128.1
OG0001369	AAS05649.1	CCC28129.1
OG0001370	AAS05650.1	CCC28130.1
OG0001371	AAS05655.1	CCC28134.1
OG0001372	AAS05191.1	CCC28166.1
OG0001373	AAS04288.1, AAS02602.1	CCC28173.1
OG0001374	AAS05718.1	CCC28177.1
OG0001375	AAS05719.1	CCC28178.1
OG0001376	AAS05723.1	CCC28182.1
OG0001377	AAS05724.1	CCC28183.1
OG0001378	AAS05725.1, AAS05820.1	CCC28207.1
OG0001379	AAS05821.1, AAS04063.1	CCC28209.1
OG0001380	AAS05735.1	CCC28215.1
OG0001381	AAS05736.1	CCC28217.1
OG0001382	AAS05737.1	CCC28218.1
OG0001383	AAS03055.1, AAS05754.1	CCC28228.1
OG0001384	AAS05755.1	CCC28229.1
OG0001385	AAS05757.1, AAS02412.1	CCC28231.1
OG0001386	AAS06861.1, AAS05773.1	CCC28248.1
OG0001387	AAS05776.1, AAS02464.1	CCC28249.1
OG0001388	AAS06404.1, AAS04141.1	CCC28266.1
OG0001389	AAS05842.1	CCC28269.1
OG0001390	AAS05843.1	CCC28270.1
OG0001391	AAS05845.1	CCC28273.1
OG0001392	AAS05846.1	CCC28274.1
OG0001393	AAS05847.1	CCC28275.1
OG0001394	AAS05855.1	CCC28283.1
OG0001395	AAS05856.1	CCC28284.1
OG0001396	AAS05857.1	CCC28285.1
OG0001397	AAS05858.1	CCC28286.1
OG0001398	AAS05859.1	CCC28287.1
OG0001399	AAS05860.1	CCC28288.1
OG0001400	AAS05863.1	CCC28291.1
OG0001401	AAS05866.1	CCC28294.1
OG0001402	AAS05868.1	CCC28296.1
OG0001403	AAS05870.1	CCC28298.1
OG0001404	AAS05871.1	CCC28299.1
OG0001405	AAS05872.1	CCC28300.1
OG0001406	AAS05883.1	CCC28308.1
OG0001407	AAS05884.1	CCC28309.1
OG0001408	AAS05885.1	CCC28310.1
OG0001409	AAS06095.1, AAS05894.1	CCC28312.1
OG0001410	AAS05899.1	CCC28317.1
OG0001411	AAS05900.1	CCC28318.1
OG0001412	AAS05904.1	CCC28321.1
OG0001413	AAS05905.1	CCC28322.1
OG0001414	AAS05906.1	CCC28323.1
OG0001415	AAS05908.1	CCC28325.1
OG0001416	AAS05909.1	CCC28326.1
OG0001417	AAS05910.1	CCC28327.1
OG0001418	AAS05911.1	CCC28328.1
OG0001419	AAS05912.1	CCC28329.1
OG0001420	AAS05917.1	CCC28336.1
OG0001421	AAS05918.1	CCC28337.1
OG0001422	AAS05919.1	CCC28338.1
OG0001423	AAS05921.1	CCC28340.1
OG0001424	AAS05922.1	CCC28341.1
OG0001425	AAS05924.1	CCC28342.1
OG0001426	AAS05925.1	CCC28343.1
OG0001427	AAS05926.1	CCC28344.1
OG0001428	AAS05928.1	CCC28345.1
OG0001429	AAS05929.1	CCC28346.1
OG0001430	AAS05930.1	CCC28347.1
OG0001431	AAS05931.1	CCC28348.1
OG0001432	AAS05933.1	CCC28350.1
OG0001433	AAS05942.1	CCC28355.1
OG0001434	AAS05943.1	CCC28356.1
OG0001435	AAS05944.1	CCC28357.1
OG0001436	AAS05945.1	CCC28358.1
OG0001437	AAS05946.1	CCC28359.1
OG0001438	AAS05947.1	CCC28360.1
OG0001439	AAS05949.1	CCC28361.1
OG0001440	AAS05951.1	CCC28363.1
OG0001441	AAS05952.1	CCC28364.1
OG0001442	AAS03791.1, AAS05956.1	CCC28367.1
OG0001443	AAS02542.1, AAS05961.1	CCC28372.1
OG0001444	AAS05964.1	CCC28376.1
OG0001445	AAS05967.1	CCC28379.1
OG0001449	AAS05993.1	CCC28400.1
OG0001450	AAS05994.1	CCC28401.1
OG0001451	AAS05998.1	CCC28416.1
OG0001452	AAS04652.1, AAS03576.1	CCC28420.1
OG0001453	AAS03999.1, AAS06002.1	CCC28421.1
OG0001454	AAS06003.1	CCC28422.1
OG0001455	AAS06008.1	CCC28426.1
OG0001457	AAS06011.1	CCC28438.1
OG0001458	AAS06013.1	CCC28440.1
OG0001459	AAS06024.1	CCC28450.1
OG0001460	AAS06028.1	CCC28456.1
OG0001461	AAS06031.1, AAS02586.1	CCC28472.1
OG0001462	AAS06039.1	CCC28479.1
OG0001463	AAS06041.1	CCC28483.1
OG0001464	AAS06042.1	CCC28484.1
OG0001465	AAS06830.1	CCC28492.1
OG0001466	AAS06829.1	CCC28493.1
OG0001467	AAS06828.1	CCC28494.1
OG0001468	AAS06827.1	CCC28495.1
OG0001469	AAS06824.1	CCC28498.1
OG0001470	AAS06823.1	CCC28499.1
OG0001471	AAS06814.1	CCC28501.1
OG0001472	AAS06813.1	CCC28502.1
OG0001473	AAS06811.1	CCC28504.1
OG0001474	AAS06810.1	CCC28505.1
OG0001475	AAS06808.1	CCC28506.1
OG0001476	AAS06806.1	CCC28517.1
OG0001477	AAS06803.1	CCC28520.1
OG0001478	AAS06801.1	CCC28522.1
OG0001479	AAS06797.1	CCC28525.1
OG0001480	AAS06796.1	CCC28526.1
OG0001481	AAS06795.1	CCC28527.1
OG0001482	AAS06794.1	CCC28528.1
OG0001483	AAS06785.1	CCC28539.1
OG0001484	AAS06784.1	CCC28540.1
OG0001485	AAS06783.1	CCC28541.1
OG0001486	AAS06782.1	CCC28542.1
OG0001487	AAS06781.1	CCC28543.1
OG0001488	AAS06780.1	CCC28544.1
OG0001489	AAS06778.1	CCC28546.1
OG0001490	AAS06775.1	CCC28548.1
OG0001491	AAS05301.1, AAS02899.1	CCC28557.1
OG0001492	AAS06356.1, AAS06357.1	CCC28563.1
OG0001493	AAS02890.1	CCC28572.1
OG0001494	AAS02875.1, AAS04905.1	CCC28587.1
OG0001495	AAS02870.1	CCC28591.1
OG0001496	AAS02869.1, AAS04704.1	CCC28592.1
OG0001497	AAS02862.1	CCC28601.1
OG0001498	AAS02848.1, AAS04048.1	CCC28617.1
OG0001499	AAS02834.1, AAS02665.1	CCC28630.1
OG0001500	AAS06178.1, AAS02830.1	CCC28634.1
OG0001501	AAS02808.1, AAS05095.1	CCC28656.1
OG0001502	AAS02796.1	CCC28661.1
OG0001503	AAS02795.1	CCC28662.1
OG0001504	AAS02794.1	CCC28663.1
OG0001505	AAS02793.1	CCC28664.1
OG0001506	AAS02792.1	CCC28665.1
OG0001507	AAS02791.1	CCC28666.1
OG0001508	AAS03172.1, AAS02790.1	CCC28667.1
OG0001509	AAS02788.1	CCC28669.1
OG0001510	AAS02787.1	CCC28670.1
OG0001511	AAS02786.1	CCC28671.1
OG0001512	AAS02785.1	CCC28673.1
OG0001513	AAS02784.1	CCC28674.1
OG0001514	AAS02783.1	CCC28675.1
OG0001515	AAS02778.1	CCC28678.1
OG0001516	AAS02777.1	CCC28679.1
OG0001517	AAS02776.1	CCC28680.1
OG0001518	AAS02775.1	CCC28682.1
OG0001519	AAS02774.1	CCC28683.1
OG0001520	AAS02773.1	CCC28684.1
OG0001521	AAS02772.1	CCC28685.1
OG0001522	AAS02771.1	CCC28686.1
OG0001523	AAS02770.1	CCC28687.1
OG0001524	AAS02769.1	CCC28688.1
OG0001525	AAS02768.1	CCC28689.1
OG0001526	AAS02767.1	CCC28690.1
OG0001527	AAS02766.1	CCC28691.1
OG0001528	AAS02765.1	CCC28692.1
OG0001530	AAS02756.1	CCC28700.1
OG0001531	AAS02755.1	CCC28701.1
OG0001532	AAS02753.1	CCC28703.1
OG0001533	AAS02752.1	CCC28704.1
OG0001534	AAS02751.1	CCC28705.1
OG0001535	AAS02749.1	CCC28707.1
OG0001536	AAS02748.1	CCC28708.1
OG0001537	AAS02746.1	CCC28711.1
OG0001538	AAS02744.1	CCC28720.1
OG0001539	AAS02742.1	CCC28722.1
OG0001540	AAS02741.1	CCC28723.1
OG0001541	AAS02730.1	CCC28738.1
OG0001542	AAS03407.1, AAS02729.1	CCC28739.1
OG0001543	AAS02728.1, AAS03406.1	CCC28740.1
OG0001544	AAS02727.1, AAS03405.1	CCC28741.1
OG0001545	AAS02723.1	CCC28744.1
OG0001546	AAS02722.1	CCC28745.1
OG0001547	AAS02721.1	CCC28746.1
OG0001548	AAS02720.1	CCC28747.1
OG0001549	AAS02719.1	CCC28748.1
OG0001550	AAS02718.1	CCC28749.1
OG0001551	AAS02717.1	CCC28750.1
OG0001552	AAS02714.1	CCC28753.1
OG0001553	AAS02713.1	CCC28754.1
OG0001554	AAS02712.1	CCC28756.1
OG0001555	AAS02711.1	CCC28757.1
OG0001556	AAS02710.1	CCC28758.1
OG0001557	AAS02709.1	CCC28759.1
OG0001558	AAS02708.1	CCC28760.1
OG0001559	AAS02673.1	CCC28772.1
OG0001560	AAS02585.1, AAS02618.1	CCC28776.1
OG0001561	AAS02624.1	CCC28782.1
OG0001562	AAS02626.1	CCC28785.1
OG0001563	AAS02627.1	CCC28786.1
OG0001564	AAS02628.1	CCC28787.1
OG0001565	AAS02632.1	CCC28791.1
OG0001566	AAS02633.1	CCC28793.1
OG0001567	AAS02634.1	CCC28794.1
OG0001568	AAS02636.1	CCC28796.1
OG0001569	AAS02637.1	CCC28797.1
OG0001570	AAS02638.1	CCC28798.1
OG0001571	AAS02639.1	CCC28799.1
OG0001572	AAS02640.1	CCC28800.1
OG0001573	AAS02641.1	CCC28801.1
OG0001574	AAS02663.1, AAS06534.1	CCC28811.1
OG0001575	AAS02596.1	CCC28834.1
OG0001576	AAS02595.1	CCC28835.1
OG0001577	AAS02594.1	CCC28836.1
OG0001578	AAS06761.1, AAS02569.1	CCC28856.1
OG0001579	AAS02566.1	CCC28858.1
OG0001580	AAS02565.1	CCC28859.1
OG0001581	AAS02562.1	CCC28861.1
OG0001582	AAS02561.1	CCC28862.1
OG0001583	AAS02560.1	CCC28863.1
OG0001584	AAS02559.1	CCC28864.1
OG0001585	AAS02558.1	CCC28865.1
OG0001586	AAS02557.1	CCC28866.1
OG0001587	AAS02556.1	CCC28867.1
OG0001588	AAS02553.1	CCC28873.1
OG0001589	AAS02552.1	CCC28874.1
OG0001590	AAS02550.1	CCC28876.1
OG0001591	AAS02549.1	CCC28877.1
OG0001592	AAS02546.1	CCC28878.1
OG0001593	AAS02545.1	CCC28879.1
OG0001594	AAS02536.1	CCC28885.1
OG0001595	AAS02535.1	CCC28886.1
OG0001596	AAS02534.1	CCC28887.1
OG0001597	AAS02532.1	CCC28889.1
OG0001598	AAS02531.1	CCC28890.1
OG0001599	AAS02530.1	CCC28891.1
OG0001600	AAS02529.1	CCC28892.1
OG0001601	AAS02528.1	CCC28893.1
OG0001602	AAS02527.1	CCC28894.1
OG0001603	AAS02525.1	CCC28897.1
OG0001604	AAS02522.1	CCC28900.1
OG0001605	AAS04553.1	CCC28905.1
OG0001606	AAS05618.1, AAS02519.1	CCC28913.1
OG0001607	AAS02514.1	CCC28918.1
OG0001608	AAS02513.1	CCC28919.1
OG0001609	AAS02511.1	CCC28921.1
OG0001610	AAS02510.1	CCC28922.1
OG0001611	AAS02507.1	CCC28926.1
OG0001612	AAS02506.1	CCC28927.1
OG0001613	AAS06364.1	CCC28929.1
OG0001614	AAS02504.1	CCC28930.1
OG0001615	AAS02503.1	CCC28931.1
OG0001616	AAS02502.1	CCC28933.1
OG0001617	AAS02501.1	CCC28934.1
OG0001618	AAS02499.1	CCC28936.1
OG0001619	AAS02498.1	CCC28937.1
OG0001620	AAS02497.1	CCC28938.1
OG0001621	AAS02490.1	CCC28942.1
OG0001622	AAS02489.1	CCC28943.1
OG0001623	AAS05559.1, AAS06874.1	CCC28979.1
OG0001624	AAS06882.1	CCC28990.1
OG0001625	AAS06884.1	CCC28991.1
OG0001626	AAS06885.1	CCC28992.1
OG0001627	AAS06886.1	CCC28993.1
OG0001628	AAS06889.1	CCC28996.1
OG0001629	AAS06891.1	CCC28998.1
OG0001630	AAS06892.1	CCC28999.1
OG0001631	AAS06893.1	CCC29000.1
OG0001632	AAS06894.1	CCC29001.1
OG0001633	AAS06895.1	CCC29002.1
OG0001634	AAS06896.1	CCC29003.1
OG0001635	AAS06897.1	CCC29004.1
OG0001653	AAS02327.1	CCC25082.1
OG0001654	AAS02329.1	CCC25084.1
OG0001655	AAS02331.1	CCC25086.1
OG0001656	AAS02350.1	CCC25096.1
OG0001657	AAS02352.1	CCC25097.1
OG0001658	AAS02354.1	CCC25099.1
OG0001659	AAS02355.1	CCC25100.1
OG0001660	AAS02356.1	CCC25101.1
OG0001661	AAS02357.1	CCC25102.1
OG0001662	AAS02358.1	CCC25103.1
OG0001663	AAS02359.1	CCC25104.1
OG0001664	AAS02360.1	CCC25110.1
OG0001665	AAS02361.1	CCC25111.1
OG0001666	AAS02363.1	CCC25113.1
OG0001667	AAS02370.1	CCC25117.1
OG0001668	AAS02372.1	CCC25119.1
OG0001669	AAS02379.1	CCC25122.1
OG0001670	AAS02383.1	CCC25126.1
OG0001671	AAS02597.1	CCC25136.1
OG0001672	AAS02398.1	CCC25137.1
OG0001674	AAS06866.1	CCC25150.1
OG0001675	AAS06842.1	CCC25151.1
OG0001683	AAS06049.1	CCC25183.1
OG0001684	AAS03253.1	CCC25188.1
OG0001685	AAS06073.1	CCC25193.1
OG0001686	AAS06075.1	CCC25195.1
OG0001687	AAS06076.1	CCC25196.1
OG0001688	AAS06078.1	CCC25200.1
OG0001689	AAS06079.1	CCC25201.1
OG0001690	AAS06080.1	CCC25202.1
OG0001691	AAS06088.1	CCC25204.1
OG0001692	AAS06091.1	CCC25206.1
OG0001693	AAS06092.1	CCC25207.1
OG0001694	AAS06102.1	CCC25209.1
OG0001695	AAS06106.1	CCC25213.1
OG0001696	AAS06108.1	CCC25215.1
OG0001697	AAS06109.1	CCC25216.1
OG0001698	AAS06240.1	CCC25217.1
OG0001699	AAS06112.1	CCC25218.1
OG0001700	AAS06113.1	CCC25219.1
OG0001701	AAS06118.1	CCC25227.1
OG0001702	AAS06120.1	CCC25228.1
OG0001703	AAS06125.1	CCC25232.1
OG0001704	AAS06146.1	CCC25236.1
OG0001705	AAS06147.1	CCC25237.1
OG0001706	AAS06165.1	CCC25252.1
OG0001707	AAS06171.1	CCC25255.1
OG0001708	AAS06177.1	CCC25260.1
OG0001709	AAS06180.1	CCC25261.1
OG0001710	AAS06183.1	CCC25264.1
OG0001711	AAS06184.1	CCC25265.1
OG0001715	AAS06190.1	CCC25278.1
OG0001716	AAS06194.1	CCC25282.1
OG0001717	AAS06195.1	CCC25283.1
OG0001718	AAS06206.1	CCC25293.1
OG0001719	AAS06218.1	CCC25302.1
OG0001720	AAS06219.1	CCC25303.1
OG0001721	AAS06221.1	CCC25304.1
OG0001722	AAS06222.1	CCC25305.1
OG0001723	AAS06235.1	CCC25307.1
OG0001725	AAS06247.1	CCC25320.1
OG0001726	AAS06248.1	CCC25321.1
OG0001727	AAS06249.1	CCC25322.1
OG0001728	AAS06251.1	CCC25324.1
OG0001729	AAS06252.1	CCC25325.1
OG0001730	AAS06253.1	CCC25326.1
OG0001731	AAS04264.1	CCC25327.1
OG0001732	AAS05250.1	CCC25328.1
OG0001733	AAS06254.1	CCC25331.1
OG0001734	AAS06255.1	CCC25332.1
OG0001735	AAS06256.1	CCC25333.1
OG0001737	AAS06260.1	CCC25338.1
OG0001738	AAS06263.1	CCC25342.1
OG0001739	AAS06269.1	CCC25347.1
OG0001740	AAS06273.1	CCC25348.1
OG0001741	AAS06274.1	CCC25349.1
OG0001742	AAS06339.1	CCC25367.1
OG0001743	AAS06340.1	CCC25368.1
OG0001744	AAS04435.1	CCC25369.1
OG0001745	AAS06341.1	CCC25370.1
OG0001746	AAS06342.1	CCC25380.1
OG0001747	AAS06344.1	CCC25381.1
OG0001748	AAS06350.1	CCC25386.1
OG0001750	AAS06352.1	CCC25388.1
OG0001751	AAS04445.1	CCC25390.1
OG0001752	AAS06376.1	CCC25406.1
OG0001753	AAS06377.1	CCC25407.1
OG0001754	AAS06387.1	CCC25418.1
OG0001755	AAS06416.1	CCC25433.1
OG0001757	AAS06410.1	CCC25439.1
OG0001758	AAS04093.1	CCC25440.1
OG0001759	AAS04094.1	CCC25441.1
OG0001760	AAS02402.1	CCC25451.1
OG0001761	AAS06408.1	CCC25455.1
OG0001762	AAS06401.1	CCC25459.1
OG0001763	AAS06421.1	CCC25463.1
OG0001764	AAS06425.1	CCC25472.1
OG0001765	AAS06428.1	CCC25474.1
OG0001766	AAS06435.1	CCC25482.1
OG0001767	AAS06436.1	CCC25483.1
OG0001768	AAS06445.1	CCC25486.1
OG0001769	AAS06446.1	CCC25487.1
OG0001770	AAS06458.1	CCC25493.1
OG0001771	AAS02435.1	CCC25494.1
OG0001772	AAS06461.1	CCC25495.1
OG0001773	AAS06464.1	CCC25498.1
OG0001774	AAS06466.1	CCC25501.1
OG0001775	AAS06467.1	CCC25502.1
OG0001776	AAS06473.1	CCC25508.1
OG0001777	AAS06482.1	CCC25512.1
OG0001778	AAS06488.1	CCC25515.1
OG0001779	AAS06492.1	CCC25517.1
OG0001780	AAS06495.1	CCC25526.1
OG0001781	AAS06499.1	CCC25530.1
OG0001782	AAS06501.1	CCC25532.1
OG0001783	AAS06502.1	CCC25533.1
OG0001784	AAS06503.1	CCC25534.1
OG0001785	AAS06504.1	CCC25535.1
OG0001786	AAS06505.1	CCC25536.1
OG0001787	AAS06511.1	CCC25542.1
OG0001788	AAS06516.1	CCC25549.1
OG0001789	AAS06517.1	CCC25550.1
OG0001790	AAS06527.1	CCC25560.1
OG0001791	AAS06528.1	CCC25561.1
OG0001792	AAS03702.1	CCC25568.1
OG0001793	AAS06535.1	CCC25570.1
OG0001794	AAS06540.1	CCC25576.1
OG0001796	AAS06551.1	CCC25587.1
OG0001797	AAS06556.1	CCC25592.1
OG0001798	AAS06557.1	CCC25595.1
OG0001799	AAS06558.1	CCC25596.1
OG0001800	AAS06559.1	CCC25597.1
OG0001801	AAS06564.1	CCC25601.1
OG0001802	AAS06568.1	CCC25602.1
OG0001803	AAS06578.1	CCC25612.1
OG0001804	AAS06580.1	CCC25614.1
OG0001805	AAS06582.1	CCC25615.1
OG0001806	AAS06583.1	CCC25616.1
OG0001807	AAS06584.1	CCC25617.1
OG0001808	AAS06585.1	CCC25618.1
OG0001809	AAS06586.1	CCC25619.1
OG0001810	AAS06587.1	CCC25620.1
OG0001811	AAS06598.1	CCC25630.1
OG0001812	AAS06599.1	CCC25631.1
OG0001813	AAS06604.1	CCC25636.1
OG0001814	AAS02442.1	CCC25639.1
OG0001815	AAS06611.1	CCC25643.1
OG0001816	AAS06612.1	CCC25644.1
OG0001817	AAS06613.1	CCC25645.1
OG0001818	AAS06623.1	CCC25658.1
OG0001819	AAS06625.1	CCC25662.1
OG0001820	AAS06626.1	CCC25663.1
OG0001821	AAS06631.1	CCC25665.1
OG0001822	AAS03419.1	CCC25681.1
OG0001823	AAS06363.1	CCC25691.1
OG0001824	AAS06621.1	CCC25698.1
OG0001825	AAS06622.1	CCC25699.1
OG0001826	AAS06640.1	CCC25704.1
OG0001827	AAS04345.1	CCC25705.1
OG0001828	AAS04344.1	CCC25706.1
OG0001829	AAS06641.1	CCC25708.1
OG0001830	AAS06644.1	CCC25710.1
OG0001831	AAS06652.1	CCC25711.1
OG0001832	AAS06653.1	CCC25712.1
OG0001833	AAS06671.1	CCC25729.1
OG0001834	AAS06672.1	CCC25730.1
OG0001835	AAS06673.1	CCC25731.1
OG0001836	AAS06677.1	CCC25734.1
OG0001837	AAS06838.1	CCC25752.1
OG0001838	AAS06683.1	CCC25753.1
OG0001839	AAS06684.1	CCC25754.1
OG0001840	AAS06685.1	CCC25755.1
OG0001841	AAS06686.1	CCC25756.1
OG0001842	AAS06688.1	CCC25761.1
OG0001843	AAS06689.1	CCC25762.1
OG0001844	AAS06695.1	CCC25767.1
OG0001845	AAS06696.1	CCC25768.1
OG0001846	AAS06697.1	CCC25769.1
OG0001847	AAS06700.1	CCC25771.1
OG0001848	AAS06701.1	CCC25772.1
OG0001849	AAS06702.1	CCC25773.1
OG0001850	AAS06703.1	CCC25774.1
OG0001851	AAS06704.1	CCC25775.1
OG0001852	AAS06705.1	CCC25776.1
OG0001853	AAS06707.1	CCC25777.1
OG0001854	AAS06708.1	CCC25778.1
OG0001855	AAS06724.1	CCC25793.1
OG0001856	AAS06743.1	CCC25809.1
OG0001857	AAS06745.1	CCC25811.1
OG0001858	AAS06751.1	CCC25817.1
OG0001859	AAS06752.1	CCC25818.1
OG0001860	AAS06762.1	CCC25819.1
OG0001861	AAS06765.1	CCC25836.1
OG0001862	AAS06418.1	CCC25837.1
OG0001863	AAS02908.1	CCC25841.1
OG0001864	AAS02913.1	CCC25846.1
OG0001865	AAS02914.1	CCC25847.1
OG0001866	AAS02915.1	CCC25848.1
OG0001867	AAS02916.1	CCC25849.1
OG0001868	AAS02920.1	CCC25853.1
OG0001869	AAS02924.1	CCC25857.1
OG0001870	AAS02926.1	CCC25859.1
OG0001871	AAS02927.1	CCC25860.1
OG0001872	AAS02929.1	CCC25862.1
OG0001873	AAS02930.1	CCC25863.1
OG0001874	AAS02937.1	CCC25867.1
OG0001875	AAS02939.1	CCC25869.1
OG0001876	AAS02941.1	CCC25870.1
OG0001877	AAS02944.1	CCC25873.1
OG0001878	AAS02947.1	CCC25880.1
OG0001879	AAS02948.1	CCC25881.1
OG0001880	AAS02950.1	CCC25883.1
OG0001881	AAS02953.1	CCC25886.1
OG0001883	AAS02959.1	CCC25894.1
OG0001884	AAS02966.1	CCC25900.1
OG0001885	AAS02973.1	CCC25904.1
OG0001886	AAS02977.1	CCC25908.1
OG0001887	AAS02978.1	CCC25909.1
OG0001888	AAS02979.1	CCC25910.1
OG0001889	AAS03533.1	CCC25916.1
OG0001890	AAS02987.1	CCC25919.1
OG0001891	AAS03001.1	CCC25921.1
OG0001892	AAS03005.1	CCC25924.1
OG0001893	AAS03007.1	CCC25926.1
OG0001894	AAS03027.1	CCC25932.1
OG0001895	AAS03098.1	CCC25933.1
OG0001896	AAS03102.1	CCC25936.1
OG0001897	AAS03105.1	CCC25939.1
OG0001898	AAS03119.1	CCC25945.1
OG0001899	AAS03120.1	CCC25946.1
OG0001900	AAS03121.1	CCC25947.1
OG0001901	AAS03123.1	CCC25949.1
OG0001902	AAS03124.1	CCC25950.1
OG0001903	AAS03126.1	CCC25951.1
OG0001904	AAS03128.1	CCC25954.1
OG0001905	AAS03137.1	CCC25962.1
OG0001906	AAS03138.1	CCC25963.1
OG0001907	AAS03143.1	CCC25968.1
OG0001908	AAS03144.1	CCC25970.1
OG0001909	AAS03147.1	CCC25978.1
OG0001910	AAS03148.1	CCC25979.1
OG0001911	AAS03156.1	CCC25985.1
OG0001912	AAS03158.1	CCC25987.1
OG0001913	AAS03160.1	CCC25989.1
OG0001915	AAS03185.1	CCC26004.1
OG0001916	AAS03188.1	CCC26008.1
OG0001917	AAS03192.1	CCC26018.1
OG0001918	AAS03198.1	CCC26020.1
OG0001919	AAS03203.1	CCC26024.1
OG0001920	AAS03207.1	CCC26026.1
OG0001921	AAS03216.1	CCC26034.1
OG0001922	AAS03222.1	CCC26039.1
OG0001923	AAS03223.1	CCC26040.1
OG0001924	AAS03226.1	CCC26052.1
OG0001925	AAS03228.1	CCC26054.1
OG0001926	AAS03229.1	CCC26055.1
OG0001927	AAS03230.1	CCC26056.1
OG0001928	AAS03231.1	CCC26057.1
OG0001929	AAS03238.1	CCC26072.1
OG0001930	AAS03257.1	CCC26081.1
OG0001932	AAS03259.1	CCC26083.1
OG0001933	AAS03302.1	CCC26101.1
OG0001934	AAS03305.1	CCC26103.1
OG0001935	AAS03306.1	CCC26104.1
OG0001936	AAS03312.1	CCC26109.1
OG0001937	AAS03313.1	CCC26110.1
OG0001938	AAS03317.1	CCC26112.1
OG0001939	AAS03315.1	CCC26113.1
OG0001940	AAS03314.1	CCC26114.1
OG0001941	AAS03318.1	CCC26115.1
OG0001942	AAS03319.1	CCC26116.1
OG0001943	AAS03323.1	CCC26141.1
OG0001944	AAS03324.1	CCC26142.1
OG0001945	AAS03325.1	CCC26143.1
OG0001946	AAS02666.1	CCC26144.1
OG0001947	AAS03326.1	CCC26145.1
OG0001948	AAS03327.1	CCC26146.1
OG0001949	AAS03328.1	CCC26147.1
OG0001950	AAS03329.1	CCC26148.1
OG0001951	AAS03330.1	CCC26149.1
OG0001952	AAS03331.1	CCC26150.1
OG0001953	AAS03332.1	CCC26151.1
OG0001954	AAS03333.1	CCC26154.1
OG0001955	AAS03338.1	CCC26159.1
OG0001956	AAS03339.1	CCC26160.1
OG0001957	AAS03341.1	CCC26162.1
OG0001958	AAS05023.1	CCC26169.1
OG0001959	AAS05021.1	CCC26170.1
OG0001960	AAS05011.1	CCC26184.1
OG0001961	AAS05006.1	CCC26191.1
OG0001962	AAS04997.1	CCC26201.1
OG0001963	AAS04992.1	CCC26202.1
OG0001964	AAS04991.1	CCC26205.1
OG0001965	AAS04990.1	CCC26206.1
OG0001966	AAS04989.1	CCC26208.1
OG0001967	AAS04987.1	CCC26210.1
OG0001968	AAS04986.1	CCC26211.1
OG0001969	AAS04984.1	CCC26212.1
OG0001970	AAS04983.1	CCC26213.1
OG0001971	AAS04982.1	CCC26214.1
OG0001972	AAS02614.1	CCC26218.1
OG0001973	AAS02612.1	CCC26219.1
OG0001974	AAS06665.1	CCC26222.1
OG0001975	AAS04960.1	CCC26228.1
OG0001976	AAS04957.1	CCC26229.1
OG0001977	AAS04955.1	CCC26232.1
OG0001978	AAS04949.1	CCC26241.1
OG0001979	AAS05764.1	CCC26242.1
OG0001980	AAS04948.1	CCC26243.1
OG0001981	AAS04945.1	CCC26245.1
OG0001982	AAS04938.1	CCC26250.1
OG0001983	AAS04937.1	CCC26251.1
OG0001984	AAS04935.1	CCC26253.1
OG0001985	AAS04931.1	CCC26257.1
OG0001986	AAS02456.1	CCC26267.1
OG0001987	AAS04911.1	CCC26277.1
OG0001988	AAS04910.1	CCC26278.1
OG0001989	AAS04909.1	CCC26279.1
OG0001990	AAS02487.1	CCC26280.1
OG0001991	AAS04898.1	CCC26282.1
OG0001992	AAS04890.1	CCC26295.1
OG0001993	AAS04888.1	CCC26297.1
OG0001995	AAS04880.1	CCC26306.1
OG0001996	AAS04879.1	CCC26307.1
OG0001997	AAS04878.1	CCC26308.1
OG0001998	AAS04877.1	CCC26309.1
OG0001999	AAS04868.1	CCC26322.1
OG0002000	AAS04866.1	CCC26325.1
OG0002001	AAS04851.1	CCC26341.1
OG0002002	AAS04838.1	CCC26344.1
OG0002003	AAS04836.1	CCC26346.1
OG0002004	AAS04833.1	CCC26349.1
OG0002005	AAS04996.1	CCC26352.1
OG0002006	AAS04827.1	CCC26353.1
OG0002007	AAS04823.1	CCC26356.1
OG0002008	AAS03994.1	CCC26361.1
OG0002009	AAS04818.1	CCC26364.1
OG0002010	AAS04804.1	CCC26377.1
OG0002011	AAS04802.1	CCC26378.1
OG0002012	AAS04800.1	CCC26380.1
OG0002013	AAS04760.1	CCC26411.1
OG0002014	AAS04755.1	CCC26417.1
OG0002015	AAS04751.1	CCC26422.1
OG0002016	AAS04750.1	CCC26423.1
OG0002017	AAS04749.1	CCC26424.1
OG0002018	AAS04748.1	CCC26425.1
OG0002019	AAS04747.1	CCC26426.1
OG0002020	AAS03870.1	CCC26442.1
OG0002021	AAS04731.1	CCC26444.1
OG0002022	AAS04725.1	CCC26446.1
OG0002023	AAS04720.1	CCC26448.1
OG0002024	AAS04711.1	CCC26449.1
OG0002025	AAS03660.1	CCC26452.1
OG0002027	AAS04678.1	CCC26460.1
OG0002028	AAS03430.1	CCC26463.1
OG0002029	AAS03431.1	CCC26473.1
OG0002030	AAS03434.1	CCC26476.1
OG0002031	AAS03445.1	CCC26494.1
OG0002032	AAS03446.1	CCC26495.1
OG0002033	AAS03451.1	CCC26501.1
OG0002034	AAS03473.1	CCC26519.1
OG0002035	AAS03479.1	CCC26525.1
OG0002036	AAS03480.1	CCC26526.1
OG0002037	AAS06361.1	CCC26529.1
OG0002038	AAS03490.1	CCC26538.1
OG0002039	AAS03493.1	CCC26541.1
OG0002040	AAS03497.1	CCC26548.1
OG0002041	AAS03498.1	CCC26549.1
OG0002042	AAS03516.1	CCC26568.1
OG0002043	AAS03532.1	CCC26584.1
OG0002044	AAS03541.1	CCC26587.1
OG0002045	AAS03560.1	CCC26630.1
OG0002046	AAS04803.1	CCC26631.1
OG0002047	AAS03561.1	CCC26632.1
OG0002048	AAS03570.1	CCC26641.1
OG0002049	AAS03571.1	CCC26642.1
OG0002050	AAS03578.1	CCC26649.1
OG0002051	AAS03586.1	CCC26662.1
OG0002052	AAS03590.1	CCC26666.1
OG0002053	AAS03594.1	CCC26670.1
OG0002054	AAS03569.1	CCC26681.1
OG0002055	AAS03609.1	CCC26682.1
OG0002056	AAS03619.1	CCC26692.1
OG0002057	AAS03629.1	CCC26703.1
OG0002058	AAS03630.1	CCC26704.1
OG0002059	AAS03631.1	CCC26705.1
OG0002060	AAS03632.1	CCC26706.1
OG0002061	AAS03633.1	CCC26707.1
OG0002062	AAS03637.1	CCC26711.1
OG0002063	AAS03647.1	CCC26716.1
OG0002064	AAS03653.1	CCC26718.1
OG0002065	AAS03659.1	CCC26722.1
OG0002066	AAS03690.1	CCC26754.1
OG0002067	AAS03691.1	CCC26756.1
OG0002068	AAS03709.1	CCC26774.1
OG0002069	AAS03714.1	CCC26778.1
OG0002070	AAS03715.1	CCC26779.1
OG0002071	AAS03716.1	CCC26780.1
OG0002072	AAS03726.1	CCC26791.1
OG0002073	AAS04018.1	CCC26811.1
OG0002074	AAS04017.1	CCC26812.1
OG0002075	AAS04792.1	CCC26817.1
OG0002077	AAS03649.1	CCC26835.1
OG0002078	AAS03965.1	CCC26837.1
OG0002079	AAS06821.1	CCC26840.1
OG0002080	AAS03164.1	CCC26843.1
OG0002081	AAS04362.1	CCC26845.1
OG0002082	AAS06870.1	CCC26847.1
OG0002083	AAS06085.1	CCC26858.1
OG0002084	AAS03809.1	CCC26864.1
OG0002085	AAS02325.1	CCC26868.1
OG0002086	AAS02326.1	CCC26869.1
OG0002087	AAS03810.1	CCC26871.1
OG0002088	AAS03817.1	CCC26873.1
OG0002089	AAS03820.1	CCC26877.1
OG0002090	AAS03821.1	CCC26878.1
OG0002091	AAS03842.1	CCC26906.1
OG0002092	AAS03845.1	CCC26908.1
OG0002093	AAS03853.1	CCC26915.1
OG0002094	AAS03854.1	CCC26916.1
OG0002095	AAS03855.1	CCC26917.1
OG0002096	AAS04366.1	CCC26926.1
OG0002097	AAS03867.1	CCC26933.1
OG0002098	AAS03868.1	CCC26934.1
OG0002099	AAS03874.1	CCC26936.1
OG0002100	AAS03877.1	CCC26939.1
OG0002101	AAS03882.1	CCC26949.1
OG0002102	AAS03884.1	CCC26950.1
OG0002103	AAS03885.1	CCC26951.1
OG0002104	AAS03889.1	CCC26955.1
OG0002105	AAS03893.1	CCC26958.1
OG0002106	AAS03895.1	CCC26960.1
OG0002107	AAS03896.1	CCC26961.1
OG0002108	AAS03898.1	CCC26962.1
OG0002109	AAS03903.1	CCC26965.1
OG0002110	AAS03908.1	CCC26966.1
OG0002111	AAS03909.1	CCC26967.1
OG0002112	AAS03916.1	CCC26970.1
OG0002113	AAS03917.1	CCC26971.1
OG0002114	AAS03922.1	CCC26974.1
OG0002115	AAS03925.1	CCC26977.1
OG0002116	AAS06754.1	CCC26980.1
OG0002117	AAS03929.1	CCC26983.1
OG0002118	AAS03933.1	CCC26985.1
OG0002119	AAS03934.1	CCC26986.1
OG0002120	AAS03935.1	CCC26987.1
OG0002121	AAS03940.1	CCC26990.1
OG0002122	AAS03941.1	CCC26991.1
OG0002123	AAS03985.1	CCC27001.1
OG0002124	AAS03986.1	CCC27002.1
OG0002125	AAS03955.1	CCC27003.1
OG0002126	AAS02389.1	CCC27013.1
OG0002127	AAS05710.1	CCC27015.1
OG0002128	AAS03964.1	CCC27018.1
OG0002129	AAS03966.1	CCC27021.1
OG0002130	AAS03968.1	CCC27023.1
OG0002131	AAS03970.1	CCC27025.1
OG0002132	AAS02893.1	CCC27028.1
OG0002133	AAS02763.1	CCC27031.1
OG0002134	AAS03168.1	CCC27045.1
OG0002135	AAS06630.1	CCC27053.1
OG0002136	AAS02433.1	CCC27056.1
OG0002137	AAS02390.1	CCC27059.1
OG0002139	AAS03997.1	CCC27065.1
OG0002140	AAS04402.1	CCC27073.1
OG0002141	AAS06766.1	CCC27082.1
OG0002142	AAS04399.1	CCC27086.1
OG0002143	AAS06818.1	CCC27103.1
OG0002144	AAS06819.1	CCC27104.1
OG0002145	AAS05101.1	CCC27110.1
OG0002146	AAS04080.1	CCC27118.1
OG0002147	AAS03958.1	CCC27119.1
OG0002148	AAS02548.1	CCC27121.1
OG0002149	AAS04090.1	CCC27127.1
OG0002150	AAS04091.1	CCC27128.1
OG0002151	AAS04097.1	CCC27130.1
OG0002152	AAS04098.1	CCC27131.1
OG0002153	AAS04112.1	CCC27132.1
OG0002154	AAS04114.1	CCC27134.1
OG0002155	AAS04119.1	CCC27138.1
OG0002156	AAS06317.1	CCC27140.1
OG0002157	AAS06318.1	CCC27141.1
OG0002158	AAS06319.1	CCC27142.1
OG0002159	AAS02806.1, AAS06326.1	CCC27144.1
OG0002160	AAS04122.1	CCC27147.1
OG0002161	AAS04127.1	CCC27149.1
OG0002162	AAS04128.1	CCC27150.1
OG0002163	AAS04129.1	CCC27151.1
OG0002164	AAS03321.1	CCC27152.1
OG0002165	AAS04133.1	CCC27156.1
OG0002166	AAS04788.1, AAS03535.1	CCC27161.1
OG0002167	AAS06879.1	CCC27162.1
OG0002168	AAS06880.1	CCC27163.1
OG0002169	AAS04734.1	CCC27164.1
OG0002170	AAS04140.1	CCC27173.1
OG0002171	AAS04142.1	CCC27174.1
OG0002173	AAS04155.1	CCC27196.1
OG0002174	AAS04162.1	CCC27202.1
OG0002175	AAS04178.1	CCC27211.1
OG0002177	AAS04198.1	CCC27220.1
OG0002178	AAS04204.1	CCC27225.1
OG0002180	AAS04215.1	CCC27236.1
OG0002181	AAS04229.1	CCC27255.1
OG0002182	AAS04235.1	CCC27261.1
OG0002183	AAS04244.1	CCC27270.1
OG0002184	AAS04247.1	CCC27272.1
OG0002185	AAS04248.1	CCC27273.1
OG0002186	AAS04262.1	CCC27286.1
OG0002187	AAS04266.1	CCC27289.1
OG0002188	AAS04278.1	CCC27301.1
OG0002189	AAS04291.1	CCC27308.1
OG0002190	AAS04300.1	CCC27313.1
OG0002191	AAS04301.1	CCC27314.1
OG0002192	AAS04302.1	CCC27315.1
OG0002193	AAS04304.1	CCC27317.1
OG0002194	AAS04305.1	CCC27318.1
OG0002195	AAS04308.1	CCC27319.1
OG0002196	AAS04310.1	CCC27321.1
OG0002197	AAS04860.1	CCC27329.1
OG0002198	AAS04319.1	CCC27330.1
OG0002199	AAS04320.1	CCC27331.1
OG0002200	AAS04321.1	CCC27332.1
OG0002201	AAS04322.1	CCC27333.1
OG0002203	AAS04326.1	CCC27341.1
OG0002204	AAS03785.1	CCC27343.1
OG0002205	AAS04332.1	CCC27346.1
OG0002206	AAS04334.1	CCC27350.1
OG0002208	AAS04355.1	CCC27360.1
OG0002209	AAS04358.1	CCC27362.1
OG0002211	AAS04365.1	CCC27368.1
OG0002212	AAS04363.1	CCC27369.1
OG0002213	AAS03979.1	CCC27378.1
OG0002214	AAS04404.1	CCC27395.1
OG0002215	AAS04405.1	CCC27396.1
OG0002216	AAS04406.1	CCC27397.1
OG0002217	AAS04410.1	CCC27402.1
OG0002218	AAS04411.1	CCC27404.1
OG0002219	AAS04412.1	CCC27405.1
OG0002220	AAS04413.1	CCC27406.1
OG0002221	AAS04416.1	CCC27409.1
OG0002222	AAS04420.1	CCC27412.1
OG0002223	AAS04857.1	CCC27415.1
OG0002224	AAS04450.1	CCC27428.1
OG0002225	AAS04457.1	CCC27444.1
OG0002226	AAS04460.1	CCC27447.1
OG0002228	AAS04463.1	CCC27450.1
OG0002229	AAS04481.1	CCC27459.1
OG0002230	AAS04487.1	CCC27462.1
OG0002231	AAS04488.1	CCC27463.1
OG0002232	AAS04490.1	CCC27464.1
OG0002233	AAS04491.1	CCC27465.1
OG0002234	AAS04495.1	CCC27468.1
OG0002235	AAS04514.1	CCC27469.1
OG0002236	AAS04522.1	CCC27470.1
OG0002237	AAS04523.1	CCC27471.1
OG0002238	AAS04524.1	CCC27472.1
OG0002239	AAS04354.1	CCC27477.1
OG0002240	AAS04528.1	CCC27482.1
OG0002241	AAS04529.1	CCC27483.1
OG0002242	AAS04533.1	CCC27488.1
OG0002243	AAS04535.1	CCC27490.1
OG0002244	AAS04536.1	CCC27491.1
OG0002245	AAS04537.1	CCC27492.1
OG0002246	AAS04543.1	CCC27500.1
OG0002247	AAS04557.1	CCC27502.1
OG0002248	AAS04558.1	CCC27503.1
OG0002249	AAS03990.1	CCC27508.1
OG0002250	AAS04562.1	CCC27510.1
OG0002251	AAS04563.1	CCC27511.1
OG0002252	AAS03905.1	CCC27515.1
OG0002254	AAS04565.1	CCC27520.1
OG0002255	AAS04590.1	CCC27537.1
OG0002256	AAS04592.1	CCC27540.1
OG0002257	AAS04593.1	CCC27541.1
OG0002258	AAS04594.1	CCC27542.1
OG0002259	AAS03152.1	CCC27543.1
OG0002260	AAS04600.1	CCC27550.1
OG0002261	AAS04601.1	CCC27551.1
OG0002262	AAS04609.1	CCC27558.1
OG0002263	AAS04613.1	CCC27565.1
OG0002264	AAS04623.1	CCC27571.1
OG0002265	AAS04624.1	CCC27580.1
OG0002266	AAS04627.1	CCC27583.1
OG0002267	AAS04628.1	CCC27584.1
OG0002268	AAS04629.1	CCC27585.1
OG0002269	AAS04631.1	CCC27587.1
OG0002270	AAS06411.1	CCC27588.1
OG0002271	AAS04632.1	CCC27591.1
OG0002272	AAS04636.1	CCC27595.1
OG0002273	AAS05076.1	CCC27601.1
OG0002274	AAS05075.1	CCC27602.1
OG0002275	AAS03416.1	CCC27618.1
OG0002276	AAS03398.1	CCC27638.1
OG0002277	AAS03393.1	CCC27643.1
OG0002278	AAS03388.1	CCC27647.1
OG0002279	AAS03386.1	CCC27655.1
OG0002280	AAS03384.1	CCC27657.1
OG0002281	AAS03378.1	CCC27661.1
OG0002282	AAS03377.1	CCC27662.1
OG0002283	AAS03372.1	CCC27664.1
OG0002284	AAS03371.1	CCC27665.1
OG0002285	AAS03363.1	CCC27671.1
OG0002286	AAS03352.1	CCC27684.1
OG0002287	AAS03351.1	CCC27685.1
OG0002288	AAS03348.1	CCC27688.1
OG0002289	AAS05038.1	CCC27705.1
OG0002290	AAS05040.1	CCC27708.1
OG0002291	AAS05041.1	CCC27709.1
OG0002292	AAS05044.1	CCC27711.1
OG0002293	AAS04692.1	CCC27716.1
OG0002294	AAS05045.1	CCC27717.1
OG0002295	AAS02563.1	CCC27718.1
OG0002296	AAS05049.1	CCC27722.1
OG0002297	AAS05059.1	CCC27727.1
OG0002298	AAS05104.1	CCC27741.1
OG0002299	AAS05105.1	CCC27742.1
OG0002300	AAS05106.1	CCC27743.1
OG0002301	AAS05107.1	CCC27744.1
OG0002302	AAS05111.1	CCC27748.1
OG0002303	AAS05113.1	CCC27749.1
OG0002304	AAS05117.1	CCC27753.1
OG0002305	AAS05123.1	CCC27763.1
OG0002306	AAS05125.1	CCC27765.1
OG0002307	AAS05126.1	CCC27766.1
OG0002308	AAS05127.1	CCC27767.1
OG0002309	AAS05128.1	CCC27768.1
OG0002310	AAS05138.1	CCC27778.1
OG0002312	AAS05145.1	CCC27786.1
OG0002313	AAS05146.1	CCC27787.1
OG0002314	AAS05149.1	CCC27789.1
OG0002316	AAS05161.1	CCC27805.1
OG0002317	AAS05171.1	CCC27818.1
OG0002318	AAS05172.1	CCC27819.1
OG0002319	AAS05173.1	CCC27820.1
OG0002320	AAS05177.1	CCC27824.1
OG0002321	AAS05178.1	CCC27825.1
OG0002322	AAS05179.1	CCC27826.1
OG0002323	AAS05183.1	CCC27837.1
OG0002324	AAS05187.1	CCC27840.1
OG0002325	AAS05189.1	CCC27841.1
OG0002326	AAS05195.1	CCC27848.1
OG0002327	AAS05204.1	CCC27853.1
OG0002328	AAS05206.1	CCC27856.1
OG0002330	AAS05212.1	CCC27863.1
OG0002331	AAS05213.1	CCC27864.1
OG0002332	AAS05214.1	CCC27865.1
OG0002334	AAS05218.1	CCC27874.1
OG0002335	AAS05219.1	CCC27875.1
OG0002337	AAS05221.1	CCC27906.1
OG0002338	AAS05222.1	CCC27912.1
OG0002339	AAS05225.1	CCC27915.1
OG0002340	AAS05227.1	CCC27917.1
OG0002341	AAS05230.1	CCC27920.1
OG0002342	AAS05233.1	CCC27922.1
OG0002343	AAS05234.1	CCC27923.1
OG0002344	AAS05235.1	CCC27924.1
OG0002345	AAS05236.1	CCC27925.1
OG0002346	AAS05237.1	CCC27926.1
OG0002347	AAS05238.1	CCC27927.1
OG0002348	AAS05239.1	CCC27929.1
OG0002349	AAS05241.1	CCC27931.1
OG0002350	AAS05245.1	CCC27932.1
OG0002351	AAS05246.1	CCC27933.1
OG0002352	AAS05248.1	CCC27935.1
OG0002353	AAS05252.1	CCC27937.1
OG0002354	AAS05254.1	CCC27942.1
OG0002355	AAS06494.1	CCC27949.1
OG0002357	AAS05258.1	CCC27952.1
OG0002358	AAS05259.1	CCC27953.1
OG0002359	AAS05260.1	CCC27954.1
OG0002360	AAS05265.1	CCC27958.1
OG0002361	AAS03184.1	CCC27967.1
OG0002362	AAS05278.1	CCC27970.1
OG0002363	AAS05283.1	CCC27973.1
OG0002364	AAS05290.1	CCC27979.1
OG0002365	AAS05296.1	CCC27985.1
OG0002366	AAS05297.1	CCC27986.1
OG0002367	AAS05299.1	CCC27989.1
OG0002368	AAS05303.1	CCC27992.1
OG0002369	AAS05304.1	CCC27993.1
OG0002370	AAS05308.1	CCC27997.1
OG0002371	AAS05309.1	CCC27998.1
OG0002380	AAS03267.1	CCC28030.1
OG0002381	AAS03551.1	CCC28032.1
OG0002383	AAS05547.1	CCC28038.1
OG0002384	AAS02611.1	CCC28042.1
OG0002385	AAS05554.1	CCC28045.1
OG0002386	AAS05556.1	CCC28048.1
OG0002387	AAS05558.1	CCC28050.1
OG0002388	AAS05576.1	CCC28066.1
OG0002389	AAS05579.1	CCC28069.1
OG0002390	AAS05580.1	CCC28070.1
OG0002391	AAS05582.1	CCC28072.1
OG0002392	AAS03743.1	CCC28083.1
OG0002394	AAS05604.1	CCC28092.1
OG0002395	AAS05607.1	CCC28104.1
OG0002396	AAS05633.1	CCC28114.1
OG0002397	AAS05636.1	CCC28117.1
OG0002398	AAS05642.1	CCC28123.1
OG0002399	AAS05646.1	CCC28126.1
OG0002400	AAS05652.1	CCC28131.1
OG0002401	AAS05653.1	CCC28132.1
OG0002402	AAS05654.1	CCC28133.1
OG0002403	AAS05656.1	CCC28135.1
OG0002404	AAS05657.1	CCC28136.1
OG0002405	AAS05660.1	CCC28137.1
OG0002406	AAS05663.1	CCC28138.1
OG0002407	AAS05665.1	CCC28139.1
OG0002408	AAS05666.1	CCC28140.1
OG0002409	AAS05694.1	CCC28145.1
OG0002410	AAS05695.1	CCC28146.1
OG0002411	AAS05696.1	CCC28147.1
OG0002412	AAS06857.1	CCC28148.1
OG0002413	AAS05698.1	CCC28150.1
OG0002414	AAS05700.1	CCC28152.1
OG0002415	AAS05886.1	CCC28172.1
OG0002416	AAS05716.1	CCC28176.1
OG0002417	AAS05721.1	CCC28180.1
OG0002418	AAS05722.1	CCC28181.1
OG0002419	AAS05819.1	CCC28211.1
OG0002420	AAS05727.1	CCC28212.1
OG0002421	AAS05748.1	CCC28221.1
OG0002422	AAS05749.1	CCC28223.1
OG0002423	AAS05750.1	CCC28224.1
OG0002424	AAS05751.1	CCC28225.1
OG0002425	AAS05752.1	CCC28226.1
OG0002426	AAS05753.1	CCC28227.1
OG0002427	AAS05756.1	CCC28230.1
OG0002428	AAS05758.1	CCC28232.1
OG0002429	AAS05759.1	CCC28233.1
OG0002430	AAS05760.1	CCC28234.1
OG0002431	AAS05761.1	CCC28235.1
OG0002432	AAS05762.1	CCC28236.1
OG0002433	AAS05765.1	CCC28242.1
OG0002434	AAS05766.1	CCC28243.1
OG0002435	AAS05767.1	CCC28244.1
OG0002436	AAS05768.1	CCC28245.1
OG0002437	AAS05772.1	CCC28247.1
OG0002438	AAS05058.1	CCC28252.1
OG0002439	AAS04384.1	CCC28267.1
OG0002440	AAS05844.1	CCC28271.1
OG0002441	AAS05848.1	CCC28276.1
OG0002442	AAS05849.1	CCC28277.1
OG0002443	AAS05850.1	CCC28279.1
OG0002444	AAS05851.1	CCC28280.1
OG0002445	AAS05853.1	CCC28281.1
OG0002446	AAS05854.1	CCC28282.1
OG0002447	AAS05861.1	CCC28289.1
OG0002448	AAS05864.1	CCC28292.1
OG0002449	AAS05865.1	CCC28293.1
OG0002450	AAS05869.1	CCC28297.1
OG0002451	AAS05873.1	CCC28301.1
OG0002452	AAS05874.1	CCC28303.1
OG0002453	AAS05895.1	CCC28313.1
OG0002454	AAS05896.1	CCC28314.1
OG0002455	AAS05897.1	CCC28315.1
OG0002456	AAS05898.1	CCC28316.1
OG0002457	AAS05901.1	CCC28319.1
OG0002458	AAS05914.1	CCC28333.1
OG0002459	AAS05915.1	CCC28334.1
OG0002460	AAS05920.1	CCC28339.1
OG0002461	AAS05932.1	CCC28349.1
OG0002462	AAS05936.1	CCC28353.1
OG0002463	AAS05953.1	CCC28365.1
OG0002464	AAS05957.1	CCC28368.1
OG0002465	AAS05959.1	CCC28370.1
OG0002466	AAS05960.1	CCC28371.1
OG0002467	AAS05962.1	CCC28373.1
OG0002468	AAS05963.1	CCC28374.1
OG0002469	AAS05965.1	CCC28377.1
OG0002470	AAS05966.1	CCC28378.1
OG0002472	AAS05997.1	CCC28415.1
OG0002473	AAS05999.1	CCC28417.1
OG0002474	AAS06000.1	CCC28418.1
OG0002475	AAS06005.1	CCC28424.1
OG0002476	AAS06007.1	CCC28425.1
OG0002477	AAS06014.1	CCC28443.1
OG0002478	AAS06018.1	CCC28445.1
OG0002479	AAS06019.1	CCC28446.1
OG0002480	AAS06020.1	CCC28447.1
OG0002481	AAS06021.1	CCC28448.1
OG0002482	AAS06022.1	CCC28449.1
OG0002483	AAS06026.1	CCC28454.1
OG0002484	AAS06027.1	CCC28455.1
OG0002485	AAS06029.1	CCC28471.1
OG0002486	AAS06032.1	CCC28473.1
OG0002487	AAS06034.1	CCC28475.1
OG0002488	AAS06037.1	CCC28476.1
OG0002489	AAS06038.1	CCC28477.1
OG0002490	AAS05619.1	CCC28480.1
OG0002491	AAS06826.1	CCC28496.1
OG0002492	AAS06825.1	CCC28497.1
OG0002493	AAS06812.1	CCC28503.1
OG0002496	AAS06807.1	CCC28516.1
OG0002497	AAS06805.1	CCC28518.1
OG0002498	AAS06804.1	CCC28519.1
OG0002499	AAS06799.1	CCC28523.1
OG0002500	AAS06798.1	CCC28524.1
OG0002501	AAS06793.1	CCC28529.1
OG0002502	AAS06792.1	CCC28530.1
OG0002503	AAS06791.1	CCC28531.1
OG0002504	AAS06790.1	CCC28532.1
OG0002505	AAS06789.1	CCC28533.1
OG0002506	AAS06788.1	CCC28534.1
OG0002507	AAS06787.1	CCC28535.1
OG0002508	AAS06786.1	CCC28536.1
OG0002509	AAS06779.1	CCC28545.1
OG0002510	AAS02894.1	CCC28567.1
OG0002511	AAS02889.1	CCC28573.1
OG0002512	AAS02888.1	CCC28574.1
OG0002513	AAS02887.1	CCC28575.1
OG0002514	AAS02886.1	CCC28576.1
OG0002515	AAS02885.1	CCC28577.1
OG0002516	AAS02884.1	CCC28578.1
OG0002517	AAS02883.1	CCC28579.1
OG0002518	AAS02882.1	CCC28580.1
OG0002519	AAS02881.1	CCC28581.1
OG0002520	AAS02878.1	CCC28584.1
OG0002521	AAS02876.1	CCC28586.1
OG0002522	AAS02873.1	CCC28588.1
OG0002523	AAS02866.1	CCC28597.1
OG0002524	AAS02863.1	CCC28600.1
OG0002525	AAS02861.1	CCC28602.1
OG0002526	AAS02860.1	CCC28603.1
OG0002527	AAS02859.1	CCC28604.1
OG0002528	AAS02857.1	CCC28606.1
OG0002529	AAS03751.1	CCC28607.1
OG0002530	AAS02855.1	CCC28608.1
OG0002531	AAS02853.1	CCC28611.1
OG0002532	AAS02852.1	CCC28612.1
OG0002533	AAS02850.1	CCC28615.1
OG0002534	AAS02849.1	CCC28616.1
OG0002535	AAS02846.1	CCC28619.1
OG0002536	AAS02844.1	CCC28621.1
OG0002537	AAS02842.1	CCC28623.1
OG0002538	AAS02841.1	CCC28624.1
OG0002539	AAS02840.1	CCC28625.1
OG0002540	AAS02838.1	CCC28627.1
OG0002541	AAS02836.1	CCC28628.1
OG0002542	AAS02835.1	CCC28629.1
OG0002543	AAS02833.1	CCC28631.1
OG0002544	AAS02832.1	CCC28632.1
OG0002545	AAS02831.1	CCC28633.1
OG0002546	AAS02825.1	CCC28640.1
OG0002547	AAS02823.1	CCC28642.1
OG0002548	AAS02822.1	CCC28643.1
OG0002549	AAS02821.1	CCC28644.1
OG0002550	AAS02819.1	CCC28646.1
OG0002551	AAS02818.1	CCC28647.1
OG0002552	AAS02817.1	CCC28649.1
OG0002553	AAS02816.1	CCC28650.1
OG0002554	AAS02812.1	CCC28654.1
OG0002555	AAS02809.1	CCC28655.1
OG0002556	AAS02807.1	CCC28657.1
OG0002557	AAS02802.1	CCC28659.1
OG0002558	AAS02801.1	CCC28660.1
OG0002559	AAS02789.1	CCC28668.1
OG0002562	AAS02754.1	CCC28702.1
OG0002563	AAS05708.1	CCC28709.1
OG0002564	AAS02739.1	CCC28725.1
OG0002566	AAS02738.1	CCC28727.1
OG0002567	AAS02736.1	CCC28732.1
OG0002568	AAS02735.1	CCC28733.1
OG0002569	AAS02734.1	CCC28734.1
OG0002570	AAS02733.1	CCC28735.1
OG0002571	AAS02732.1	CCC28736.1
OG0002572	AAS02731.1	CCC28737.1
OG0002573	AAS02726.1	CCC28742.1
OG0002574	AAS02724.1	CCC28743.1
OG0002575	AAS02707.1	CCC28761.1
OG0002576	AAS06859.1, AAS02697.1	CCC28764.1
OG0002577	AAS02680.1	CCC28765.1
OG0002578	AAS02679.1	CCC28766.1
OG0002579	AAS02678.1	CCC28767.1
OG0002580	AAS02677.1	CCC28768.1
OG0002581	AAS02676.1	CCC28769.1
OG0002582	AAS02675.1	CCC28770.1
OG0002583	AAS02674.1	CCC28771.1
OG0002584	AAS02617.1	CCC28775.1
OG0002585	AAS02619.1	CCC28777.1
OG0002586	AAS02620.1	CCC28778.1
OG0002587	AAS02621.1	CCC28779.1
OG0002588	AAS02622.1	CCC28780.1
OG0002589	AAS02623.1	CCC28781.1
OG0002590	AAS02629.1	CCC28788.1
OG0002591	AAS02630.1	CCC28789.1
OG0002593	AAS02651.1	CCC28803.1
OG0002594	AAS02761.1	CCC28804.1
OG0002595	AAS02657.1	CCC28808.1
OG0002596	AAS02658.1	CCC28809.1
OG0002598	AAS02593.1	CCC28837.1
OG0002599	AAS02592.1	CCC28838.1
OG0002600	AAS02591.1	CCC28839.1
OG0002601	AAS02590.1	CCC28840.1
OG0002602	AAS02588.1	CCC28841.1
OG0002604	AAS02579.1	CCC28844.1
OG0002605	AAS02577.1	CCC28846.1
OG0002606	AAS02567.1	CCC28857.1
OG0002607	AAS02554.1	CCC28872.1
OG0002608	AAS02541.1	CCC28881.1
OG0002609	AAS02526.1	CCC28895.1
OG0002610	AAS02521.1	CCC28902.1
OG0002611	AAS02520.1	CCC28903.1
OG0002612	AAS02518.1	CCC28914.1
OG0002613	AAS02517.1	CCC28915.1
OG0002614	AAS02516.1	CCC28916.1
OG0002615	AAS02515.1	CCC28917.1
OG0002616	AAS02509.1	CCC28923.1
OG0002617	AAS02508.1	CCC28924.1
OG0002618	AAS02494.1	CCC28940.1
OG0002619	AAS02493.1	CCC28941.1
OG0002624	AAS02484.1	CCC28967.1
OG0002625	AAS02483.1	CCC28968.1
OG0002626	AAS02479.1	CCC28972.1
OG0002627	AAS02478.1	CCC28973.1
OG0002628	AAS02477.1	CCC28974.1
OG0002629	AAS02475.1	CCC28975.1
OG0002630	AAS02474.1	CCC28976.1
OG0002631	AAS06873.1	CCC28978.1
OG0002632	AAS04138.1	CCC28985.1
OG0002633	AAS06548.1	CCC28986.1
OG0002634	AAS06549.1	CCC28987.1
OG0002635	AAS06881.1	CCC28989.1
OG0002636	AAS06888.1	CCC28995.1
OG0002637	AAS06890.1	CCC28997.1
OG0002638	AAS06899.1	CCC29006.1
OG0002639	AAS06900.1	CCC29007.1
OG0002697	AAS06100.1	CCC25208.1
OG0002727	AAS06369.1	CCC25394.1
OG0002809	AAS06642.1	CCC25709.1
OG0002920	AAS04835.1	CCC26347.1
OG0002968	AAS03548.1	CCC26610.1
OG0002969	AAS03549.1	CCC26611.1
OG0002984	AAS03585.1	CCC26661.1
OG0002987	AAS03634.1	CCC26708.1
OG0003048	AAS03861.1	CCC26923.1
OG0003066	AAS03959.1	CCC27006.1
OG0003071	AAS04387.1	CCC27022.1
OG0003097	AAS04023.1	CCC27068.1
OG0003190	AAS04452.1	CCC27431.1
OG0003232	AAS03349.1	CCC27687.1
OG0003263	AAS05166.1	CCC27812.1
OG0003311	AAS05274.1	CCC27965.1
OG0003382	AAS05867.1	CCC28295.1
OG0003454	AAS02716.1	CCC28751.1
OG0003489	AAS02488.1	CCC28944.1
OG0003497	AAS02480.1	CCC28971.1
OG0003498	AAS06871.1	CCC28977.1
OG0003500	AAS06550.1	CCC28988.1
OG0003501	AAS06898.1	CCC29005.1
OG0003578	AAS04921.1	CCC26271.1
OG0003620	AAS05170.1	CCC27817.1
