Orthogroup	Mmicro	Mlepra
OG0000002	AMC60666.1, AMC59140.1, AMC58752.1	CAC31610.1
OG0000002	AMC60667.1	CAC29647.1
OG0000002	AMC60659.1	CAC31871.1
OG0000002	AMC60676.1	CAC29643.1
OG0000002	AMC60657.1	CAC31872.1
OG0000002	AMC60655.1	CAC31873.1
OG0000002	AMC60660.1	CAC31870.1
OG0000003	AMC57716.1	CAC30781.1
OG0000003	AMC58980.1	CAC30047.1
OG0000005	AMC58756.1	CAC31615.1
OG0000005	AMC60668.1	CAC29646.1
OG0000005	AMC60679.1	CAC29640.1
OG0000005	AMC60654.1	CAC31874.1
OG0000006	AMC59762.1	CAC29918.1
OG0000006	AMC59450.1, AMC59415.1, AMC59418.1, AMC61262.1	CAC31434.1, CAC31564.1
OG0000007	AMC57950.1	CAC31976.1
OG0000007	AMC58147.1	CAC30854.1
OG0000008	AMC61348.1	CAC31570.1
OG0000009	AMC57929.1, AMC57880.1, AMC57994.1, AMC59173.1, AMC60021.1, AMC58182.1	CAC31894.1
OG0000014	AMC59172.1, AMC58183.1, AMC57930.1	CAC31893.1
OG0000016	AMC57617.1, AMC61286.1, AMC59611.1, AMC58086.1	CAC32119.1
OG0000024	AMC59519.1	CAC30983.1
OG0000024	AMC61625.1	CAC29605.1
OG0000024	AMC57576.1	CAC32187.1
OG0000026	AMC58475.1	CAC31307.1
OG0000027	AMC60028.1, AMC59420.1, AMC58593.1, AMC58768.1	CAC31561.1, CAC31437.1
OG0000028	AMC59419.1, AMC58594.1, AMC58767.1, AMC60029.1	CAC31562.1, CAC31436.1
OG0000029	AMC60824.1, AMC58820.1	CAC31475.1
OG0000032	AMC57619.1, AMC57620.1, AMC58088.1	CAC32121.1
OG0000033	AMC58089.1, AMC57621.1	CAC32122.1
OG0000035	AMC58753.1, AMC61644.1, AMC61649.1	CAC31611.1
OG0000037	AMC57536.1	CAC30942.1
OG0000037	AMC57548.1	CAC30955.1
OG0000038	AMC58978.1	CAC30046.1
OG0000038	AMC57754.1	CAC32065.1
OG0000043	AMC57859.1, AMC60182.1, AMC58948.1, AMC58417.1	CAC30706.1
OG0000044	AMC61648.1, AMC59132.1, AMC58754.1	CAC31612.1
OG0000048	AMC58092.1, AMC57624.1	CAC32125.1
OG0000049	AMC57867.1, AMC59486.1	CAC31016.1
OG0000050	AMC59137.1, AMC59139.1	CAC31864.1
OG0000053	AMC59920.1	CAC30606.1
OG0000053	AMC59921.1	CAC30607.1
OG0000057	AMC57545.1	CAC30951.1
OG0000058	AMC61197.1	CAC29889.1
OG0000058	AMC57919.1	CAC29825.1
OG0000060	AMC58467.1, AMC58462.1	CAC31050.1
OG0000061	AMC59649.1, AMC58749.1	CAC30439.1
OG0000062	AMC58765.1, AMC59055.1, AMC60053.1	CAC31433.1
OG0000063	AMC61263.1, AMC58766.1, AMC58953.1	CAC31563.1
OG0000065	AMC59970.1	CAC29966.1
OG0000069	AMC57618.1, AMC58087.1	CAC32120.1
OG0000070	AMC58090.1, AMC57622.1	CAC32123.1
OG0000071	AMC58091.1, AMC57623.1	CAC32124.1
OG0000072	AMC58093.1, AMC57625.1	CAC32126.1
OG0000074	AMC59069.1, AMC57703.1	CAC32094.1
OG0000075	AMC57720.1, AMC60009.1	CAC31225.1
OG0000077	AMC58635.1, AMC61272.1	CAC29822.1
OG0000079	AMC58942.1, AMC58943.1	CAC30703.1
OG0000080	AMC59020.1, AMC60177.1	CAC31624.1
OG0000088	AMC60945.1, AMC57501.1	CAC30153.1
OG0000089	AMC57506.1	CAC29824.1
OG0000090	AMC57507.1, AMC57918.1	CAC29823.1
OG0000091	AMC58655.1, AMC57510.1	CAC30908.1
OG0000092	AMC57818.1, AMC59785.1	CAC31685.1, CAC31686.1
OG0000095	AMC58019.1, AMC61695.1	CAC29556.1
OG0000096	AMC58055.1, AMC58531.1	CAC31793.1
OG0000099	AMC60860.1, AMC58338.1	CAC31153.1
OG0000100	AMC58367.1	CAC30305.1
OG0000101	AMC58629.1	CAC31918.1
OG0000103	AMC60681.1, AMC59136.1	CAC29638.1
OG0000106	AMC60786.1, AMC59615.1	CAC30684.1
OG0000108	AMC59699.1	CAC30390.1
OG0000108	AMC59700.1	CAC30391.1
OG0000110	AMC60682.1, AMC60144.1	CAC29637.1
OG0000113	AMC60396.1, AMC60397.1	CAC31417.1
OG0000114	AMC60742.1	CAC30649.1
OG0000115	AMC61142.1	CAC29926.1
OG0000121	AMC57436.1, AMC57435.1	CAC32162.1, CAC29515.1
OG0000122	AMC57518.1, AMC57519.1	CAC32209.1
OG0000124	AMC57756.1	CAC32063.1
OG0000125	AMC57757.1	CAC32062.1
OG0000126	AMC57828.1	CAC29787.1
OG0000127	AMC57885.1	CAC29777.1
OG0000128	AMC57910.1	CAC30880.1
OG0000130	AMC60861.1, AMC58337.1	CAC31154.1
OG0000131	AMC58468.1, AMC58343.1	CAC31144.1
OG0000132	AMC58347.1	CAC31140.1
OG0000137	AMC59087.1	CAC30761.1
OG0000138	AMC59101.1	CAC30752.1
OG0000142	AMC59513.1	CAC31043.1
OG0000149	AMC61155.1, AMC60394.1	CAC31419.1
OG0000152	AMC60664.1	CAC31866.1
OG0000153	AMC60689.1, AMC60692.1	CAC29636.1, CAC29633.1
OG0000154	AMC60706.1	CAC30622.1
OG0000158	AMC61070.1	CAC30222.1
OG0000159	AMC61072.1	CAC30220.1
OG0000161	AMC61075.1	CAC30216.1
OG0000162	AMC61077.1	CAC30215.1
OG0000163	AMC61080.1	CAC30212.1
OG0000164	AMC61083.1	CAC30209.1
OG0000165	AMC61085.1	CAC31129.1
OG0000166	AMC61086.1	CAC30208.1
OG0000167	AMC61087.1	CAC30207.1
OG0000171	AMC61129.1	CAC30184.1
OG0000175	AMC61445.1	CAC29709.1
OG0000177	AMC61576.1	CAC30921.1
OG0000179	AMC61607.1	CAC29616.1
OG0000183	AMC57482.1	CAC29904.1, CAC32224.1
OG0000186	AMC57563.1	CAC32195.1
OG0000188	AMC57614.1	CAC32161.1, CAC29632.1
OG0000190	AMC57644.1	CAC32141.1
OG0000197	AMC57822.1	CAC32013.1
OG0000198	AMC57824.1	CAC32011.1
OG0000200	AMC57971.1	CAC31957.1
OG0000201	AMC57981.1, AMC57980.1	CAC31950.1
OG0000202	AMC57987.1	CAC31944.1
OG0000203	AMC57998.1, AMC57999.1	CAC31936.1
OG0000204	AMC58036.1	CAC31214.1
OG0000205	AMC58051.1	CAC31789.1
OG0000209	AMC58191.1	CAC30831.1
OG0000210	AMC58232.1, AMC58231.1	CAC30793.1
OG0000216	AMC58344.1	CAC31143.1
OG0000217	AMC58382.1	CAC31117.1
OG0000218	AMC58383.1	CAC31116.1
OG0000219	AMC58405.1	CAC31095.1
OG0000220	AMC58410.1	CAC31090.1
OG0000221	AMC58431.1	CAC31079.1
OG0000222	AMC58463.1	CAC31049.1
OG0000223	AMC58464.1	CAC31048.1
OG0000226	AMC58571.1	CAC29763.1
OG0000230	AMC58637.1	CAC31910.1
OG0000231	AMC58640.1	CAC31907.1
OG0000232	AMC58718.1	CAC30462.1
OG0000234	AMC58741.1	CAC30445.1
OG0000239	AMC58874.1	CAC31509.1
OG0000240	AMC58880.1	CAC31514.1
OG0000241	AMC58882.1	CAC31516.1
OG0000245	AMC59074.1	CAC31622.1
OG0000246	AMC59094.1	CAC30755.1
OG0000247	AMC59104.1	CAC30751.1
OG0000250	AMC59181.1	CAC31594.1
OG0000251	AMC59195.1	CAC31607.1
OG0000252	AMC59216.1	CAC31657.1
OG0000253	AMC59235.1	CAC31770.1
OG0000256	AMC59311.1	CAC31746.1
OG0000257	AMC59324.1	CAC31748.1
OG0000258	AMC59452.1	CAC31038.1
OG0000260	AMC59516.1	CAC30986.1
OG0000261	AMC59527.1	CAC30978.1
OG0000263	AMC59544.1	CAC30965.1
OG0000265	AMC59683.1	CAC30374.1
OG0000267	AMC59770.1, AMC59772.1, AMC59771.1	CAC31697.1
OG0000268	AMC59789.1	CAC31682.1
OG0000269	AMC59807.1	CAC31209.1, CAC31303.1
OG0000272	AMC59859.1	CAC31263.1
OG0000273	AMC59862.1, AMC59861.1	CAC31261.1
OG0000274	AMC59868.1	CAC31255.1
OG0000275	AMC59887.1	CAC31241.1
OG0000276	AMC59917.1	CAC30603.1
OG0000279	AMC60042.1	CAC30334.1
OG0000280	AMC60061.1	CAC30128.1
OG0000284	AMC60164.1	CAC31635.1
OG0000285	AMC60233.1	CAC30033.1
OG0000286	AMC60218.1	CAC29934.1
OG0000287	AMC60227.1	CAC31571.1
OG0000288	AMC60288.1	CAC30000.1
OG0000289	AMC60382.1	CAC31721.1
OG0000290	AMC60402.1	CAC30714.1
OG0000291	AMC60411.1	CAC31407.1
OG0000292	AMC60461.1	CAC31358.1
OG0000293	AMC60564.1	CAC30513.1
OG0000295	AMC60653.1	CAC31875.1
OG0000296	AMC60716.1	CAC30631.1
OG0000297	AMC60718.1, AMC60717.1	CAC30632.1
OG0000298	AMC60723.1	CAC30637.1
OG0000299	AMC60724.1	CAC30638.1
OG0000300	AMC60733.1	CAC30645.1
OG0000302	AMC60777.1	CAC30677.1, CAC32015.1
OG0000303	AMC60783.1	CAC30683.1
OG0000304	AMC60803.1	CAC30709.1
OG0000305	AMC60845.1	CAC30178.1
OG0000309	AMC60972.1	CAC30321.1
OG0000312	AMC61034.1, AMC61033.1	CAC30256.1
OG0000313	AMC61037.1	CAC31795.1
OG0000314	AMC61051.1	CAC30235.1
OG0000321	AMC61113.1, AMC61112.1	CAC30194.1
OG0000324	AMC61252.1	CAC30920.1
OG0000325	AMC61269.1	CAC31203.1
OG0000328	AMC61434.1	CAC29712.1
OG0000329	AMC61448.1	CAC29706.1
OG0000330	AMC61479.1	CAC31818.1
OG0000331	AMC61526.1	CAC31847.1
OG0000333	AMC61619.1	CAC29610.1
OG0000334	AMC61621.1, AMC61620.1	CAC29609.1
OG0000335	AMC61685.1	CAC29572.1, CAC31451.1
OG0000340	AMC60119.1	CAC30996.1
OG0000342	AMC57428.1	CAC29509.1
OG0000343	AMC57429.1	CAC29510.1
OG0000344	AMC57430.1	CAC29511.1
OG0000345	AMC57431.1	CAC29512.1
OG0000346	AMC57432.1	CAC29513.1
OG0000347	AMC57434.1	CAC29514.1
OG0000348	AMC57440.1	CAC29519.1
OG0000349	AMC57443.1	CAC29521.1
OG0000350	AMC57445.1	CAC29523.1
OG0000351	AMC57446.1	CAC29524.1
OG0000352	AMC57447.1	CAC29525.1
OG0000353	AMC57448.1	CAC29526.1
OG0000354	AMC57449.1	CAC29527.1
OG0000355	AMC57450.1	CAC29528.1
OG0000356	AMC57451.1	CAC29529.1
OG0000357	AMC57452.1	CAC29530.1
OG0000359	AMC57474.1	CAC29536.1
OG0000360	AMC57476.1	CAC29539.1
OG0000361	AMC57477.1	CAC29540.1
OG0000362	AMC57478.1	CAC32228.1
OG0000364	AMC57483.1	CAC32223.1
OG0000365	AMC57485.1	CAC32221.1
OG0000366	AMC57486.1	CAC32220.1
OG0000367	AMC57487.1	CAC32219.1
OG0000368	AMC57489.1	CAC32217.1
OG0000369	AMC57490.1	CAC32216.1
OG0000370	AMC57491.1	CAC32215.1
OG0000371	AMC57492.1	CAC32214.1
OG0000372	AMC57494.1	CAC32212.1
OG0000373	AMC57505.1	CAC32204.1
OG0000375	AMC57546.1	CAC30953.1
OG0000377	AMC57552.1	CAC32203.1
OG0000378	AMC57556.1	CAC32202.1
OG0000380	AMC57562.1	CAC32196.1
OG0000381	AMC57565.1	CAC32193.1
OG0000382	AMC57572.1	CAC32191.1
OG0000384	AMC57585.1	CAC32179.1
OG0000387	AMC57594.1	CAC32172.1
OG0000388	AMC57595.1	CAC32171.1
OG0000390	AMC57604.1	CAC32168.1
OG0000391	AMC57605.1	CAC32167.1
OG0000392	AMC57606.1	CAC32166.1
OG0000393	AMC57611.1	CAC32163.1
OG0000394	AMC57626.1	CAC32127.1
OG0000395	AMC57627.1	CAC32128.1
OG0000396	AMC57628.1	CAC32129.1
OG0000397	AMC57629.1	CAC32130.1
OG0000398	AMC57631.1	CAC32132.1
OG0000399	AMC57634.1	CAC32135.1
OG0000400	AMC57636.1	CAC32136.1
OG0000401	AMC57637.1	CAC32137.1
OG0000402	AMC57643.1	CAC32140.1
OG0000403	AMC57659.1	CAC32149.1
OG0000405	AMC57661.1	CAC32150.1
OG0000406	AMC57663.1	CAC32152.1
OG0000407	AMC57664.1	CAC32153.1
OG0000408	AMC57665.1	CAC32154.1
OG0000409	AMC57668.1	CAC32156.1
OG0000410	AMC57673.1	CAC32159.1
OG0000411	AMC57681.1	CAC32116.1
OG0000412	AMC57682.1	CAC32115.1
OG0000413	AMC57683.1	CAC32114.1
OG0000414	AMC57684.1	CAC32113.1
OG0000415	AMC57685.1	CAC32112.1
OG0000416	AMC57692.1	CAC32105.1
OG0000417	AMC57694.1	CAC32102.1
OG0000418	AMC57696.1	CAC32100.1
OG0000419	AMC57697.1	CAC32099.1
OG0000420	AMC57700.1	CAC32097.1
OG0000421	AMC57701.1	CAC32096.1
OG0000422	AMC57702.1	CAC32095.1
OG0000423	AMC57704.1	CAC32092.1
OG0000424	AMC57709.1	CAC32088.1
OG0000425	AMC57722.1	CAC32081.1
OG0000426	AMC57723.1	CAC32080.1
OG0000427	AMC57729.1	CAC32077.1
OG0000430	AMC57751.1	CAC32068.1
OG0000431	AMC57752.1	CAC32067.1
OG0000432	AMC57753.1	CAC32066.1
OG0000433	AMC57758.1	CAC32061.1
OG0000434	AMC57759.1	CAC32060.1
OG0000435	AMC57760.1	CAC32059.1
OG0000436	AMC57761.1	CAC32058.1
OG0000439	AMC57780.1	CAC32053.1
OG0000442	AMC57791.1	CAC32024.1
OG0000444	AMC57803.1	CAC32020.1
OG0000445	AMC57806.1	CAC32019.1
OG0000446	AMC57808.1	CAC32018.1
OG0000447	AMC57823.1	CAC32012.1
OG0000448	AMC57825.1	CAC32010.1
OG0000449	AMC57829.1	CAC29788.1
OG0000450	AMC57830.1	CAC29789.1
OG0000451	AMC57832.1	CAC29792.1
OG0000452	AMC57833.1	CAC29793.1
OG0000453	AMC57836.1	CAC29795.1
OG0000454	AMC57853.1	CAC32002.1
OG0000455	AMC57855.1	CAC32004.1
OG0000456	AMC57856.1	CAC32006.1
OG0000457	AMC57857.1	CAC32007.1
OG0000458	AMC57864.1	CAC29784.1
OG0000459	AMC57865.1	CAC29783.1
OG0000460	AMC57879.1	CAC29779.1
OG0000461	AMC57884.1	CAC29778.1
OG0000462	AMC57888.1	CAC29812.1
OG0000463	AMC57889.1	CAC29811.1
OG0000464	AMC57892.1	CAC29808.1
OG0000465	AMC57893.1	CAC29807.1
OG0000466	AMC57894.1	CAC29806.1
OG0000467	AMC57895.1	CAC29805.1
OG0000469	AMC57900.1	CAC29803.1
OG0000470	AMC57901.1	CAC29802.1
OG0000471	AMC57904.1	CAC30887.1
OG0000472	AMC57907.1	CAC30884.1
OG0000473	AMC57908.1	CAC30882.1
OG0000474	AMC57909.1	CAC30881.1
OG0000476	AMC57915.1	CAC29818.1
OG0000477	AMC57916.1	CAC29819.1
OG0000478	AMC57935.1	CAC31896.1
OG0000479	AMC57942.1	CAC31903.1
OG0000480	AMC57943.1	CAC31904.1
OG0000481	AMC57944.1	CAC31982.1
OG0000482	AMC57946.1	CAC31980.1
OG0000483	AMC57948.1	CAC31978.1
OG0000484	AMC57953.1	CAC31974.1
OG0000485	AMC57956.1	CAC31971.1
OG0000486	AMC57957.1	CAC31970.1
OG0000487	AMC57958.1	CAC31969.1
OG0000488	AMC57959.1	CAC31968.1
OG0000489	AMC57960.1	CAC31967.1
OG0000490	AMC57961.1	CAC31966.1
OG0000492	AMC57963.1	CAC31964.1
OG0000493	AMC57964.1	CAC31963.1
OG0000494	AMC57967.1	CAC31960.1
OG0000495	AMC57968.1	CAC31959.1
OG0000496	AMC57970.1	CAC31958.1
OG0000497	AMC57973.1	CAC31956.1
OG0000498	AMC57978.1	CAC31952.1
OG0000499	AMC57979.1	CAC31951.1
OG0000500	AMC57982.1	CAC31949.1
OG0000501	AMC57984.1	CAC31947.1
OG0000502	AMC57985.1	CAC31946.1
OG0000503	AMC57988.1	CAC31943.1
OG0000504	AMC57989.1	CAC31942.1
OG0000505	AMC57990.1	CAC31941.1
OG0000506	AMC57991.1	CAC31940.1
OG0000507	AMC57996.1	CAC31938.1
OG0000508	AMC57997.1	CAC31937.1
OG0000509	AMC58000.1	CAC31935.1
OG0000510	AMC58013.1	CAC31930.1
OG0000511	AMC58014.1	CAC31929.1
OG0000512	AMC58015.1	CAC31928.1
OG0000513	AMC58016.1	CAC31927.1
OG0000514	AMC58017.1	CAC31926.1
OG0000515	AMC58018.1	CAC31925.1
OG0000516	AMC58020.1	CAC31923.1
OG0000517	AMC58024.1	CAC31922.1
OG0000518	AMC58035.1	CAC31213.1
OG0000519	AMC58037.1	CAC31215.1
OG0000520	AMC58038.1	CAC31216.1
OG0000521	AMC58039.1	CAC31217.1
OG0000523	AMC58041.1	CAC31219.1
OG0000524	AMC58046.1	CAC31784.1
OG0000525	AMC58047.1	CAC31785.1
OG0000526	AMC58048.1	CAC31786.1
OG0000527	AMC58049.1	CAC31787.1
OG0000528	AMC58052.1	CAC31790.1
OG0000529	AMC58054.1	CAC31792.1
OG0000530	AMC58056.1	CAC31794.1
OG0000531	AMC58134.1	CAC30867.1
OG0000532	AMC58135.1	CAC30866.1
OG0000533	AMC58136.1	CAC30865.1
OG0000534	AMC58137.1	CAC30864.1
OG0000535	AMC58138.1	CAC30863.1
OG0000536	AMC58139.1	CAC30862.1
OG0000537	AMC58140.1	CAC30861.1
OG0000538	AMC58141.1	CAC30860.1
OG0000539	AMC58142.1	CAC30859.1
OG0000540	AMC58143.1	CAC30858.1
OG0000541	AMC58144.1	CAC30857.1
OG0000542	AMC58148.1	CAC30853.1
OG0000543	AMC58149.1	CAC30852.1
OG0000544	AMC58153.1	CAC30850.1
OG0000545	AMC58155.1	CAC30849.1
OG0000546	AMC58158.1	CAC30846.1
OG0000547	AMC58171.1	CAC30845.1
OG0000548	AMC58172.1	CAC30844.1
OG0000549	AMC58175.1	CAC30843.1
OG0000550	AMC58188.1	CAC30834.1
OG0000551	AMC58189.1	CAC30833.1
OG0000552	AMC58190.1	CAC30832.1
OG0000553	AMC58207.1	CAC30818.1
OG0000554	AMC58208.1	CAC30817.1
OG0000555	AMC58209.1	CAC30816.1
OG0000556	AMC58210.1	CAC30815.1
OG0000557	AMC58211.1	CAC30814.1
OG0000558	AMC58212.1	CAC30813.1
OG0000559	AMC58213.1	CAC30812.1
OG0000560	AMC58214.1	CAC30811.1
OG0000561	AMC58215.1	CAC30810.1
OG0000562	AMC58216.1	CAC30809.1
OG0000563	AMC58217.1	CAC30808.1
OG0000565	AMC58221.1	CAC30803.1
OG0000566	AMC58222.1	CAC30802.1
OG0000567	AMC58223.1	CAC30801.1
OG0000568	AMC58224.1	CAC30800.1
OG0000569	AMC58225.1	CAC30799.1
OG0000570	AMC58226.1	CAC30798.1
OG0000571	AMC58227.1	CAC30797.1
OG0000572	AMC58228.1	CAC30796.1
OG0000573	AMC58229.1	CAC30795.1
OG0000574	AMC58230.1	CAC30794.1
OG0000575	AMC58238.1	CAC30789.1
OG0000576	AMC58240.1	CAC30787.1
OG0000577	AMC58241.1	CAC30786.1
OG0000578	AMC58242.1	CAC30785.1
OG0000580	AMC58275.1	CAC31193.1
OG0000585	AMC58288.1	CAC31191.1
OG0000586	AMC58294.1	CAC31186.1
OG0000587	AMC58297.1	CAC31183.1
OG0000588	AMC58298.1	CAC31182.1
OG0000589	AMC58307.1	CAC31175.1
OG0000590	AMC58308.1	CAC31174.1
OG0000591	AMC58318.1	CAC31168.1
OG0000592	AMC58321.1	CAC31166.1
OG0000593	AMC58324.1	CAC31165.1
OG0000594	AMC58326.1	CAC31162.1
OG0000595	AMC58328.1	CAC31161.1
OG0000596	AMC58329.1	CAC31160.1
OG0000597	AMC58330.1	CAC31159.1
OG0000598	AMC58331.1	CAC31158.1
OG0000599	AMC58335.1	CAC31155.1
OG0000600	AMC58339.1	CAC31151.1
OG0000601	AMC58340.1	CAC31150.1
OG0000602	AMC58342.1	CAC31148.1
OG0000603	AMC58346.1	CAC31141.1
OG0000607	AMC58376.1	CAC31122.1
OG0000609	AMC58384.1	CAC31112.1
OG0000610	AMC58385.1	CAC31111.1
OG0000611	AMC58386.1	CAC31110.1
OG0000612	AMC58390.1	CAC31106.1
OG0000613	AMC58394.1	CAC31102.1
OG0000614	AMC58399.1	CAC31099.1
OG0000615	AMC58400.1	CAC31098.1
OG0000616	AMC58402.1	CAC31097.1
OG0000617	AMC58404.1	CAC31096.1
OG0000618	AMC58408.1	CAC31092.1
OG0000619	AMC58409.1	CAC31091.1
OG0000620	AMC58411.1	CAC31089.1
OG0000621	AMC58425.1	CAC31085.1
OG0000622	AMC58432.1	CAC31078.1
OG0000623	AMC58434.1	CAC31073.1
OG0000624	AMC58440.1	CAC31068.1
OG0000625	AMC58442.1	CAC31066.1
OG0000626	AMC58458.1	CAC31053.1
OG0000630	AMC58480.1	CAC29658.1
OG0000631	AMC58481.1	CAC29659.1
OG0000632	AMC58482.1	CAC29661.1
OG0000633	AMC58483.1	CAC29662.1
OG0000634	AMC58484.1	CAC29663.1
OG0000635	AMC58485.1	CAC29664.1
OG0000636	AMC58487.1	CAC29666.1
OG0000637	AMC58488.1	CAC29667.1
OG0000638	AMC58489.1	CAC29668.1
OG0000639	AMC58490.1	CAC29669.1
OG0000640	AMC58503.1	CAC29677.1
OG0000641	AMC58507.1	CAC30952.1
OG0000642	AMC58519.1	CAC29681.1
OG0000643	AMC58521.1	CAC29682.1
OG0000644	AMC58522.1	CAC29683.1
OG0000645	AMC58523.1	CAC29684.1
OG0000646	AMC58524.1	CAC29685.1
OG0000647	AMC58525.1	CAC29686.1
OG0000649	AMC58534.1	CAC29688.1
OG0000650	AMC58535.1	CAC29689.1
OG0000651	AMC58536.1	CAC29690.1
OG0000652	AMC58538.1	CAC29691.1
OG0000653	AMC58539.1	CAC29692.1
OG0000654	AMC58540.1	CAC29693.1
OG0000655	AMC58543.1	CAC29695.1
OG0000656	AMC58547.1	CAC29700.1
OG0000657	AMC58549.1	CAC29701.1
OG0000659	AMC58554.1	CAC29746.1
OG0000660	AMC58555.1	CAC29747.1
OG0000661	AMC58556.1	CAC29748.1
OG0000662	AMC58557.1	CAC29749.1
OG0000663	AMC58558.1	CAC29750.1
OG0000664	AMC58559.1	CAC29751.1
OG0000665	AMC58560.1	CAC29752.1
OG0000666	AMC58561.1	CAC29753.1
OG0000667	AMC58562.1	CAC29754.1
OG0000668	AMC58563.1	CAC29756.1
OG0000669	AMC58564.1	CAC29757.1
OG0000670	AMC58567.1	CAC29760.1
OG0000671	AMC58572.1	CAC29764.1
OG0000672	AMC58573.1	CAC29765.1
OG0000673	AMC58575.1	CAC29766.1
OG0000674	AMC58630.1	CAC31917.1
OG0000675	AMC58631.1	CAC31916.1
OG0000676	AMC58636.1	CAC31911.1
OG0000677	AMC58638.1	CAC31909.1
OG0000678	AMC58639.1	CAC31908.1
OG0000679	AMC58641.1	CAC31906.1
OG0000680	AMC58644.1	CAC31984.1
OG0000682	AMC58654.1	CAC30909.1
OG0000683	AMC58656.1	CAC30907.1
OG0000684	AMC58657.1	CAC30906.1
OG0000685	AMC58658.1	CAC30905.1
OG0000686	AMC58660.1	CAC30902.1
OG0000687	AMC58661.1	CAC30901.1
OG0000688	AMC58662.1	CAC30900.1
OG0000689	AMC58669.1	CAC30897.1
OG0000690	AMC58670.1	CAC30896.1
OG0000691	AMC58671.1	CAC30895.1
OG0000692	AMC58672.1	CAC30894.1
OG0000693	AMC58673.1	CAC30893.1
OG0000694	AMC58674.1	CAC30892.1
OG0000695	AMC58675.1	CAC30891.1
OG0000697	AMC58692.1	CAC31336.1
OG0000699	AMC58699.1	CAC31342.1
OG0000703	AMC58722.1	CAC30459.1
OG0000704	AMC58726.1	CAC30457.1
OG0000705	AMC58728.1	CAC30456.1
OG0000706	AMC58729.1	CAC30455.1
OG0000707	AMC58730.1	CAC30454.1
OG0000709	AMC58736.1	CAC30448.1
OG0000710	AMC58737.1	CAC30447.1
OG0000711	AMC58743.1	CAC30444.1
OG0000712	AMC58745.1	CAC30442.1
OG0000713	AMC58750.1	CAC30438.1
OG0000714	AMC58755.1	CAC31613.1
OG0000715	AMC58764.1	CAC31432.1
OG0000716	AMC58771.1	CAC31439.1
OG0000717	AMC58772.1	CAC31440.1
OG0000718	AMC58775.1	CAC31442.1
OG0000719	AMC58777.1	CAC31444.1
OG0000720	AMC58778.1	CAC31445.1
OG0000721	AMC58779.1	CAC31446.1
OG0000722	AMC58780.1	CAC31447.1
OG0000723	AMC58783.1	CAC31450.1
OG0000724	AMC58790.1	CAC31456.1
OG0000725	AMC58791.1	CAC31457.1
OG0000726	AMC58792.1	CAC31458.1
OG0000727	AMC58793.1	CAC31459.1
OG0000728	AMC58794.1	CAC31460.1
OG0000729	AMC58800.1	CAC31461.1
OG0000732	AMC58807.1	CAC31467.1
OG0000733	AMC58809.1	CAC31468.1
OG0000734	AMC58810.1	CAC31469.1
OG0000735	AMC58811.1	CAC31470.1
OG0000736	AMC58812.1	CAC31471.1
OG0000737	AMC58814.1	CAC31472.1
OG0000738	AMC58819.1	CAC31474.1
OG0000739	AMC58823.1	CAC31476.1
OG0000740	AMC58824.1	CAC31477.1
OG0000741	AMC58826.1	CAC31479.1
OG0000742	AMC58827.1	CAC31480.1
OG0000743	AMC58829.1	CAC31482.1
OG0000744	AMC58833.1, AMC58832.1	CAC31484.1
OG0000745	AMC58835.1	CAC31486.1
OG0000747	AMC58851.1	CAC31494.1
OG0000748	AMC58853.1	CAC31495.1
OG0000749	AMC58854.1	CAC31496.1
OG0000750	AMC58855.1	CAC31497.1
OG0000751	AMC58856.1	CAC31498.1
OG0000752	AMC58857.1	CAC31500.1
OG0000753	AMC58858.1	CAC31501.1
OG0000755	AMC58860.1	CAC31502.1
OG0000756	AMC58861.1	CAC31503.1
OG0000757	AMC58862.1	CAC31504.1
OG0000758	AMC58863.1	CAC31505.1
OG0000760	AMC58873.1	CAC31508.1
OG0000761	AMC58875.1	CAC31510.1
OG0000762	AMC58876.1	CAC31511.1
OG0000763	AMC58878.1	CAC31512.1
OG0000764	AMC58881.1	CAC31515.1
OG0000765	AMC58884.1	CAC31517.1
OG0000766	AMC58885.1	CAC31518.1
OG0000767	AMC58886.1	CAC31519.1
OG0000768	AMC58887.1	CAC31520.1
OG0000769	AMC58888.1	CAC31521.1
OG0000770	AMC58889.1	CAC31522.1
OG0000771	AMC58890.1	CAC31523.1
OG0000772	AMC58891.1	CAC31524.1
OG0000773	AMC58892.1	CAC31525.1
OG0000774	AMC58893.1	CAC31526.1
OG0000775	AMC58894.1	CAC31527.1
OG0000776	AMC58895.1	CAC31528.1
OG0000777	AMC58898.1	CAC31530.1
OG0000778	AMC58899.1	CAC31531.1
OG0000779	AMC58900.1	CAC31532.1
OG0000780	AMC58906.1	CAC31536.1
OG0000781	AMC58908.1	CAC31538.1
OG0000782	AMC58909.1	CAC31539.1
OG0000783	AMC58910.1	CAC31540.1
OG0000784	AMC58917.1	CAC31546.1
OG0000785	AMC58918.1	CAC31547.1
OG0000786	AMC58919.1	CAC31548.1
OG0000787	AMC58923.1	CAC31552.1
OG0000788	AMC58924.1	CAC31553.1
OG0000789	AMC58925.1	CAC31554.1
OG0000790	AMC58926.1	CAC31555.1
OG0000791	AMC58927.1	CAC31556.1
OG0000792	AMC58928.1	CAC31557.1
OG0000793	AMC58929.1	CAC31558.1
OG0000797	AMC58944.1	CAC30704.1
OG0000799	AMC58971.1	CAC30040.1
OG0000800	AMC58972.1	CAC30041.1
OG0000801	AMC58974.1	CAC30043.1
OG0000802	AMC58975.1	CAC30044.1
OG0000803	AMC58977.1	CAC30045.1
OG0000804	AMC58981.1	CAC30048.1
OG0000805	AMC58982.1	CAC30049.1
OG0000806	AMC58983.1	CAC30050.1
OG0000807	AMC58984.1	CAC30051.1
OG0000808	AMC58985.1	CAC30052.1
OG0000809	AMC58995.1	CAC30056.1
OG0000810	AMC58997.1	CAC30058.1
OG0000811	AMC58998.1	CAC30059.1
OG0000812	AMC58999.1	CAC30060.1
OG0000813	AMC59001.1	CAC30062.1
OG0000814	AMC59003.1	CAC30063.1
OG0000815	AMC59004.1	CAC30064.1
OG0000816	AMC59005.1	CAC30065.1
OG0000817	AMC59006.1	CAC30066.1
OG0000818	AMC59009.1	CAC30067.1
OG0000819	AMC59010.1	CAC30068.1
OG0000820	AMC59011.1	CAC30069.1
OG0000821	AMC59014.1	CAC30070.1
OG0000822	AMC59015.1	CAC30071.1
OG0000823	AMC59016.1	CAC30072.1
OG0000824	AMC59017.1	CAC30073.1
OG0000827	AMC59028.1	CAC30077.1
OG0000828	AMC59030.1	CAC30078.1
OG0000829	AMC59031.1	CAC30079.1
OG0000830	AMC59032.1	CAC30080.1
OG0000831	AMC59036.1	CAC30085.1
OG0000833	AMC59043.1	CAC30087.1
OG0000834	AMC59044.1	CAC30088.1
OG0000835	AMC59046.1	CAC30090.1
OG0000836	AMC59047.1	CAC30091.1
OG0000837	AMC59052.1	CAC30092.1
OG0000838	AMC59058.1	CAC30095.1
OG0000839	AMC59059.1	CAC30097.1
OG0000840	AMC59060.1	CAC30098.1
OG0000841	AMC59061.1	CAC30099.1
OG0000842	AMC59062.1	CAC30100.1
OG0000843	AMC59063.1	CAC30101.1
OG0000844	AMC59064.1	CAC30102.1
OG0000845	AMC59065.1	CAC30103.1
OG0000846	AMC59066.1	CAC30104.1
OG0000847	AMC59067.1	CAC30105.1
OG0000848	AMC59068.1	CAC30106.1
OG0000849	AMC59073.1	CAC30771.1
OG0000850	AMC59075.1	CAC30769.1
OG0000852	AMC59078.1	CAC30767.1
OG0000853	AMC59081.1	CAC30766.1
OG0000854	AMC59082.1	CAC30765.1
OG0000855	AMC59084.1	CAC30764.1
OG0000856	AMC59085.1	CAC30763.1
OG0000857	AMC59086.1	CAC30762.1
OG0000858	AMC59089.1	CAC30760.1
OG0000859	AMC59090.1	CAC30759.1
OG0000860	AMC59091.1	CAC30758.1
OG0000861	AMC59092.1	CAC30757.1
OG0000862	AMC59093.1	CAC30756.1
OG0000863	AMC59100.1	CAC30753.1
OG0000866	AMC59151.1	CAC31576.1
OG0000868	AMC59153.1	CAC31579.1
OG0000869	AMC59154.1	CAC31580.1
OG0000870	AMC59155.1	CAC31581.1
OG0000873	AMC59162.1	CAC31588.1
OG0000876	AMC59175.1	CAC31590.1
OG0000878	AMC59182.1	CAC31595.1
OG0000879	AMC59184.1	CAC31597.1
OG0000880	AMC59185.1	CAC31598.1
OG0000881	AMC59186.1	CAC31599.1
OG0000882	AMC59189.1	CAC31601.1
OG0000883	AMC59190.1	CAC31602.1
OG0000884	AMC59191.1	CAC31603.1
OG0000886	AMC59193.1	CAC31605.1
OG0000887	AMC59194.1	CAC31606.1
OG0000888	AMC59196.1	CAC31608.1
OG0000889	AMC59199.1	CAC31638.1
OG0000890	AMC59200.1	CAC31639.1
OG0000891	AMC59201.1	CAC31640.1
OG0000892	AMC59202.1	CAC31641.1
OG0000893	AMC59203.1	CAC31642.1
OG0000895	AMC59205.1	CAC31644.1
OG0000896	AMC59206.1	CAC31645.1
OG0000897	AMC59207.1	CAC31648.1
OG0000898	AMC59209.1	CAC31650.1
OG0000899	AMC59210.1	CAC31651.1
OG0000900	AMC59211.1	CAC31652.1
OG0000901	AMC59212.1	CAC31653.1
OG0000902	AMC59213.1	CAC31654.1
OG0000903	AMC59214.1	CAC31655.1
OG0000904	AMC59217.1	CAC31658.1
OG0000905	AMC59218.1	CAC31659.1
OG0000906	AMC59225.1	CAC31857.1
OG0000907	AMC59226.1	CAC31667.1
OG0000909	AMC59229.1	CAC31762.1
OG0000910	AMC59230.1	CAC31763.1
OG0000911	AMC59231.1	CAC31764.1
OG0000912	AMC59233.1	CAC31768.1
OG0000913	AMC59237.1	CAC31771.1
OG0000914	AMC59239.1	CAC31773.1
OG0000915	AMC59243.1	CAC31774.1
OG0000916	AMC59244.1	CAC31775.1
OG0000917	AMC59245.1	CAC31776.1
OG0000918	AMC59246.1	CAC31777.1
OG0000919	AMC59247.1	CAC31778.1
OG0000920	AMC59250.1	CAC31780.1
OG0000922	AMC59252.1	CAC30352.1
OG0000923	AMC59253.1	CAC30353.1
OG0000924	AMC59258.1	CAC30357.1
OG0000925	AMC59259.1	CAC30358.1
OG0000926	AMC59260.1	CAC30359.1
OG0000927	AMC59261.1	CAC30360.1
OG0000928	AMC59262.1	CAC30361.1
OG0000929	AMC59263.1	CAC30362.1
OG0000930	AMC59264.1	CAC30363.1
OG0000931	AMC59265.1	CAC30364.1
OG0000932	AMC59292.1	CAC31727.1
OG0000933	AMC59293.1	CAC31728.1
OG0000936	AMC59297.1	CAC31732.1
OG0000937	AMC59298.1	CAC31733.1
OG0000938	AMC59303.1	CAC31738.1
OG0000939	AMC59304.1	CAC31739.1
OG0000940	AMC59305.1	CAC31740.1
OG0000941	AMC59306.1	CAC31741.1
OG0000942	AMC59307.1	CAC31742.1
OG0000943	AMC59308.1	CAC31743.1
OG0000944	AMC59309.1	CAC31744.1
OG0000946	AMC59325.1	CAC31749.1
OG0000947	AMC59327.1	CAC31750.1
OG0000948	AMC59328.1	CAC31751.1
OG0000949	AMC59329.1	CAC31752.1
OG0000950	AMC59330.1	CAC31753.1
OG0000953	AMC59408.1	CAC31761.1
OG0000954	AMC59410.1	CAC30495.1
OG0000955	AMC59411.1	CAC30494.1
OG0000956	AMC59421.1	CAC30491.1
OG0000957	AMC59422.1	CAC30490.1
OG0000958	AMC59424.1	CAC30489.1
OG0000959	AMC59425.1	CAC30488.1
OG0000960	AMC59426.1	CAC30487.1
OG0000965	AMC59451.1	CAC31039.1
OG0000966	AMC59453.1	CAC31037.1
OG0000967	AMC59454.1	CAC31036.1
OG0000968	AMC59458.1	CAC31032.1
OG0000969	AMC59459.1	CAC31031.1
OG0000970	AMC59460.1	CAC31030.1
OG0000971	AMC59461.1	CAC31029.1
OG0000972	AMC59462.1	CAC31028.1
OG0000973	AMC59463.1	CAC31027.1
OG0000974	AMC59467.1	CAC31025.1
OG0000975	AMC59468.1	CAC31024.1
OG0000976	AMC59475.1	CAC31021.1
OG0000977	AMC59477.1	CAC31019.1
OG0000978	AMC59478.1	CAC31018.1
OG0000979	AMC59488.1	CAC31014.1
OG0000980	AMC59492.1	CAC31010.1
OG0000981	AMC59493.1	CAC31009.1
OG0000982	AMC59494.1	CAC31008.1
OG0000985	AMC59503.1	CAC31003.1
OG0000986	AMC59504.1	CAC31001.1
OG0000987	AMC59508.1	CAC30993.1
OG0000989	AMC59517.1	CAC30985.1
OG0000991	AMC59533.1	CAC30975.1
OG0000992	AMC59539.1	CAC30970.1
OG0000993	AMC59541.1	CAC30967.1
OG0000994	AMC59543.1	CAC30966.1
OG0000995	AMC59554.1	CAC30940.1
OG0000996	AMC59559.1	CAC30938.1
OG0000999	AMC59684.1	CAC30375.1
OG0001000	AMC59685.1	CAC30376.1
OG0001001	AMC59687.1	CAC30377.1
OG0001002	AMC59688.1	CAC30378.1
OG0001003	AMC59698.1	CAC30389.1
OG0001005	AMC59704.1	CAC30394.1
OG0001006	AMC59710.1	CAC29843.1
OG0001007	AMC59711.1	CAC30396.1
OG0001008	AMC59721.1	CAC30398.1
OG0001009	AMC59746.1	CAC31715.1
OG0001010	AMC59747.1	CAC31714.1
OG0001011	AMC59748.1	CAC31713.1
OG0001012	AMC59749.1	CAC31712.1
OG0001013	AMC59750.1	CAC31711.1
OG0001014	AMC59751.1	CAC31710.1
OG0001015	AMC59752.1	CAC31709.1
OG0001017	AMC59764.1	CAC31704.1
OG0001018	AMC59765.1	CAC31703.1
OG0001019	AMC59766.1	CAC31702.1
OG0001020	AMC59767.1	CAC31701.1
OG0001021	AMC59773.1	CAC31696.1
OG0001022	AMC59774.1	CAC31695.1
OG0001023	AMC59775.1	CAC31694.1
OG0001024	AMC59776.1	CAC31693.1
OG0001025	AMC59778.1	CAC31691.1
OG0001026	AMC59779.1	CAC31690.1
OG0001027	AMC59782.1	CAC31687.1
OG0001028	AMC59788.1	CAC31683.1
OG0001029	AMC59792.1	CAC31681.1
OG0001030	AMC59793.1	CAC31680.1
OG0001031	AMC59794.1	CAC31679.1
OG0001032	AMC59795.1	CAC31678.1
OG0001033	AMC59800.1	CAC31674.1
OG0001034	AMC59801.1	CAC31670.1
OG0001035	AMC59802.1	CAC31669.1
OG0001036	AMC59806.1	CAC31304.1
OG0001037	AMC59808.1	CAC31302.1
OG0001038	AMC59809.1	CAC31301.1
OG0001039	AMC59810.1	CAC31300.1
OG0001040	AMC59811.1	CAC31299.1
OG0001041	AMC59812.1	CAC31298.1
OG0001042	AMC59814.1	CAC31296.1
OG0001043	AMC59815.1	CAC31295.1
OG0001044	AMC59817.1	CAC31293.1
OG0001045	AMC59819.1	CAC31292.1
OG0001046	AMC59820.1	CAC31291.1
OG0001047	AMC59821.1	CAC31290.1
OG0001048	AMC59829.1	CAC31289.1
OG0001049	AMC59830.1	CAC31288.1
OG0001050	AMC59831.1	CAC31287.1
OG0001051	AMC59832.1	CAC31286.1
OG0001052	AMC59833.1	CAC31285.1
OG0001053	AMC59834.1	CAC31284.1
OG0001054	AMC59835.1	CAC31283.1
OG0001055	AMC59836.1	CAC31282.1
OG0001056	AMC59839.1	CAC31279.1
OG0001057	AMC59840.1	CAC31278.1
OG0001058	AMC59842.1	CAC31277.1
OG0001059	AMC59843.1	CAC31276.1
OG0001060	AMC59845.1	CAC31274.1
OG0001061	AMC59846.1	CAC31273.1
OG0001062	AMC59847.1	CAC31272.1
OG0001063	AMC59848.1	CAC31271.1
OG0001064	AMC59849.1	CAC31270.1
OG0001065	AMC59850.1	CAC31269.1
OG0001066	AMC59853.1	CAC31267.1
OG0001067	AMC59855.1	CAC31266.1
OG0001068	AMC59860.1	CAC31262.1
OG0001069	AMC59863.1	CAC31260.1
OG0001070	AMC59864.1	CAC31259.1
OG0001071	AMC59865.1	CAC31258.1
OG0001072	AMC59866.1	CAC31257.1
OG0001073	AMC59867.1	CAC31256.1
OG0001074	AMC59869.1	CAC31254.1
OG0001075	AMC59870.1	CAC31253.1
OG0001076	AMC59871.1	CAC31252.1
OG0001077	AMC59875.1	CAC31250.1
OG0001078	AMC59877.1	CAC31249.1
OG0001079	AMC59880.1	CAC31247.1
OG0001080	AMC59881.1	CAC31246.1
OG0001081	AMC59884.1	CAC31245.1
OG0001082	AMC59885.1	CAC31243.1
OG0001083	AMC59886.1	CAC31242.1
OG0001084	AMC59889.1	CAC31240.1
OG0001085	AMC59890.1	CAC31239.1
OG0001086	AMC59891.1	CAC31238.1
OG0001087	AMC59893.1	CAC31306.1
OG0001088	AMC59894.1	CAC30581.1
OG0001089	AMC59895.1	CAC30582.1
OG0001090	AMC59896.1	CAC30583.1
OG0001091	AMC59897.1	CAC30584.1
OG0001092	AMC59898.1	CAC30586.1
OG0001093	AMC59901.1	CAC30588.1
OG0001094	AMC59902.1	CAC30589.1
OG0001095	AMC59903.1	CAC30590.1
OG0001096	AMC59908.1	CAC30595.1
OG0001097	AMC59913.1	CAC30600.1
OG0001098	AMC59915.1	CAC30602.1
OG0001099	AMC59918.1	CAC30604.1
OG0001100	AMC59919.1	CAC30605.1
OG0001101	AMC59922.1	CAC30608.1
OG0001102	AMC59933.1	CAC30735.1
OG0001103	AMC59934.1	CAC30736.1
OG0001104	AMC59935.1	CAC30737.1
OG0001107	AMC59965.1	CAC30747.1
OG0001108	AMC59996.1	CAC30721.1
OG0001109	AMC59997.1	CAC30722.1
OG0001110	AMC59998.1	CAC30723.1
OG0001111	AMC60005.1	CAC31230.1
OG0001112	AMC60006.1	CAC31229.1
OG0001113	AMC60016.1	CAC30349.1
OG0001114	AMC60017.1	CAC30348.1
OG0001115	AMC60024.1	CAC30344.1
OG0001116	AMC60025.1	CAC30343.1
OG0001117	AMC60026.1	CAC30341.1
OG0001118	AMC60040.1	CAC30336.1
OG0001119	AMC60041.1	CAC30335.1
OG0001120	AMC60044.1	CAC30142.1
OG0001121	AMC60045.1	CAC30141.1
OG0001122	AMC60048.1	CAC30139.1
OG0001123	AMC60051.1	CAC30136.1
OG0001124	AMC60052.1	CAC30135.1
OG0001125	AMC60056.1	CAC30134.1
OG0001126	AMC60057.1	CAC30133.1
OG0001127	AMC60059.1	CAC30132.1
OG0001132	AMC60090.1	CAC30123.1
OG0001133	AMC60091.1	CAC30122.1
OG0001135	AMC60094.1	CAC30119.1
OG0001136	AMC60098.1	CAC30115.1
OG0001137	AMC60099.1	CAC30114.1
OG0001138	AMC60100.1	CAC30113.1
OG0001139	AMC60101.1	CAC30112.1
OG0001140	AMC60102.1	CAC30111.1
OG0001141	AMC60109.1	CAC30402.1
OG0001142	AMC60110.1	CAC30403.1
OG0001143	AMC60111.1	CAC30404.1
OG0001144	AMC60118.1	CAC30408.1
OG0001145	AMC60121.1	CAC30997.1
OG0001148	AMC60131.1	CAC30413.1
OG0001149	AMC60133.1	CAC30414.1
OG0001150	AMC60134.1	CAC30415.1
OG0001151	AMC60135.1	CAC30416.1
OG0001152	AMC60136.1	CAC30417.1
OG0001153	AMC60139.1	CAC30418.1
OG0001154	AMC60140.1	CAC30419.1
OG0001155	AMC60141.1	CAC30420.1
OG0001156	AMC60142.1	CAC30421.1
OG0001157	AMC60143.1	CAC30422.1
OG0001158	AMC60150.1	CAC30427.1
OG0001159	AMC60151.1	CAC30428.1
OG0001160	AMC60153.1	CAC30429.1
OG0001161	AMC60154.1	CAC30430.1
OG0001162	AMC60155.1	CAC30431.1
OG0001163	AMC60158.1	CAC30434.1
OG0001164	AMC60159.1	CAC30435.1
OG0001165	AMC60160.1	CAC30436.1
OG0001166	AMC60162.1	CAC31636.1
OG0001167	AMC60165.1	CAC31634.1
OG0001168	AMC60171.1	CAC31630.1
OG0001169	AMC60172.1	CAC31629.1
OG0001170	AMC60174.1	CAC31627.1
OG0001171	AMC60175.1	CAC31626.1
OG0001172	AMC60176.1	CAC31625.1
OG0001176	AMC60206.1	CAC29939.1
OG0001177	AMC60207.1	CAC29938.1
OG0001178	AMC60208.1	CAC29937.1
OG0001179	AMC60210.1	CAC29935.1
OG0001180	AMC60221.1	CAC29933.1
OG0001181	AMC60222.1	CAC29932.1
OG0001182	AMC60223.1	CAC31574.1
OG0001183	AMC60224.1	CAC31573.1
OG0001184	AMC60226.1	CAC31572.1
OG0001185	AMC60235.1	CAC30032.1
OG0001186	AMC60237.1	CAC30031.1
OG0001187	AMC60238.1	CAC30030.1
OG0001188	AMC60239.1	CAC30029.1
OG0001189	AMC60240.1	CAC30028.1
OG0001190	AMC60241.1	CAC30027.1
OG0001191	AMC60242.1	CAC30026.1
OG0001192	AMC60243.1	CAC30025.1
OG0001193	AMC60245.1	CAC30024.1
OG0001194	AMC60258.1	CAC30023.1
OG0001195	AMC60259.1	CAC30022.1
OG0001196	AMC60260.1	CAC30021.1
OG0001197	AMC60261.1	CAC30020.1
OG0001198	AMC60265.1	CAC30018.1
OG0001200	AMC60273.1	CAC32211.1
OG0001201	AMC60275.1	CAC30016.1
OG0001203	AMC60278.1	CAC30009.1
OG0001206	AMC60286.1	CAC30002.1
OG0001207	AMC60287.1	CAC30001.1
OG0001208	AMC60290.1	CAC29999.1
OG0001209	AMC60292.1	CAC29997.1
OG0001210	AMC60293.1	CAC29996.1
OG0001211	AMC60294.1	CAC29995.1
OG0001212	AMC60296.1	CAC29994.1
OG0001213	AMC60297.1	CAC29993.1
OG0001214	AMC60298.1	CAC29992.1
OG0001215	AMC60300.1	CAC29991.1
OG0001216	AMC60301.1	CAC29990.1
OG0001217	AMC60302.1	CAC29989.1
OG0001218	AMC60311.1	CAC29983.1
OG0001219	AMC60312.1	CAC29982.1
OG0001221	AMC60314.1	CAC29958.1
OG0001222	AMC60317.1	CAC29959.1
OG0001223	AMC60318.1	CAC29960.1
OG0001224	AMC60319.1	CAC29961.1
OG0001225	AMC60320.1	CAC29962.1
OG0001226	AMC60321.1	CAC29963.1
OG0001227	AMC60322.1	CAC29964.1
OG0001228	AMC60350.1	CAC29975.1
OG0001229	AMC60383.1	CAC31720.1
OG0001230	AMC60384.1	CAC31719.1
OG0001231	AMC60387.1	CAC31426.1
OG0001232	AMC60388.1	CAC31425.1
OG0001233	AMC60390.1	CAC31424.1
OG0001234	AMC60392.1	CAC31422.1
OG0001235	AMC60393.1	CAC31421.1
OG0001236	AMC60395.1	CAC31418.1
OG0001237	AMC60407.1	CAC31411.1
OG0001238	AMC60408.1	CAC31410.1
OG0001239	AMC60409.1	CAC31409.1
OG0001240	AMC60410.1	CAC31408.1
OG0001241	AMC60412.1	CAC31406.1
OG0001242	AMC60413.1	CAC31405.1
OG0001243	AMC60414.1	CAC31404.1
OG0001244	AMC60415.1	CAC31403.1
OG0001245	AMC60419.1	CAC31398.1
OG0001246	AMC60420.1	CAC31397.1
OG0001247	AMC60421.1	CAC31396.1
OG0001248	AMC60422.1	CAC31395.1
OG0001249	AMC60426.1	CAC31390.1
OG0001250	AMC60429.1	CAC31387.1
OG0001251	AMC60430.1	CAC31386.1
OG0001252	AMC60431.1	CAC31385.1
OG0001253	AMC60432.1	CAC31384.1
OG0001254	AMC60433.1	CAC31383.1
OG0001256	AMC60437.1	CAC31378.1
OG0001257	AMC60438.1	CAC31377.1
OG0001258	AMC60439.1	CAC31376.1
OG0001259	AMC60440.1	CAC31375.1
OG0001260	AMC60444.1	CAC31371.1
OG0001261	AMC60445.1	CAC31370.1
OG0001262	AMC60448.1	CAC31369.1
OG0001263	AMC60449.1	CAC31368.1
OG0001264	AMC60450.1	CAC31367.1
OG0001265	AMC60451.1	CAC31366.1
OG0001266	AMC60452.1	CAC31365.1
OG0001267	AMC60459.1	CAC31360.1
OG0001268	AMC60460.1	CAC31359.1
OG0001269	AMC60465.1	CAC30463.1
OG0001270	AMC60466.1	CAC30464.1
OG0001271	AMC60467.1	CAC30465.1
OG0001272	AMC60475.1	CAC30469.1
OG0001273	AMC60476.1	CAC30470.1
OG0001274	AMC60483.1	CAC30476.1
OG0001275	AMC60485.1	CAC30477.1
OG0001278	AMC60496.1	CAC31236.1
OG0001279	AMC60497.1	CAC31235.1
OG0001280	AMC60499.1	CAC31234.1
OG0001281	AMC60500.1	CAC31233.1
OG0001282	AMC60507.1	CAC30497.1
OG0001283	AMC60508.1	CAC30498.1
OG0001284	AMC60509.1	CAC30499.1
OG0001285	AMC60557.1	CAC30506.1
OG0001286	AMC60558.1	CAC30507.1
OG0001287	AMC60559.1	CAC30509.1
OG0001288	AMC60561.1	CAC30511.1
OG0001289	AMC60562.1	CAC30512.1
OG0001291	AMC60580.1	CAC30524.1
OG0001292	AMC60583.1	CAC30527.1
OG0001293	AMC60586.1	CAC30528.1
OG0001294	AMC60590.1	CAC30532.1
OG0001295	AMC60591.1	CAC30533.1
OG0001296	AMC60592.1	CAC30534.1
OG0001297	AMC60602.1	CAC30540.1
OG0001298	AMC60603.1	CAC30541.1
OG0001299	AMC60604.1	CAC30542.1
OG0001300	AMC60609.1	CAC30547.1
OG0001301	AMC60610.1	CAC30548.1
OG0001302	AMC60611.1	CAC30549.1
OG0001303	AMC60616.1	CAC30551.1
OG0001306	AMC60620.1	CAC30558.1
OG0001307	AMC60623.1	CAC30561.1
OG0001308	AMC60624.1	CAC30562.1
OG0001309	AMC60625.1	CAC30563.1
OG0001310	AMC60626.1	CAC30564.1
OG0001311	AMC60628.1	CAC30566.1
OG0001312	AMC60629.1	CAC30567.1
OG0001313	AMC60630.1	CAC30568.1
OG0001314	AMC60631.1	CAC30569.1
OG0001317	AMC60639.1	CAC30573.1
OG0001318	AMC60640.1	CAC30575.1
OG0001320	AMC60645.1	CAC30579.1
OG0001321	AMC60646.1	CAC30580.1
OG0001322	AMC60649.1	CAC30611.1
OG0001323	AMC60650.1	CAC30612.1
OG0001324	AMC60651.1	CAC30613.1
OG0001325	AMC60652.1	CAC30614.1
OG0001326	AMC60662.1	CAC31868.1
OG0001327	AMC60680.1	CAC29639.1
OG0001328	AMC60699.1	CAC30616.1
OG0001329	AMC60700.1	CAC30617.1
OG0001330	AMC60703.1	CAC30619.1
OG0001331	AMC60704.1	CAC30620.1
OG0001332	AMC60708.1	CAC30624.1
OG0001333	AMC60711.1	CAC30628.1
OG0001334	AMC60712.1	CAC30629.1
OG0001335	AMC60715.1	CAC30630.1
OG0001336	AMC60719.1	CAC30633.1
OG0001337	AMC60720.1	CAC30634.1
OG0001338	AMC60721.1	CAC30635.1
OG0001339	AMC60722.1	CAC30636.1
OG0001341	AMC60728.1	CAC30641.1
OG0001342	AMC60729.1	CAC30642.1
OG0001343	AMC60740.1	CAC30647.1
OG0001344	AMC60741.1	CAC30648.1
OG0001345	AMC60744.1	CAC30651.1
OG0001346	AMC60745.1	CAC30652.1
OG0001347	AMC60748.1	CAC30653.1
OG0001348	AMC60749.1	CAC30654.1
OG0001349	AMC60750.1	CAC30655.1
OG0001350	AMC60751.1	CAC30656.1
OG0001351	AMC60753.1	CAC30657.1
OG0001352	AMC60755.1	CAC30659.1
OG0001353	AMC60761.1	CAC30660.1
OG0001354	AMC60762.1	CAC30661.1
OG0001355	AMC60765.1	CAC30664.1
OG0001356	AMC60766.1	CAC30665.1
OG0001357	AMC60767.1	CAC30666.1
OG0001358	AMC60768.1	CAC30667.1
OG0001359	AMC60769.1	CAC30668.1
OG0001360	AMC60772.1	CAC30672.1
OG0001361	AMC60773.1	CAC30673.1
OG0001362	AMC60776.1	CAC30676.1
OG0001363	AMC60779.1	CAC30679.1
OG0001364	AMC60780.1	CAC30680.1
OG0001365	AMC60781.1	CAC30681.1
OG0001366	AMC60782.1	CAC30682.1
OG0001367	AMC60788.1	CAC30686.1
OG0001368	AMC60789.1	CAC30687.1
OG0001369	AMC60790.1	CAC30688.1
OG0001370	AMC60791.1	CAC30689.1
OG0001371	AMC60795.1	CAC30693.1
OG0001374	AMC60843.1	CAC30180.1
OG0001375	AMC60844.1	CAC30179.1
OG0001376	AMC60848.1	CAC30176.1
OG0001377	AMC60849.1	CAC30175.1
OG0001380	AMC60885.1	CAC30171.1
OG0001381	AMC60887.1	CAC30170.1
OG0001382	AMC60888.1	CAC30169.1
OG0001389	AMC60946.1	CAC30152.1
OG0001390	AMC60947.1	CAC30151.1
OG0001391	AMC60950.1	CAC30149.1
OG0001392	AMC60951.1	CAC30148.1
OG0001393	AMC60953.1	CAC30146.1
OG0001394	AMC60964.1	CAC30328.1
OG0001395	AMC60965.1	CAC30327.1
OG0001396	AMC60966.1	CAC30326.1
OG0001397	AMC60967.1	CAC30325.1
OG0001398	AMC60968.1	CAC30324.1
OG0001399	AMC60970.1	CAC30323.1
OG0001400	AMC60973.1	CAC30320.1
OG0001401	AMC60976.1	CAC30318.1
OG0001402	AMC60978.1	CAC30316.1
OG0001403	AMC60981.1	CAC30314.1
OG0001404	AMC60982.1	CAC30313.1
OG0001405	AMC60983.1	CAC30312.1
OG0001406	AMC60990.1	CAC30302.1
OG0001407	AMC60991.1	CAC30301.1
OG0001408	AMC60992.1	CAC30300.1
OG0001410	AMC60999.1	CAC30291.1
OG0001411	AMC61000.1	CAC30290.1
OG0001412	AMC61003.1	CAC30288.1
OG0001413	AMC61004.1	CAC30287.1
OG0001414	AMC61005.1	CAC30285.1
OG0001415	AMC61007.1	CAC30284.1
OG0001416	AMC61008.1	CAC30283.1
OG0001417	AMC61009.1	CAC30282.1
OG0001418	AMC61010.1	CAC30281.1
OG0001419	AMC61011.1	CAC30280.1
OG0001420	AMC61018.1	CAC30274.1
OG0001421	AMC61019.1	CAC30273.1
OG0001422	AMC61020.1	CAC30272.1
OG0001423	AMC61021.1	CAC30270.1
OG0001424	AMC61022.1	CAC30269.1
OG0001425	AMC61023.1	CAC30268.1
OG0001426	AMC61024.1	CAC30267.1
OG0001427	AMC61026.1	CAC30265.1
OG0001428	AMC61027.1	CAC30262.1
OG0001429	AMC61028.1	CAC30261.1
OG0001430	AMC61029.1	CAC30260.1
OG0001431	AMC61030.1	CAC30259.1
OG0001432	AMC61032.1	CAC30257.1
OG0001433	AMC61038.1	CAC30246.1
OG0001434	AMC61040.1	CAC30245.1
OG0001435	AMC61042.1	CAC30244.1
OG0001436	AMC61043.1	CAC30243.1
OG0001437	AMC61044.1	CAC30242.1
OG0001438	AMC61045.1	CAC30241.1
OG0001439	AMC61046.1	CAC30240.1
OG0001440	AMC61048.1	CAC30238.1
OG0001441	AMC61049.1	CAC30237.1
OG0001444	AMC61062.1	CAC30226.1
OG0001445	AMC61066.1	CAC30224.1
OG0001449	AMC61088.1	CAC30206.1
OG0001450	AMC61089.1	CAC30205.1
OG0001451	AMC61103.1	CAC30200.1
OG0001453	AMC61110.1	CAC30196.1
OG0001454	AMC61111.1	CAC30195.1
OG0001455	AMC61117.1	CAC30191.1
OG0001457	AMC61128.1	CAC30185.1
OG0001458	AMC61130.1	CAC30183.1
OG0001459	AMC61140.1	CAC29927.1
OG0001460	AMC61147.1	CAC29922.1
OG0001462	AMC61174.1	CAC29903.1
OG0001463	AMC61178.1	CAC29901.1
OG0001464	AMC61179.1	CAC29900.1
OG0001465	AMC61189.1	CAC29897.1
OG0001466	AMC61190.1	CAC29896.1
OG0001467	AMC61191.1	CAC29895.1
OG0001468	AMC61192.1	CAC29894.1
OG0001469	AMC61195.1	CAC29891.1
OG0001470	AMC61196.1	CAC29890.1
OG0001471	AMC61198.1	CAC29888.1
OG0001472	AMC61199.1	CAC29887.1
OG0001473	AMC61201.1	CAC29886.1
OG0001474	AMC61202.1	CAC29885.1
OG0001475	AMC61203.1	CAC29883.1
OG0001476	AMC61222.1	CAC29881.1
OG0001477	AMC61225.1	CAC29879.1
OG0001478	AMC61227.1	CAC29878.1
OG0001479	AMC61230.1	CAC29874.1
OG0001480	AMC61231.1	CAC29873.1
OG0001481	AMC61232.1	CAC29872.1
OG0001482	AMC61233.1	CAC29871.1
OG0001483	AMC61243.1	CAC30910.1
OG0001484	AMC61244.1	CAC30911.1
OG0001485	AMC61245.1	CAC30912.1
OG0001486	AMC61246.1	CAC30913.1
OG0001487	AMC61247.1	CAC30914.1
OG0001488	AMC61248.1	CAC30915.1
OG0001489	AMC61249.1	CAC30917.1
OG0001490	AMC61251.1	CAC30919.1
OG0001493	AMC61275.1	CAC31210.1
OG0001495	AMC61299.1	CAC29862.1
OG0001497	AMC61322.1	CAC29856.1
OG0001502	AMC61384.1	CAC29832.1
OG0001503	AMC61385.1	CAC29831.1
OG0001504	AMC61386.1	CAC29830.1
OG0001505	AMC61387.1	CAC29829.1
OG0001506	AMC61388.1	CAC29828.1
OG0001507	AMC61389.1	CAC29827.1
OG0001509	AMC61393.1	CAC30873.1
OG0001510	AMC61394.1	CAC30874.1
OG0001511	AMC61395.1	CAC30875.1
OG0001512	AMC61398.1	CAC30876.1
OG0001513	AMC61399.1	CAC30877.1
OG0001514	AMC61400.1	CAC30878.1
OG0001515	AMC61403.1	CAC29743.1
OG0001516	AMC61404.1	CAC29742.1
OG0001517	AMC61405.1	CAC29741.1
OG0001518	AMC61406.1	CAC29740.1
OG0001519	AMC61407.1	CAC29739.1
OG0001520	AMC61408.1	CAC29738.1
OG0001521	AMC61409.1	CAC29737.1
OG0001522	AMC61410.1	CAC29736.1
OG0001523	AMC61411.1	CAC29735.1
OG0001524	AMC61412.1	CAC29734.1
OG0001525	AMC61413.1	CAC29733.1
OG0001526	AMC61414.1	CAC29732.1
OG0001527	AMC61415.1	CAC29731.1
OG0001528	AMC61416.1	CAC29730.1
OG0001529	AMC61422.1	CAC29913.1
OG0001530	AMC61424.1	CAC29722.1
OG0001531	AMC61425.1	CAC29721.1
OG0001532	AMC61427.1	CAC29719.1
OG0001533	AMC61428.1	CAC29718.1
OG0001534	AMC61429.1	CAC29713.1
OG0001535	AMC61431.1	CAC29715.1
OG0001536	AMC61432.1	CAC29716.1
OG0001537	AMC61435.1	CAC29711.1
OG0001538	AMC61444.1	CAC29710.1
OG0001539	AMC61446.1	CAC29708.1
OG0001540	AMC61447.1	CAC29707.1
OG0001541	AMC61465.1	CAC31805.1
OG0001545	AMC61471.1	CAC31811.1
OG0001546	AMC61472.1	CAC31812.1
OG0001547	AMC61473.1	CAC31813.1
OG0001548	AMC61474.1	CAC31814.1
OG0001549	AMC61475.1	CAC31815.1
OG0001550	AMC61476.1	CAC31816.1
OG0001551	AMC61477.1	CAC31817.1
OG0001552	AMC61480.1	CAC31819.1
OG0001553	AMC61481.1	CAC31820.1
OG0001554	AMC61483.1	CAC31821.1
OG0001555	AMC61484.1	CAC31822.1
OG0001556	AMC61485.1	CAC31823.1
OG0001557	AMC61486.1	CAC31824.1
OG0001558	AMC61487.1	CAC31825.1
OG0001559	AMC61500.1	CAC31828.1
OG0001561	AMC61512.1	CAC31836.1
OG0001562	AMC61516.1	CAC31837.1
OG0001563	AMC61517.1	CAC31838.1
OG0001564	AMC61518.1	CAC31839.1
OG0001565	AMC61522.1	CAC31843.1
OG0001566	AMC61524.1	CAC31845.1
OG0001567	AMC61525.1	CAC31846.1
OG0001568	AMC61527.1	CAC31848.1
OG0001569	AMC61528.1	CAC31849.1
OG0001570	AMC61529.1	CAC31850.1
OG0001571	AMC61531.1	CAC31851.1
OG0001572	AMC61532.1	CAC31852.1
OG0001573	AMC61533.1	CAC31853.1
OG0001575	AMC61564.1	CAC31991.1
OG0001576	AMC61565.1	CAC31990.1
OG0001577	AMC61566.1	CAC31989.1
OG0001579	AMC61589.1	CAC29628.1
OG0001580	AMC61590.1	CAC29627.1
OG0001581	AMC61593.1	CAC29626.1
OG0001582	AMC61594.1	CAC29625.1
OG0001583	AMC61595.1	CAC29624.1
OG0001584	AMC61596.1	CAC29623.1
OG0001585	AMC61597.1	CAC29622.1
OG0001586	AMC61598.1	CAC29621.1
OG0001587	AMC61599.1	CAC29620.1
OG0001588	AMC61605.1	CAC29618.1
OG0001589	AMC61606.1	CAC29617.1
OG0001590	AMC61608.1	CAC29615.1
OG0001591	AMC61610.1	CAC29614.1
OG0001592	AMC61612.1	CAC29613.1
OG0001593	AMC61613.1	CAC29612.1
OG0001594	AMC61622.1	CAC29608.1
OG0001595	AMC61623.1	CAC29607.1
OG0001596	AMC61624.1	CAC29606.1
OG0001597	AMC61626.1	CAC29604.1
OG0001598	AMC61627.1	CAC29603.1
OG0001599	AMC61628.1	CAC29602.1
OG0001600	AMC61629.1	CAC29601.1
OG0001601	AMC61630.1	CAC29600.1
OG0001602	AMC61631.1	CAC29599.1
OG0001603	AMC61636.1	CAC29597.1
OG0001604	AMC61639.1	CAC29595.1
OG0001605	AMC61645.1	CAC31614.1
OG0001607	AMC61659.1	CAC29590.1
OG0001608	AMC61660.1	CAC29589.1
OG0001609	AMC61662.1	CAC29587.1
OG0001610	AMC61663.1	CAC29586.1
OG0001611	AMC61667.1	CAC29582.1
OG0001612	AMC61668.1	CAC29581.1
OG0001613	AMC61672.1	CAC30187.1
OG0001614	AMC61676.1	CAC29580.1
OG0001615	AMC61677.1	CAC29579.1
OG0001616	AMC61679.1	CAC29577.1
OG0001617	AMC61680.1	CAC29576.1
OG0001618	AMC61682.1	CAC29575.1
OG0001619	AMC61683.1	CAC29574.1
OG0001620	AMC61684.1	CAC29573.1
OG0001621	AMC61689.1	CAC29570.1
OG0001622	AMC61690.1	CAC29569.1
OG0001624	AMC61731.1	CAC32229.1
OG0001625	AMC61732.1	CAC32230.1
OG0001626	AMC61733.1	CAC32231.1
OG0001627	AMC61737.1	CAC32232.1
OG0001628	AMC61740.1	CAC32235.1
OG0001629	AMC61742.1	CAC32236.1
OG0001630	AMC61743.1	CAC32237.1
OG0001631	AMC61744.1	CAC32238.1
OG0001632	AMC61745.1	CAC32239.1
OG0001633	AMC61746.1	CAC32240.1
OG0001634	AMC61747.1	CAC32241.1
OG0001635	AMC61748.1	CAC32242.1
OG0001649	AMC59852.1, AMC59851.1	CAC31268.1
OG0001654	AMC57442.1	CAC29520.1
OG0001673	AMC57508.1	CAC30708.1
OG0001676	AMC57537.1	CAC30943.1
OG0001678	AMC57540.1	CAC30946.1
OG0001679	AMC57541.1	CAC30947.1
OG0001680	AMC57542.1	CAC30948.1
OG0001681	AMC57543.1	CAC30949.1
OG0001682	AMC57544.1	CAC30950.1
OG0001712	AMC57655.1	CAC32145.1
OG0001713	AMC57656.1	CAC32146.1
OG0001714	AMC57658.1	CAC32148.1
OG0001724	AMC57695.1	CAC32101.1
OG0001736	AMC57721.1	CAC32082.1
OG0001749	AMC57784.1	CAC32049.1
OG0001756	AMC57835.1	CAC29794.1
OG0001795	AMC57986.1	CAC31945.1
OG0001882	AMC58325.1	CAC31164.1
OG0001931	AMC58545.1	CAC29698.1
OG0001994	AMC58781.1	CAC31448.1
OG0002026	AMC58946.1	CAC30705.1
OG0002076	AMC59350.1	CAC30369.1
OG0002099	AMC59476.1	CAC31020.1
OG0002138	AMC59613.1	CAC30929.1
OG0002172	AMC59763.1	CAC29919.1
OG0002176	AMC59796.1	CAC31677.1
OG0002179	AMC59813.1	CAC31297.1
OG0002180	AMC59816.1	CAC31294.1
OG0002181	AMC59838.1	CAC31280.1
OG0002185	AMC59858.1	CAC31264.1
OG0002202	AMC59932.1	CAC30734.1
OG0002210	AMC59961.1	CAC30368.1
OG0002227	AMC60049.1	CAC30138.1
OG0002311	AMC60423.1	CAC31394.1
OG0002315	AMC60434.1	CAC31382.1
OG0002323	AMC60474.1	CAC30468.1
OG0002329	AMC60501.1	CAC30307.1
OG0002356	AMC60598.1	CAC30535.1
OG0002372	AMC60661.1	CAC31869.1
OG0002373	AMC60663.1	CAC31867.1
OG0002374	AMC60665.1	CAC31865.1
OG0002375	AMC60669.1	CAC29645.1
OG0002377	AMC60673.1	CAC29644.1
OG0002378	AMC60677.1	CAC29642.1
OG0002379	AMC60678.1	CAC29641.1
OG0002382	AMC60690.1	CAC29635.1
OG0002390	AMC60732.1	CAC30644.1
OG0002393	AMC60754.1	CAC30658.1
OG0002560	AMC61420.1	CAC29915.1
OG0002561	AMC61421.1	CAC29914.1
OG0002590	AMC61519.1	CAC31840.1
OG0002592	AMC61521.1	CAC31842.1
OG0002603	AMC61573.1	CAC31882.1
OG0002620	AMC61697.1, AMC61696.1	CAC29555.1
OG0002621	AMC61701.1	CAC29552.1
OG0002622	AMC61703.1	CAC29550.1
OG0002623	AMC61704.1	CAC29549.1
OG0002641	AMC61501.1	CAC31830.1
OG0002647	AMC60315.1	CAC31086.1
OG0002648	AMC58439.1	CAC31069.1
OG0002649	AMC58552.1	CAC29744.1
OG0002651	AMC59238.1	CAC31772.1
OG0002656	AMC59781.1	CAC31688.1
OG0002657	AMC59798.1	CAC31675.1
OG0002659	AMC59971.1	CAC30574.1
OG0002661	AMC58879.1	CAC31513.1
OG0002663	AMC60494.1	CAC30483.1
OG0002664	AMC60884.1	CAC30172.1
OG0002665	AMC61047.1	CAC30239.1
OG0002707	AMC57657.1	CAC32147.1
OG0003228	AMC60272.1	CAC32210.1
OG0003552	AMC57933.1	CAC31895.1
OG0003554	AMC59984.1	CAC31133.1
OG0003844	AMC61025.1	CAC30266.1
