Orthogroup	Mmicro	Mavium
OG0000001	AMC60882.1, AMC60883.1	AAS05732.1, AAS05733.1
OG0000001	AMC59438.1	AAS03835.1, AAS03469.1
OG0000001	AMC58447.1, AMC57862.1	AAS03838.1
OG0000001	AMC60480.1, AMC58595.1	AAS04892.1
OG0000001	AMC60869.1, AMC60037.1	AAS04453.1
OG0000001	AMC59163.1, AMC59558.1, AMC59557.1, AMC61119.1, AMC58701.1, AMC58403.1, AMC60908.1, AMC61336.1, AMC60039.1, AMC60038.1, AMC61361.1, AMC57827.1, AMC57826.1, AMC57775.1, AMC58269.1, AMC57921.1	AAS06489.1
OG0000001	AMC61123.1	AAS03472.1, AAS05244.1, AAS05970.1, AAS05969.1
OG0000001	AMC59435.1	AAS03833.1, AAS03992.1
OG0000001	AMC59436.1	AAS02759.1, AAS03993.1
OG0000002	AMC60666.1, AMC59140.1, AMC58752.1	AAS04920.1
OG0000002	AMC59696.1	AAS04113.1
OG0000002	AMC59268.1	AAS03687.1
OG0000002	AMC59272.1	AAS03688.1
OG0000002	AMC61650.1	AAS06314.1
OG0000003	AMC57716.1	AAS04912.1
OG0000003	AMC57749.1, AMC57932.1	AAS06315.1, AAS06040.1
OG0000003	AMC60758.1, AMC57755.1	AAS06332.1
OG0000004	AMC59643.1	AAS04056.1, AAS06127.1, AAS03019.1, AAS06143.1, AAS02583.1, AAS04847.1, AAS05268.1, AAS05878.1, AAS03015.1, AAS04976.1, AAS05563.1, AAS04967.1, AAS05809.1, AAS04665.1, AAS05801.1, AAS04710.1, AAS03694.1, AAS05770.1, AAS04104.1, AAS06057.1, AAS03026.1, AAS03772.1, AAS02895.1, AAS03753.1, AAS05062.1, AAS02667.1, AAS06053.1, AAS03698.1, AAS05880.1, AAS05685.1, AAS04843.1, AAS03071.1, AAS04024.1, AAS06429.1
OG0000005	AMC58756.1	AAS04913.1
OG0000005	AMC59143.1, AMC59131.1	AAS06302.1, AAS04180.1
OG0000005	AMC57882.1	AAS05834.1
OG0000005	AMC60679.1, AMC60654.1	AAS04179.1
OG0000006	AMC59450.1	AAS06694.1
OG0000006	AMC59415.1, AMC59418.1	AAS04893.1, AAS03824.1
OG0000006	AMC61262.1	AAS03831.1
OG0000007	AMC57950.1	AAS06514.1
OG0000007	AMC58147.1	AAS06667.1
OG0000007	AMC57949.1	AAS06513.1
OG0000007	AMC61169.1, AMC58145.1, AMC58146.1	AAS06645.1
OG0000008	AMC61348.1	AAS04661.1, AAS03091.1, AAS02985.1, AAS04183.1, AAS03044.1, AAS06618.1, AAS04500.1, AAS04966.1, AAS04682.1, AAS04699.1, AAS04842.1, AAS03069.1, AAS04347.1, AAS04296.1, AAS04901.1, AAS06368.1, AAS04688.1, AAS04578.1, AAS03931.1, AAS02839.1
OG0000009	AMC57880.1, AMC57994.1, AMC59173.1	AAS05597.1
OG0000009	AMC60021.1, AMC58182.1	AAS04055.1
OG0000012	AMC58284.1	AAS02919.1
OG0000012	AMC57680.1	AAS04965.1, AAS03072.1, AAS04900.1, AAS06063.1, AAS04503.1, AAS05691.1, AAS04964.1, AAS05099.1, AAS03975.1, AAS04401.1, AAS04504.1, AAS04655.1, AAS05690.1, AAS06212.1
OG0000013	AMC58632.1	AAS06442.1
OG0000013	AMC61523.1	AAS05112.1
OG0000013	AMC61358.1	AAS06487.1, AAS03130.1, AAS03564.1
OG0000013	AMC61318.1	AAS02845.1, AAS03474.1, AAS02865.1
OG0000014	AMC59172.1	AAS06300.1, AAS06496.1, AAS02392.1, AAS05598.1
OG0000014	AMC58183.1	AAS06439.1, AAS04555.1, AAS04054.1
OG0000014	AMC57930.1	AAS03558.1
OG0000016	AMC61286.1	AAS02879.1
OG0000016	AMC59611.1	AAS03074.1, AAS04434.1, AAS04166.1, AAS02409.1
OG0000016	AMC58086.1	AAS06632.1
OG0000017	AMC61363.1	AAS02999.1, AAS03033.1, AAS04679.1, AAS04065.1, AAS03065.1, AAS03030.1, AAS04668.1, AAS04972.1, AAS04544.1, AAS03775.1, AAS04902.1, AAS04702.1, AAS06135.1, AAS04669.1, AAS02824.1
OG0000018	AMC59347.1	AAS06739.1
OG0000018	AMC58352.1	AAS05935.1, AAS06614.1, AAS04393.1, AAS06431.1, AAS02539.1, AAS03199.1, AAS06741.1, AAS06740.1, AAS06747.1, AAS02980.1
OG0000020	AMC60936.1, AMC58497.1, AMC60529.1, AMC59133.1, AMC60874.1, AMC59375.1, AMC58270.1, AMC60697.1	AAS04473.1
OG0000021	AMC58703.1	AAS04962.1, AAS06200.1, AAS06208.1, AAS05065.1, AAS04712.1, AAS02471.1, AAS04707.1, AAS06475.1, AAS03200.1, AAS03000.1, AAS04715.1, AAS04716.1, AAS03998.1
OG0000024	AMC59519.1	AAS03926.1
OG0000024	AMC61625.1	AAS02533.1
OG0000024	AMC57576.1	AAS06081.1
OG0000026	AMC58475.1	AAS03816.1, AAS06737.1, AAS02445.1, AAS06134.1, AAS03747.1, AAS03915.1, AAS04798.1, AAS02543.1, AAS04371.1, AAS04280.1, AAS03201.1
OG0000028	AMC59419.1, AMC58594.1, AMC58767.1, AMC60029.1	AAS03825.1
OG0000029	AMC60824.1	AAS04855.1, AAS04698.1, AAS04515.1, AAS05091.1, AAS03756.1, AAS02366.1, AAS03700.1
OG0000029	AMC58820.1	AAS04854.1
OG0000030	AMC59376.1, AMC59134.1, AMC60530.1, AMC60935.1, AMC60875.1, AMC58271.1, AMC58498.1, AMC60696.1	AAS04472.1
OG0000031	AMC57616.1	AAS06151.1, AAS02997.1, AAS04717.1, AAS06209.1, AAS04672.1, AAS05064.1, AAS04659.1, AAS03097.1, AAS04505.1, AAS06054.1, AAS04388.1
OG0000032	AMC57620.1	AAS03076.1, AAS04506.1, AAS04433.1
OG0000032	AMC58088.1	AAS06634.1
OG0000033	AMC58089.1	AAS06635.1
OG0000033	AMC57621.1	AAS04507.1, AAS03077.1, AAS04169.1, AAS02426.1, AAS04432.1
OG0000034	AMC58845.1, AMC58843.1	AAS04821.1
OG0000034	AMC58466.1	AAS04348.1, AAS04343.1
OG0000035	AMC61644.1	AAS06271.1, AAS04011.1
OG0000035	AMC61649.1	AAS06313.1
OG0000036	AMC59414.1, AMC59417.1, AMC60613.1, AMC59319.1, AMC59416.1	AAS03823.1
OG0000037	AMC58506.1	AAS06834.1
OG0000038	AMC58978.1	AAS02439.1
OG0000038	AMC57754.1	AAS06331.1
OG0000040	AMC58460.1	AAS04103.1, AAS04554.1, AAS02649.1, AAS05198.1, AAS04840.1, AAS04513.1, AAS04330.1, AAS06169.1, AAS06126.1, AAS03187.1
OG0000041	AMC58986.1	AAS03444.1, AAS04335.1, AAS04517.1, AAS06144.1, AAS03758.1, AAS03937.1, AAS06059.1, AAS03780.1, AAS03767.1, AAS04693.1
OG0000042	AMC58003.1, AMC57805.1	AAS06726.1
OG0000042	AMC57868.1, AMC58612.1	AAS02760.1
OG0000042	AMC57869.1	AAS03370.1
OG0000044	AMC61648.1, AMC59132.1	AAS04550.1, AAS05628.1
OG0000044	AMC58754.1	AAS04549.1
OG0000045	AMC58902.1, AMC58905.1, AMC58903.1, AMC58904.1	AAS04757.1
OG0000046	AMC59382.1	AAS06045.1, AAS04337.1
OG0000046	AMC61534.1	AAS03793.1, AAS05978.1, AAS04621.1, AAS02650.1
OG0000047	AMC59440.1	AAS03840.1, AAS03837.1, AAS03471.1, AAS05102.1, AAS05706.1, AAS05103.1, AAS05968.1, AAS02904.1, AAS03834.1
OG0000048	AMC58092.1	AAS03081.1, AAS04510.1, AAS06638.1
OG0000048	AMC57624.1	AAS06158.1
OG0000049	AMC57867.1	AAS05813.1, AAS03745.1, AAS06424.1
OG0000049	AMC59486.1	AAS03878.1
OG0000050	AMC59137.1, AMC59139.1	AAS06312.1, AAS05713.1, AAS03991.1, AAS05188.1
OG0000053	AMC59920.1	AAS04315.1
OG0000053	AMC59921.1	AAS06035.1, AAS04316.1
OG0000054	AMC61332.1	AAS02854.1, AAS03695.1, AAS05877.1, AAS06856.1, AAS02375.1, AAS06099.1, AAS02605.1, AAS02604.1
OG0000055	AMC61359.1	AAS03003.1, AAS04377.1, AAS03337.1, AAS04724.1, AAS03041.1, AAS04963.1, AAS05887.1, AAS02827.1
OG0000056	AMC61368.1	AAS02820.1, AAS04680.1, AAS03776.1, AAS03064.1, AAS04545.1, AAS03032.1, AAS04670.1, AAS02998.1
OG0000057	AMC57545.1	AAS04187.1, AAS04188.1, AAS03559.1, AAS04186.1, AAS03737.1, AAS04489.1
OG0000058	AMC61197.1	AAS06815.1
OG0000058	AMC57919.1	AAS06486.1
OG0000060	AMC58467.1	AAS06722.1, AAS05938.1
OG0000060	AMC58462.1	AAS03189.1
OG0000061	AMC59649.1	AAS04356.1, AAS05043.1
OG0000061	AMC58749.1	AAS04924.1
OG0000064	AMC59266.1, AMC59267.1	AAS03686.1
OG0000064	AMC59273.1	AAS04959.1, AAS03689.1
OG0000065	AMC59970.1	AAS05037.1, AAS06596.1, AAS04069.1, AAS03488.1, AAS03272.1, AAS05808.1
OG0000066	AMC61360.1	AAS02826.1, AAS04975.1, AAS03042.1, AAS02469.1, AAS02391.1, AAS04686.1, AAS03286.1
OG0000067	AMC61440.1	AAS02345.1, AAS03467.1, AAS04591.1, AAS04467.1, AAS02421.1, AAS06309.1, AAS03166.1
OG0000069	AMC57618.1	AAS06153.1
OG0000069	AMC58087.1	AAS06633.1
OG0000070	AMC58090.1	AAS06636.1
OG0000070	AMC57622.1	AAS06156.1
OG0000071	AMC58091.1	AAS06637.1
OG0000071	AMC57623.1	AAS06157.1
OG0000072	AMC58093.1	AAS06639.1
OG0000072	AMC57625.1	AAS06159.1
OG0000073	AMC57674.1	AAS04681.1, AAS06145.1, AAS03762.1, AAS03755.1, AAS04052.1, AAS06205.1
OG0000074	AMC59069.1	AAS03512.1
OG0000074	AMC57703.1	AAS06244.1
OG0000075	AMC57720.1	AAS06257.1
OG0000075	AMC60009.1	AAS04419.1
OG0000077	AMC58635.1	AAS03340.1
OG0000077	AMC61272.1	AAS03773.1
OG0000078	AMC58789.1	AAS05763.1, AAS03666.1, AAS04028.1, AAS03087.1, AAS05645.1, AAS04876.1
OG0000079	AMC58942.1	AAS03266.1, AAS03663.1
OG0000079	AMC58943.1	AAS04829.1, AAS03664.1
OG0000080	AMC59020.1	AAS03475.1
OG0000080	AMC60177.1	AAS04618.1
OG0000081	AMC59174.1	AAS03788.1, AAS04791.1, AAS03382.1, AAS04499.1, AAS02443.1, AAS03580.1
OG0000082	AMC59336.1, AMC59401.1	AAS05092.1, AAS03763.1, AAS05055.1
OG0000083	AMC59647.1	AAS04071.1
OG0000083	AMC59672.1	AAS04058.1, AAS04059.1
OG0000084	AMC61721.1, AMC59738.1, AMC59735.1, AMC59739.1	AAS06876.1
OG0000085	AMC61340.1	AAS02847.1, AAS03013.1, AAS03750.1, AAS03008.1, AAS05948.1, AAS03800.1
OG0000086	AMC61574.1	AAS02587.1, AAS02572.1, AAS02584.1, AAS06860.1, AAS05745.1, AAS05672.1
OG0000088	AMC60945.1, AMC57501.1	AAS05841.1
OG0000089	AMC57506.1	AAS06597.1, AAS04036.1, AAS04043.1, AAS04100.1
OG0000090	AMC57507.1, AMC57918.1	AAS06483.1
OG0000091	AMC58655.1, AMC57510.1	AAS05016.1
OG0000093	AMC58695.1	AAS02615.1
OG0000093	AMC57945.1	AAS06509.1
OG0000094	AMC58008.1	AAS06561.1
OG0000094	AMC58290.1	AAS02925.1
OG0000095	AMC58019.1	AAS06576.1
OG0000095	AMC61695.1	AAS05591.1
OG0000096	AMC58055.1, AMC58531.1	AAS06608.1
OG0000098	AMC58282.1	AAS02917.1, AAS06140.1, AAS03047.1, AAS04849.1, AAS02653.1, AAS04368.1
OG0000099	AMC60860.1, AMC58338.1	AAS02962.1
OG0000100	AMC58367.1	AAS05902.1, AAS06867.1, AAS05823.1, AAS03006.1
OG0000101	AMC58629.1	AAS03094.1, AAS04714.1, AAS03910.1, AAS03334.1
OG0000102	AMC61097.1	AAS02547.1
OG0000102	AMC58846.1	AAS04820.1
OG0000103	AMC60681.1, AMC59136.1	AAS06310.1
OG0000104	AMC59368.1	AAS03774.1, AAS03648.1, AAS06016.1, AAS04417.1, AAS06015.1
OG0000105	AMC59487.1	AAS06459.1, AAS03112.1, AAS02492.1, AAS04666.1, AAS03880.1
OG0000106	AMC60786.1, AMC59615.1	AAS05643.1
OG0000107	AMC59673.1, AMC60879.1	AAS05818.1, AAS04057.1
OG0000108	AMC59699.1	AAS04116.1
OG0000108	AMC59700.1	AAS04117.1
OG0000109	AMC61720.1, AMC59740.1	AAS06875.1
OG0000110	AMC60682.1, AMC60144.1	AAS04589.1
OG0000111	AMC60014.1, AMC60015.1, AMC60152.1	AAS06289.1, AAS03949.1
OG0000113	AMC60396.1, AMC60397.1	AAS05122.1
OG0000114	AMC60742.1	AAS05586.1, AAS05803.1, AAS06062.1, AAS06225.1
OG0000115	AMC61142.1	AAS06646.1, AAS03063.1, AAS04974.1, AAS06025.1
OG0000116	AMC61285.1	AAS02880.1, AAS03075.1, AAS02410.1, AAS04167.1, AAS02424.1
OG0000117	AMC61288.1	AAS03046.1, AAS04662.1, AAS02984.1, AAS03070.1, AAS02877.1
OG0000118	AMC61374.1	AAS02814.1, AAS03765.1, AAS03973.1, AAS03402.1, AAS04339.1
OG0000119	AMC61638.1	AAS02523.1
OG0000119	AMC61637.1	AAS02524.1
OG0000121	AMC57436.1, AMC57435.1	AAS02324.1
OG0000122	AMC57519.1	AAS03285.1
OG0000123	AMC57750.1, AMC58422.1	AAS06327.1
OG0000124	AMC57756.1	AAS06333.1
OG0000125	AMC57757.1	AAS06334.1
OG0000126	AMC57828.1	AAS05036.1, AAS04696.1, AAS06420.1
OG0000127	AMC57885.1	AAS05668.1, AAS02688.1, AAS06434.1
OG0000128	AMC57910.1	AAS06822.1, AAS04448.1, AAS06471.1
OG0000129	AMC58312.1	AAS03422.1, AAS06055.1, AAS04569.1, AAS02945.1
OG0000130	AMC60861.1, AMC58337.1	AAS02961.1
OG0000131	AMC58468.1	AAS02589.1
OG0000131	AMC58343.1	AAS02971.1
OG0000132	AMC58347.1	AAS04519.1, AAS02975.1, AAS04521.1
OG0000133	AMC58380.1	AAS03104.1
OG0000133	AMC58379.1	AAS03103.1
OG0000134	AMC58709.1, AMC58708.1	AAS04956.1
OG0000135	AMC58954.1	AAS03084.1, AAS04424.1, AAS04426.1, AAS03067.1
OG0000136	AMC58969.1, AMC60812.1	AAS05699.1
OG0000137	AMC59087.1	AAS03524.1, AAS05985.1, AAS05984.1
OG0000138	AMC59101.1	AAS02991.1, AAS02990.1, AAS03543.1
OG0000139	AMC59563.1, AMC59105.1	AAS03545.1
OG0000141	AMC59439.1	AAS03839.1
OG0000141	AMC59430.1	AAS03470.1, AAS03836.1
OG0000142	AMC59513.1	AAS02661.1, AAS04350.1, AAS03920.1
OG0000143	AMC59575.1, AMC59576.1	AAS04667.1, AAS04973.1, AAS04703.1
OG0000144	AMC59392.1, AMC59657.1	AAS05549.1, AAS02346.1
OG0000145	AMC59678.1, AMC60871.1	AAS04060.1
OG0000146	AMC61563.1, AMC59986.1	AAS03183.1
OG0000147	AMC60087.1	AAS04125.1, AAS03427.1, AAS02461.1, AAS04527.1
OG0000148	AMC60264.1, AMC60263.1	AAS03391.1
OG0000149	AMC61155.1, AMC60394.1	AAS05120.1
OG0000150	AMC60441.1	AAS04640.1, AAS04379.1, AAS05838.1, AAS05160.1
OG0000151	AMC60543.1, AMC60546.1	AAS05220.1
OG0000152	AMC60664.1	AAS03553.1, AAS03554.1, AAS06082.1
OG0000154	AMC60706.1	AAS06699.1, AAS03224.1, AAS05555.1
OG0000155	AMC60889.1	AAS05738.1, AAS06068.1, AAS06353.1, AAS02580.1
OG0000156	AMC60987.1	AAS05875.1, AAS02989.1, AAS03759.1, AAS05673.1
OG0000157	AMC60993.1	AAS05893.1, AAS02413.1, AAS02414.1, AAS06096.1
OG0000158	AMC61070.1	AAS05973.1
OG0000159	AMC61072.1	AAS05975.1
OG0000160	AMC61073.1	AAS05976.1, AAS05035.1
OG0000161	AMC61075.1	AAS05979.1
OG0000162	AMC61077.1	AAS05980.1
OG0000163	AMC61080.1	AAS05983.1
OG0000164	AMC61083.1	AAS05988.1
OG0000165	AMC61085.1	AAS05990.1
OG0000166	AMC61086.1	AAS05991.1
OG0000167	AMC61087.1	AAS05992.1
OG0000168	AMC58315.1, AMC61100.1	AAS05836.1, AAS04269.1
OG0000169	AMC61101.1	AAS04483.1, AAS04087.1, AAS03263.1, AAS05996.1
OG0000170	AMC61118.1	AAS06009.1, AAS04007.1, AAS04392.1, AAS06647.1
OG0000171	AMC61129.1	AAS06012.1
OG0000173	AMC61344.1	AAS02843.1, AAS04906.1, AAS03778.1, AAS04656.1
OG0000174	AMC61373.1	AAS02815.1, AAS03769.1, AAS03017.1, AAS03010.1
OG0000175	AMC61445.1	AAS05012.1, AAS06816.1, AAS02743.1
OG0000176	AMC61551.1	AAS02448.1
OG0000176	AMC61546.1	AAS02664.1
OG0000177	AMC61576.1	AAS02901.1, AAS02643.1, AAS02578.1
OG0000178	AMC61578.1	AAS05939.1, AAS05941.1, AAS03538.1, AAS02576.1
OG0000179	AMC61607.1	AAS04136.1, AAS04135.1, AAS02551.1
OG0000181	AMC59532.1	AAS03938.1, AAS05811.1, AAS06141.1, AAS05876.1, AAS06742.1
OG0000182	AMC57455.1	AAS05039.1
OG0000182	AMC57454.1	AAS03971.1
OG0000183	AMC57482.1	AAS02377.1
OG0000186	AMC57563.1	AAS06226.1, AAS06072.1
OG0000187	AMC57578.1	AAS06089.1, AAS02582.1, AAS05670.1
OG0000188	AMC57614.1	AAS06148.1
OG0000189	AMC57632.1	AAS02348.1, AAS06111.1, AAS06167.1
OG0000190	AMC57644.1	AAS06296.1, AAS06182.1
OG0000191	AMC57653.1	AAS06185.1, AAS02472.1, AAS06211.1
OG0000192	AMC57671.1	AAS03802.1, AAS04671.1, AAS06199.1
OG0000193	AMC57672.1	AAS06201.1, AAS04726.1, AAS04722.1
OG0000194	AMC57734.1	AAS06268.1, AAS04579.1, AAS05743.1
OG0000196	AMC57781.1	AAS04067.1, AAS06050.1, AAS06347.1
OG0000197	AMC57822.1	AAS06390.1, AAS05667.1
OG0000198	AMC57824.1	AAS04012.1, AAS06392.1
OG0000199	AMC57911.1	AAS02418.1, AAS02417.1, AAS06472.1
OG0000200	AMC57971.1	AAS06532.1, AAS05822.1
OG0000201	AMC57981.1, AMC57980.1	AAS06538.1
OG0000202	AMC57987.1	AAS05284.1, AAS06543.1
OG0000203	AMC57998.1, AMC57999.1	AAS06554.1
OG0000204	AMC58036.1	AAS06589.1, AAS04081.1
OG0000205	AMC58051.1	AAS03982.1, AAS06605.1
OG0000206	AMC58101.1	AAS03418.1
OG0000208	AMC58157.1	AAS03641.1, AAS02782.1, AAS06678.1
OG0000209	AMC58191.1	AAS06693.1, AAS02681.1
OG0000210	AMC58232.1, AMC58231.1	AAS06738.1
OG0000211	AMC58236.1	AAS02446.1, AAS02669.1, AAS06744.1
OG0000212	AMC58266.1	AAS02349.1, AAS02467.1, AAS06764.1
OG0000213	AMC58274.1	AAS05940.1, AAS03539.1, AAS02909.1
OG0000214	AMC58277.1	AAS02912.1, AAS06052.1, AAS04683.1
OG0000215	AMC58301.1	AAS05693.1, AAS02936.1, AAS02935.1
OG0000216	AMC58344.1	AAS02972.1, AAS02449.1
OG0000217	AMC58382.1	AAS03106.1, AAS04031.1
OG0000218	AMC58383.1	AAS03107.1, AAS04032.1
OG0000219	AMC58405.1	AAS06460.1, AAS03136.1
OG0000220	AMC58410.1	AAS03141.1, AAS03204.1
OG0000221	AMC58431.1	AAS02470.1, AAS03150.1
OG0000222	AMC58463.1	AAS02969.1, AAS03190.1
OG0000223	AMC58464.1	AAS02970.1, AAS03191.1
OG0000224	AMC58509.1	AAS03227.1, AAS03040.1, AAS05744.1
OG0000225	AMC58526.1	AAS06757.1, AAS02368.1, AAS02891.1
OG0000226	AMC58571.1	AAS03307.1, AAS05681.1
OG0000230	AMC58637.1	AAS03343.1, AAS05601.1
OG0000231	AMC58640.1	AAS03346.1, AAS05310.1
OG0000232	AMC58718.1	AAS04577.1, AAS04950.1
OG0000233	AMC58735.1, AMC59357.1	AAS04934.1
OG0000234	AMC58741.1	AAS05787.1, AAS04930.1
OG0000235	AMC58746.1	AAS04182.1, AAS03460.1, AAS04926.1
OG0000236	AMC58770.1	AAS05775.1, AAS02450.1, AAS04896.1
OG0000237	AMC58782.1	AAS03271.1, AAS03153.1, AAS04882.1
OG0000238	AMC58836.1	AAS04831.1
OG0000238	AMC58074.1	AAS03110.1
OG0000239	AMC58874.1	AAS04786.1, AAS03303.1
OG0000240	AMC58880.1	AAS06321.1, AAS04780.1
OG0000241	AMC58882.1	AAS04778.1, AAS02690.1
OG0000242	AMC58937.1	AAS04730.1, AAS06284.1, AAS06285.1
OG0000243	AMC58955.1	AAS03068.1, AAS04427.1, AAS03085.1
OG0000245	AMC59074.1	AAS05669.1, AAS03514.1
OG0000246	AMC59094.1	AAS05731.1, AAS03531.1
OG0000247	AMC59104.1	AAS03004.1, AAS03544.1
OG0000248	AMC61430.1, AMC59119.1	AAS02750.1
OG0000249	AMC59122.1, AMC60686.1	AAS03550.1
OG0000250	AMC59181.1	AAS03588.1, AAS06560.1
OG0000251	AMC59195.1	AAS03428.1, AAS03607.1
OG0000252	AMC59216.1	AAS03626.1, AAS06455.1
OG0000253	AMC59235.1	AAS03655.1, AAS06355.1
OG0000254	AMC59242.1	AAS03667.1, AAS06835.1, AAS03066.1
OG0000255	AMC59248.1	AAS05705.1, AAS03883.1
OG0000256	AMC59311.1	AAS04465.1, AAS03725.1
OG0000257	AMC59324.1	AAS03727.1, AAS03269.1
OG0000258	AMC59452.1	AAS03850.1, AAS05548.1
OG0000259	AMC59510.1	AAS03913.1, AAS04398.1
OG0000260	AMC59516.1	AAS03134.1, AAS03923.1
OG0000261	AMC59527.1	AAS03932.1, AAS03086.1
OG0000262	AMC59540.1	AAS03943.1, AAS03740.1, AAS06384.1
OG0000263	AMC59544.1	AAS03947.1, AAS04638.1
OG0000264	AMC59579.1	AAS03014.1, AAS02762.1, AAS03962.1
OG0000265	AMC59683.1	AAS06649.1, AAS04082.1
OG0000266	AMC59728.1	AAS03534.1, AAS03650.1, AAS04789.1
OG0000268	AMC59789.1	AAS04194.1, AAS04375.1
OG0000269	AMC59807.1	AAS04206.1
OG0000270	AMC59837.1	AAS06396.1, AAS05617.1, AAS04228.1
OG0000272	AMC59859.1	AAS03090.1
OG0000273	AMC59862.1, AMC59861.1	AAS04251.1
OG0000274	AMC59868.1	AAS03738.1, AAS04258.1
OG0000275	AMC59887.1	AAS04274.1, AAS05613.1
OG0000276	AMC59917.1	AAS04312.1, AAS06227.1
OG0000277	AMC59967.1	AAS06087.1, AAS02662.1, AAS04374.1
OG0000278	AMC60012.1	AAS02684.1, AAS04422.1, AAS04421.1
OG0000279	AMC60042.1	AAS06323.1, AAS04456.1
OG0000280	AMC60061.1	AAS04485.1, AAS04484.1
OG0000281	AMC60062.1	AAS04486.1, AAS03736.1, AAS04189.1
OG0000282	AMC60078.1	AAS02431.1, AAS04174.1, AAS02407.1
OG0000283	AMC60106.1	AAS05231.1, AAS04642.1, AAS02466.1
OG0000284	AMC60164.1	AAS04998.1, AAS04607.1
OG0000286	AMC60218.1	AAS03987.1, AAS04639.1
OG0000287	AMC60227.1	AAS03984.1, AAS04651.1
OG0000288	AMC60288.1	AAS03366.1, AAS03367.1
OG0000289	AMC60382.1	AAS03742.1, AAS05108.1
OG0000290	AMC60402.1	AAS04922.1, AAS05124.1
OG0000291	AMC60411.1	AAS02701.1, AAS05133.1
OG0000292	AMC60461.1	AAS03182.1, AAS05176.1
OG0000293	AMC60564.1	AAS04185.1, AAS05232.1
OG0000294	AMC60608.1	AAS05270.1, AAS05687.1, AAS06837.1
OG0000295	AMC60653.1	AAS04493.1, AAS06295.1
OG0000296	AMC60716.1	AAS03739.1, AAS05567.1
OG0000297	AMC60718.1, AMC60717.1	AAS05568.1
OG0000298	AMC60723.1	AAS04573.1, AAS05573.1
OG0000299	AMC60724.1	AAS05574.1, AAS04572.1
OG0000300	AMC60733.1	AAS05581.1, AAS06230.1
OG0000301	AMC60774.1	AAS05840.1, AAS02404.1, AAS05632.1
OG0000302	AMC60777.1	AAS05635.1
OG0000303	AMC60783.1	AAS03930.1, AAS05641.1
OG0000304	AMC60803.1	AAS06001.1, AAS05675.1
OG0000305	AMC60845.1	AAS06281.1, AAS05720.1
OG0000307	AMC60916.1	AAS05771.1, AAS06441.1, AAS06098.1
OG0000308	AMC60921.1	AAS04027.1, AAS02401.1, AAS05777.1
OG0000309	AMC60972.1	AAS03798.1, AAS05862.1
OG0000311	AMC61017.1	AAS04232.1, AAS02798.1, AAS05916.1
OG0000312	AMC61034.1, AMC61033.1	AAS05934.1
OG0000313	AMC61037.1	AAS06610.1, AAS02444.1
OG0000314	AMC61051.1	AAS05954.1, AAS05190.1
OG0000315	AMC61055.1	AAS03813.1, AAS02700.1, AAS05958.1
OG0000316	AMC61068.1	AAS05972.1
OG0000317	AMC61074.1	AAS05977.1
OG0000318	AMC61078.1	AAS05981.1
OG0000319	AMC61079.1	AAS05982.1
OG0000320	AMC61084.1	AAS05989.1
OG0000321	AMC61113.1, AMC61112.1	AAS06004.1
OG0000322	AMC61186.1	AAS06279.1, AAS02555.1, AAS05683.1
OG0000323	AMC61250.1	AAS03109.1, AAS06776.1, AAS06777.1
OG0000324	AMC61252.1	AAS03282.1, AAS06774.1
OG0000325	AMC61269.1	AAS02896.1, AAS06115.1
OG0000326	AMC61316.1	AAS04697.1, AAS04705.1, AAS02867.1
OG0000327	AMC61375.1	AAS02813.1, AAS05686.1, AAS02996.1
OG0000328	AMC61434.1	AAS02747.1, AAS05796.1
OG0000329	AMC61448.1	AAS02986.1, AAS02740.1
OG0000330	AMC61479.1	AAS02715.1, AAS02399.1
OG0000331	AMC61526.1	AAS02635.1, AAS04338.1
OG0000332	AMC61580.1	AAS02573.1, AAS06628.1, AAS06629.1
OG0000333	AMC61619.1	AAS02538.1, AAS04689.1
OG0000334	AMC61621.1, AMC61620.1	AAS02537.1
OG0000335	AMC61685.1	AAS02496.1
OG0000340	AMC60119.1	AAS03907.1, AAS03951.1, AAS04759.1, AAS03693.1
OG0000342	AMC57428.1	AAS02318.1
OG0000343	AMC57429.1	AAS02319.1
OG0000344	AMC57430.1	AAS02320.1
OG0000345	AMC57431.1	AAS02321.1
OG0000346	AMC57432.1	AAS02322.1
OG0000347	AMC57434.1	AAS02323.1
OG0000348	AMC57440.1	AAS02328.1
OG0000349	AMC57443.1	AAS02330.1
OG0000350	AMC57445.1	AAS02332.1
OG0000351	AMC57446.1	AAS02333.1
OG0000352	AMC57447.1	AAS02335.1
OG0000353	AMC57448.1	AAS02336.1
OG0000354	AMC57449.1	AAS02337.1
OG0000355	AMC57450.1	AAS02338.1
OG0000356	AMC57451.1	AAS02339.1
OG0000357	AMC57452.1	AAS02340.1
OG0000358	AMC57459.1, AMC57458.1	AAS02353.1
OG0000359	AMC57474.1	AAS02362.1
OG0000360	AMC57476.1	AAS02364.1
OG0000361	AMC57477.1	AAS02365.1
OG0000362	AMC57478.1	AAS02367.1
OG0000363	AMC57480.1	AAS06306.1, AAS02371.1
OG0000364	AMC57483.1	AAS02378.1
OG0000365	AMC57485.1	AAS02380.1
OG0000366	AMC57486.1	AAS02381.1
OG0000367	AMC57487.1	AAS02382.1
OG0000368	AMC57489.1	AAS02384.1
OG0000369	AMC57490.1	AAS02385.1
OG0000370	AMC57491.1	AAS02386.1
OG0000371	AMC57492.1	AAS02387.1
OG0000372	AMC57494.1	AAS02388.1
OG0000373	AMC57505.1	AAS06006.1
OG0000374	AMC57514.1	AAS05688.1, AAS03035.1
OG0000375	AMC57546.1	AAS04614.1
OG0000376	AMC57551.1	AAS06297.1, AAS06320.1
OG0000377	AMC57552.1	AAS06048.1
OG0000378	AMC57556.1	AAS06064.1
OG0000379	AMC57559.1	AAS05799.1, AAS03254.1
OG0000380	AMC57562.1	AAS06070.1
OG0000381	AMC57565.1	AAS06074.1
OG0000382	AMC57572.1	AAS06077.1
OG0000383	AMC57584.1	AAS03661.1, AAS06103.1
OG0000384	AMC57585.1	AAS06104.1
OG0000385	AMC57586.1	AAS06105.1, AAS03967.1
OG0000386	AMC57588.1	AAS06136.1, AAS06107.1
OG0000387	AMC57594.1	AAS06114.1
OG0000388	AMC57595.1	AAS06116.1
OG0000389	AMC57596.1	AAS06117.1, AAS06060.1
OG0000390	AMC57604.1	AAS06122.1
OG0000391	AMC57605.1	AAS06123.1
OG0000392	AMC57606.1	AAS06124.1
OG0000393	AMC57611.1	AAS06128.1
OG0000394	AMC57626.1	AAS06160.1
OG0000395	AMC57627.1	AAS06161.1
OG0000396	AMC57628.1	AAS06162.1
OG0000397	AMC57629.1	AAS06163.1
OG0000398	AMC57631.1	AAS06166.1
OG0000399	AMC57634.1	AAS06172.1
OG0000400	AMC57636.1	AAS06173.1
OG0000401	AMC57637.1	AAS06174.1
OG0000402	AMC57643.1	AAS06181.1
OG0000403	AMC57659.1	AAS06187.1
OG0000404	AMC57660.1	AAS06188.1, AAS05791.1
OG0000405	AMC57661.1	AAS06189.1
OG0000406	AMC57663.1	AAS06191.1
OG0000407	AMC57664.1	AAS06192.1
OG0000408	AMC57665.1	AAS06193.1
OG0000409	AMC57668.1	AAS06196.1
OG0000410	AMC57673.1	AAS06202.1
OG0000411	AMC57681.1	AAS06213.1
OG0000412	AMC57682.1	AAS06214.1
OG0000413	AMC57683.1	AAS06215.1
OG0000414	AMC57684.1	AAS06216.1
OG0000415	AMC57685.1	AAS06217.1
OG0000416	AMC57692.1	AAS06223.1
OG0000417	AMC57694.1	AAS06236.1
OG0000418	AMC57696.1	AAS06238.1
OG0000419	AMC57697.1	AAS06239.1
OG0000420	AMC57700.1	AAS06241.1
OG0000421	AMC57701.1	AAS06242.1
OG0000422	AMC57702.1	AAS06243.1
OG0000423	AMC57704.1	AAS06246.1
OG0000424	AMC57709.1	AAS06250.1
OG0000425	AMC57722.1	AAS06258.1
OG0000426	AMC57723.1	AAS06259.1
OG0000427	AMC57729.1	AAS06264.1
OG0000428	AMC57731.1	AAS06266.1, AAS06853.1
OG0000429	AMC57733.1	AAS06267.1, AAS05740.1
OG0000430	AMC57751.1	AAS06328.1
OG0000431	AMC57752.1	AAS06329.1
OG0000432	AMC57753.1	AAS06330.1
OG0000433	AMC57758.1	AAS06335.1
OG0000434	AMC57759.1	AAS06336.1
OG0000435	AMC57760.1	AAS06337.1
OG0000436	AMC57761.1	AAS06338.1
OG0000437	AMC57771.1	AAS04340.1, AAS04049.1
OG0000438	AMC57779.1	AAS06345.1, AAS03582.1
OG0000439	AMC57780.1	AAS06346.1
OG0000440	AMC57782.1	AAS06349.1, AAS04512.1
OG0000441	AMC57786.1	AAS03978.1, AAS06354.1
OG0000442	AMC57791.1	AAS06370.1
OG0000443	AMC57792.1	AAS05802.1, AAS06375.1
OG0000444	AMC57803.1	AAS06378.1
OG0000445	AMC57806.1	AAS06380.1
OG0000446	AMC57808.1	AAS06381.1
OG0000447	AMC57823.1	AAS06391.1
OG0000448	AMC57825.1	AAS06393.1
OG0000449	AMC57829.1	AAS06419.1
OG0000450	AMC57830.1	AAS06417.1
OG0000451	AMC57832.1	AAS06414.1
OG0000452	AMC57833.1	AAS06413.1
OG0000453	AMC57836.1	AAS06412.1
OG0000454	AMC57853.1	AAS06409.1
OG0000455	AMC57855.1	AAS06407.1
OG0000456	AMC57856.1	AAS06405.1
OG0000457	AMC57857.1	AAS06403.1
OG0000458	AMC57864.1	AAS06422.1
OG0000459	AMC57865.1	AAS06423.1
OG0000460	AMC57879.1	AAS06430.1
OG0000461	AMC57884.1	AAS06433.1
OG0000462	AMC57888.1	AAS06443.1
OG0000463	AMC57889.1	AAS06444.1
OG0000464	AMC57892.1	AAS06447.1
OG0000465	AMC57893.1	AAS06448.1
OG0000466	AMC57894.1	AAS06449.1
OG0000467	AMC57895.1	AAS06450.1
OG0000468	AMC57896.1	AAS06457.1, AAS06456.1
OG0000469	AMC57900.1	AAS06462.1
OG0000470	AMC57901.1	AAS06463.1
OG0000471	AMC57904.1	AAS06465.1
OG0000472	AMC57907.1	AAS06468.1
OG0000473	AMC57908.1	AAS06469.1
OG0000474	AMC57909.1	AAS06470.1
OG0000475	AMC57913.1, AMC57914.1	AAS06478.1
OG0000476	AMC57915.1	AAS06479.1
OG0000477	AMC57916.1	AAS06480.1
OG0000478	AMC57935.1	AAS06498.1
OG0000479	AMC57942.1	AAS06506.1
OG0000480	AMC57943.1	AAS06507.1
OG0000481	AMC57944.1	AAS06508.1
OG0000482	AMC57946.1	AAS06510.1
OG0000483	AMC57948.1	AAS06512.1
OG0000484	AMC57953.1	AAS06515.1
OG0000485	AMC57956.1	AAS06518.1
OG0000486	AMC57957.1	AAS06519.1
OG0000487	AMC57958.1	AAS06520.1
OG0000488	AMC57959.1	AAS06521.1
OG0000489	AMC57960.1	AAS06522.1
OG0000490	AMC57961.1	AAS06523.1
OG0000491	AMC57962.1	AAS06524.1, AAS05712.1
OG0000492	AMC57963.1	AAS06525.1
OG0000493	AMC57964.1	AAS06526.1
OG0000494	AMC57967.1	AAS06529.1
OG0000495	AMC57968.1	AAS06530.1
OG0000496	AMC57970.1	AAS06531.1
OG0000497	AMC57973.1	AAS06533.1
OG0000498	AMC57978.1	AAS06536.1
OG0000499	AMC57979.1	AAS06537.1
OG0000500	AMC57982.1	AAS06539.1
OG0000501	AMC57984.1	AAS06541.1
OG0000502	AMC57985.1	AAS06542.1
OG0000503	AMC57988.1	AAS06544.1
OG0000504	AMC57989.1	AAS06545.1
OG0000505	AMC57990.1	AAS06546.1
OG0000506	AMC57991.1	AAS06547.1
OG0000507	AMC57996.1	AAS06552.1
OG0000508	AMC57997.1	AAS06553.1
OG0000509	AMC58000.1	AAS06555.1
OG0000510	AMC58013.1	AAS06570.1
OG0000511	AMC58014.1	AAS06571.1
OG0000512	AMC58015.1	AAS06572.1
OG0000513	AMC58016.1	AAS06573.1
OG0000514	AMC58017.1	AAS06574.1
OG0000515	AMC58018.1	AAS06575.1
OG0000516	AMC58020.1	AAS06577.1
OG0000517	AMC58024.1	AAS06579.1
OG0000518	AMC58035.1	AAS06588.1
OG0000519	AMC58037.1	AAS06590.1
OG0000520	AMC58038.1	AAS06591.1
OG0000521	AMC58039.1	AAS06592.1
OG0000522	AMC58040.1	AAS06046.1, AAS06593.1
OG0000523	AMC58041.1	AAS06594.1
OG0000524	AMC58046.1	AAS06600.1
OG0000525	AMC58047.1	AAS06601.1
OG0000526	AMC58048.1	AAS06602.1
OG0000527	AMC58049.1	AAS06603.1
OG0000528	AMC58052.1	AAS06606.1
OG0000529	AMC58054.1	AAS06607.1
OG0000530	AMC58056.1	AAS06609.1
OG0000531	AMC58134.1	AAS06654.1
OG0000532	AMC58135.1	AAS06655.1
OG0000533	AMC58136.1	AAS06656.1
OG0000534	AMC58137.1	AAS06657.1
OG0000535	AMC58138.1	AAS06658.1
OG0000536	AMC58139.1	AAS06659.1
OG0000537	AMC58140.1	AAS06660.1
OG0000538	AMC58141.1	AAS06661.1
OG0000539	AMC58142.1	AAS06662.1
OG0000540	AMC58143.1	AAS06663.1
OG0000541	AMC58144.1	AAS06666.1
OG0000542	AMC58148.1	AAS06668.1
OG0000543	AMC58149.1	AAS06669.1
OG0000544	AMC58153.1	AAS06675.1
OG0000545	AMC58155.1	AAS06676.1
OG0000546	AMC58158.1	AAS06679.1
OG0000547	AMC58171.1	AAS06680.1
OG0000548	AMC58172.1	AAS06681.1
OG0000549	AMC58175.1	AAS06682.1
OG0000550	AMC58188.1	AAS06690.1
OG0000551	AMC58189.1	AAS06691.1
OG0000552	AMC58190.1	AAS06692.1
OG0000553	AMC58207.1	AAS06710.1
OG0000554	AMC58208.1	AAS06711.1
OG0000555	AMC58209.1	AAS06712.1
OG0000556	AMC58210.1	AAS06713.1
OG0000557	AMC58211.1	AAS06714.1
OG0000558	AMC58212.1	AAS06715.1
OG0000559	AMC58213.1	AAS06716.1
OG0000560	AMC58214.1	AAS06717.1
OG0000561	AMC58215.1	AAS06718.1
OG0000562	AMC58216.1	AAS06719.1
OG0000563	AMC58217.1	AAS06720.1
OG0000564	AMC58220.1	AAS06723.1, AAS06725.1
OG0000565	AMC58221.1	AAS06727.1
OG0000566	AMC58222.1	AAS06728.1
OG0000567	AMC58223.1	AAS06729.1
OG0000568	AMC58224.1	AAS06730.1
OG0000569	AMC58225.1	AAS06731.1
OG0000570	AMC58226.1	AAS06732.1
OG0000571	AMC58227.1	AAS06733.1
OG0000572	AMC58228.1	AAS06734.1
OG0000573	AMC58229.1	AAS06735.1
OG0000574	AMC58230.1	AAS06736.1
OG0000575	AMC58238.1	AAS06746.1
OG0000576	AMC58240.1	AAS06748.1
OG0000577	AMC58241.1	AAS06749.1
OG0000578	AMC58242.1	AAS06750.1
OG0000579	AMC58265.1	AAS03061.1, AAS06763.1
OG0000580	AMC58275.1	AAS02910.1
OG0000581	AMC58276.1	AAS02911.1, AAS02858.1
OG0000582	AMC58283.1	AAS03796.1, AAS02918.1
OG0000583	AMC58286.1	AAS02921.1, AAS03048.1
OG0000584	AMC58287.1	AAS02922.1, AAS05098.1
OG0000585	AMC58288.1	AAS02923.1
OG0000586	AMC58294.1	AAS02928.1
OG0000587	AMC58297.1	AAS02931.1
OG0000588	AMC58298.1	AAS02932.1
OG0000589	AMC58307.1	AAS02942.1
OG0000590	AMC58308.1	AAS02943.1
OG0000591	AMC58318.1	AAS02949.1
OG0000592	AMC58321.1	AAS02952.1
OG0000593	AMC58324.1	AAS06770.1
OG0000594	AMC58326.1	AAS02954.1
OG0000595	AMC58328.1	AAS02955.1
OG0000596	AMC58329.1	AAS02956.1
OG0000597	AMC58330.1	AAS02957.1
OG0000598	AMC58331.1	AAS02958.1
OG0000599	AMC58335.1	AAS02960.1
OG0000600	AMC58339.1	AAS02964.1
OG0000601	AMC58340.1	AAS02965.1
OG0000602	AMC58342.1	AAS02967.1
OG0000603	AMC58346.1	AAS02974.1
OG0000604	AMC58348.1	AAS02976.1, AAS05704.1
OG0000605	AMC58363.1	AAS02988.1, AAS05622.1
OG0000606	AMC58369.1	AAS03018.1, AAS03744.1
OG0000607	AMC58376.1	AAS03100.1
OG0000608	AMC58377.1	AAS03956.1, AAS03101.1
OG0000609	AMC58384.1	AAS03116.1
OG0000610	AMC58385.1	AAS03117.1
OG0000611	AMC58386.1	AAS03118.1
OG0000612	AMC58390.1	AAS03122.1
OG0000613	AMC58394.1	AAS03127.1
OG0000614	AMC58399.1	AAS03131.1
OG0000615	AMC58400.1	AAS03132.1
OG0000616	AMC58402.1	AAS03133.1
OG0000617	AMC58404.1	AAS03135.1
OG0000618	AMC58408.1	AAS03139.1
OG0000619	AMC58409.1	AAS03140.1
OG0000620	AMC58411.1	AAS03142.1
OG0000621	AMC58425.1	AAS03146.1
OG0000622	AMC58432.1	AAS03151.1
OG0000623	AMC58434.1	AAS03157.1
OG0000624	AMC58440.1	AAS03162.1
OG0000625	AMC58442.1	AAS03163.1
OG0000626	AMC58458.1	AAS03186.1
OG0000627	AMC58473.1	AAS03197.1, AAS03646.1
OG0000628	AMC58476.1	AAS03202.1, AAS05782.1
OG0000629	AMC58478.1	AAS03645.1, AAS03206.1
OG0000630	AMC58480.1	AAS03208.1
OG0000631	AMC58481.1	AAS03209.1
OG0000632	AMC58482.1	AAS03210.1
OG0000633	AMC58483.1	AAS03212.1
OG0000634	AMC58484.1	AAS03213.1
OG0000635	AMC58485.1	AAS03214.1
OG0000636	AMC58487.1	AAS03217.1
OG0000637	AMC58488.1	AAS03218.1
OG0000638	AMC58489.1	AAS03219.1
OG0000639	AMC58490.1	AAS03220.1
OG0000640	AMC58503.1	AAS03225.1
OG0000641	AMC58507.1	AAS02397.1
OG0000642	AMC58519.1	AAS03232.1
OG0000643	AMC58521.1	AAS03233.1
OG0000644	AMC58522.1	AAS03234.1
OG0000645	AMC58523.1	AAS03235.1
OG0000646	AMC58524.1	AAS03236.1
OG0000647	AMC58525.1	AAS03237.1
OG0000648	AMC58529.1, AMC58528.1	AAS06756.1
OG0000649	AMC58534.1	AAS03239.1
OG0000650	AMC58535.1	AAS03240.1
OG0000651	AMC58536.1	AAS03241.1
OG0000652	AMC58538.1	AAS03242.1
OG0000653	AMC58539.1	AAS03243.1
OG0000654	AMC58540.1	AAS03244.1
OG0000655	AMC58543.1	AAS03255.1
OG0000656	AMC58547.1	AAS03260.1
OG0000657	AMC58549.1	AAS03261.1
OG0000658	AMC58553.1	AAS03265.1, AAS03268.1
OG0000659	AMC58554.1	AAS03289.1
OG0000660	AMC58555.1	AAS03290.1
OG0000661	AMC58556.1	AAS03291.1
OG0000662	AMC58557.1	AAS03292.1
OG0000663	AMC58558.1	AAS03293.1
OG0000664	AMC58559.1	AAS03294.1
OG0000665	AMC58560.1	AAS03295.1
OG0000666	AMC58561.1	AAS03296.1
OG0000667	AMC58562.1	AAS03298.1
OG0000668	AMC58563.1	AAS03300.1
OG0000669	AMC58564.1	AAS03301.1
OG0000670	AMC58567.1	AAS03304.1
OG0000671	AMC58572.1	AAS03308.1
OG0000672	AMC58573.1	AAS03309.1
OG0000673	AMC58575.1	AAS03310.1
OG0000674	AMC58630.1	AAS03335.1
OG0000675	AMC58631.1	AAS03336.1
OG0000676	AMC58636.1	AAS03342.1
OG0000677	AMC58638.1	AAS03344.1
OG0000678	AMC58639.1	AAS03345.1
OG0000679	AMC58641.1	AAS05024.1
OG0000680	AMC58644.1	AAS05020.1
OG0000682	AMC58654.1	AAS05017.1
OG0000683	AMC58656.1	AAS05015.1
OG0000684	AMC58657.1	AAS05014.1
OG0000685	AMC58658.1	AAS05013.1
OG0000686	AMC58660.1	AAS05010.1
OG0000687	AMC58661.1	AAS05009.1
OG0000688	AMC58662.1	AAS05008.1
OG0000689	AMC58669.1	AAS05005.1
OG0000690	AMC58670.1	AAS05004.1
OG0000691	AMC58671.1	AAS05003.1
OG0000692	AMC58672.1	AAS05002.1
OG0000693	AMC58673.1	AAS05001.1
OG0000694	AMC58674.1	AAS05000.1
OG0000695	AMC58675.1	AAS04999.1
OG0000696	AMC58686.1	AAS04004.1, AAS04988.1
OG0000697	AMC58692.1	AAS04981.1
OG0000698	AMC58698.1	AAS04644.1, AAS04979.1
OG0000699	AMC58699.1	AAS04978.1
OG0000700	AMC58711.1	AAS04954.1, AAS05664.1
OG0000701	AMC58713.1	AAS04641.1, AAS04952.1
OG0000702	AMC58714.1	AAS06755.1, AAS04951.1
OG0000703	AMC58722.1	AAS04947.1
OG0000704	AMC58726.1	AAS04943.1
OG0000705	AMC58728.1	AAS04942.1
OG0000706	AMC58729.1	AAS04941.1
OG0000707	AMC58730.1	AAS04940.1
OG0000708	AMC58733.1	AAS02686.1, AAS04936.1
OG0000709	AMC58736.1	AAS04933.1
OG0000710	AMC58737.1	AAS04932.1
OG0000711	AMC58743.1	AAS04929.1
OG0000712	AMC58745.1	AAS04928.1
OG0000713	AMC58750.1	AAS04923.1
OG0000714	AMC58755.1	AAS04551.1
OG0000715	AMC58764.1	AAS04897.1
OG0000716	AMC58771.1	AAS04895.1
OG0000717	AMC58772.1	AAS04891.1
OG0000718	AMC58775.1	AAS04889.1
OG0000719	AMC58777.1	AAS04887.1
OG0000720	AMC58778.1	AAS04886.1
OG0000721	AMC58779.1	AAS04885.1
OG0000722	AMC58780.1	AAS04884.1
OG0000723	AMC58783.1	AAS04881.1
OG0000724	AMC58790.1	AAS04875.1
OG0000725	AMC58791.1	AAS04874.1
OG0000726	AMC58792.1	AAS04873.1
OG0000727	AMC58793.1	AAS04872.1
OG0000728	AMC58794.1	AAS04871.1
OG0000729	AMC58800.1	AAS04870.1
OG0000730	AMC58801.1	AAS02903.1, AAS04869.1
OG0000731	AMC58803.1	AAS04382.1, AAS04867.1
OG0000732	AMC58807.1	AAS04865.1
OG0000733	AMC58809.1	AAS04864.1
OG0000734	AMC58810.1	AAS04863.1
OG0000735	AMC58811.1	AAS04862.1
OG0000736	AMC58812.1	AAS04859.1
OG0000737	AMC58814.1	AAS04858.1
OG0000738	AMC58819.1	AAS04856.1
OG0000739	AMC58823.1	AAS04853.1
OG0000740	AMC58824.1	AAS04852.1
OG0000741	AMC58826.1	AAS04850.1
OG0000742	AMC58827.1	AAS04839.1
OG0000743	AMC58829.1	AAS04837.1
OG0000744	AMC58833.1, AMC58832.1	AAS04834.1
OG0000745	AMC58835.1	AAS04832.1
OG0000746	AMC58839.1	AAS02898.1, AAS04826.1
OG0000747	AMC58851.1	AAS04817.1
OG0000748	AMC58853.1	AAS04816.1
OG0000749	AMC58854.1	AAS04815.1
OG0000750	AMC58855.1	AAS04814.1
OG0000751	AMC58856.1	AAS04813.1
OG0000752	AMC58857.1	AAS04811.1
OG0000753	AMC58858.1	AAS04810.1
OG0000754	AMC58859.1	AAS06234.1, AAS03273.1
OG0000755	AMC58860.1	AAS04808.1
OG0000756	AMC58861.1	AAS04807.1
OG0000757	AMC58862.1	AAS04806.1
OG0000758	AMC58863.1	AAS04805.1
OG0000759	AMC58866.1	AAS04801.1, AAS04916.1
OG0000760	AMC58873.1	AAS04787.1
OG0000761	AMC58875.1	AAS04785.1
OG0000762	AMC58876.1	AAS04784.1
OG0000763	AMC58878.1	AAS04783.1
OG0000764	AMC58881.1	AAS04779.1
OG0000765	AMC58884.1	AAS04777.1
OG0000766	AMC58885.1	AAS04776.1
OG0000767	AMC58886.1	AAS04775.1
OG0000768	AMC58887.1	AAS04774.1
OG0000769	AMC58888.1	AAS04773.1
OG0000770	AMC58889.1	AAS04772.1
OG0000771	AMC58890.1	AAS04771.1
OG0000772	AMC58891.1	AAS04770.1
OG0000773	AMC58892.1	AAS04769.1
OG0000774	AMC58893.1	AAS04768.1
OG0000775	AMC58894.1	AAS04767.1
OG0000776	AMC58895.1	AAS04766.1
OG0000777	AMC58898.1	AAS04765.1
OG0000778	AMC58899.1	AAS04764.1
OG0000779	AMC58900.1	AAS04762.1
OG0000780	AMC58906.1	AAS04756.1
OG0000781	AMC58908.1	AAS04754.1
OG0000782	AMC58909.1	AAS04753.1
OG0000783	AMC58910.1	AAS04752.1
OG0000784	AMC58917.1	AAS04746.1
OG0000785	AMC58918.1	AAS04745.1
OG0000786	AMC58919.1	AAS04744.1
OG0000787	AMC58923.1	AAS04742.1
OG0000788	AMC58924.1	AAS04741.1
OG0000789	AMC58925.1	AAS04740.1
OG0000790	AMC58926.1	AAS04739.1
OG0000791	AMC58927.1	AAS04737.1
OG0000792	AMC58928.1	AAS04736.1
OG0000793	AMC58929.1	AAS04735.1
OG0000794	AMC58930.1	AAS02342.1, AAS03872.1
OG0000795	AMC58931.1	AAS02343.1, AAS03871.1
OG0000796	AMC58933.1	AAS03869.1, AAS05697.1
OG0000797	AMC58944.1	AAS03665.1
OG0000798	AMC58951.1, AMC58952.1	AAS06474.1
OG0000799	AMC58971.1	AAS03432.1
OG0000800	AMC58972.1	AAS03433.1
OG0000801	AMC58974.1	AAS03435.1
OG0000802	AMC58975.1	AAS03436.1
OG0000803	AMC58977.1	AAS03437.1
OG0000804	AMC58981.1	AAS03439.1
OG0000805	AMC58982.1	AAS03440.1
OG0000806	AMC58983.1	AAS03441.1
OG0000807	AMC58984.1	AAS03442.1
OG0000808	AMC58985.1	AAS03443.1
OG0000809	AMC58995.1	AAS03447.1
OG0000810	AMC58997.1	AAS03448.1
OG0000811	AMC58998.1	AAS03449.1
OG0000812	AMC58999.1	AAS03450.1
OG0000813	AMC59001.1	AAS03452.1
OG0000814	AMC59003.1	AAS03453.1
OG0000815	AMC59004.1	AAS03454.1
OG0000816	AMC59005.1	AAS03455.1
OG0000817	AMC59006.1	AAS03456.1
OG0000818	AMC59009.1	AAS03457.1
OG0000819	AMC59010.1	AAS03458.1
OG0000820	AMC59011.1	AAS03459.1
OG0000821	AMC59014.1	AAS03463.1
OG0000822	AMC59015.1	AAS03464.1
OG0000823	AMC59016.1	AAS03465.1
OG0000824	AMC59017.1	AAS03466.1
OG0000825	AMC59021.1	AAS06047.1, AAS03476.1
OG0000826	AMC59022.1	AAS03477.1, AAS05266.1
OG0000827	AMC59028.1	AAS06362.1
OG0000828	AMC59030.1	AAS03481.1
OG0000829	AMC59031.1	AAS03482.1
OG0000830	AMC59032.1	AAS03483.1
OG0000831	AMC59036.1	AAS03484.1
OG0000832	AMC59038.1	AAS02685.1, AAS06651.1
OG0000833	AMC59043.1	AAS03491.1
OG0000834	AMC59044.1	AAS03492.1
OG0000835	AMC59046.1	AAS03494.1
OG0000836	AMC59047.1	AAS03495.1
OG0000837	AMC59052.1	AAS03496.1
OG0000838	AMC59058.1	AAS03499.1
OG0000839	AMC59059.1	AAS03500.1
OG0000840	AMC59060.1	AAS03501.1
OG0000841	AMC59061.1	AAS03502.1
OG0000842	AMC59062.1	AAS03503.1
OG0000843	AMC59063.1	AAS03504.1
OG0000844	AMC59064.1	AAS03505.1
OG0000845	AMC59065.1	AAS03506.1
OG0000846	AMC59066.1	AAS03507.1
OG0000847	AMC59067.1	AAS03508.1
OG0000848	AMC59068.1	AAS03509.1
OG0000849	AMC59073.1	AAS03513.1
OG0000850	AMC59075.1	AAS03515.1
OG0000851	AMC59077.1	AAS03517.1
OG0000852	AMC59078.1	AAS03518.1
OG0000853	AMC59081.1	AAS03519.1
OG0000854	AMC59082.1	AAS03520.1
OG0000855	AMC59084.1	AAS03521.1
OG0000856	AMC59085.1	AAS03522.1
OG0000857	AMC59086.1	AAS03523.1
OG0000858	AMC59089.1	AAS03526.1
OG0000859	AMC59090.1	AAS03527.1
OG0000860	AMC59091.1	AAS03528.1
OG0000861	AMC59092.1	AAS03529.1
OG0000862	AMC59093.1	AAS03530.1
OG0000863	AMC59100.1	AAS03542.1
OG0000864	AMC59126.1	AAS06311.1, AAS03735.1
OG0000865	AMC59150.1	AAS06802.1, AAS03562.1
OG0000866	AMC59151.1	AAS03563.1
OG0000867	AMC59152.1	AAS02495.1, AAS03565.1
OG0000868	AMC59153.1	AAS03566.1
OG0000869	AMC59154.1	AAS03567.1
OG0000870	AMC59155.1	AAS03568.1
OG0000871	AMC59159.1	AAS06406.1, AAS03572.1
OG0000872	AMC59161.1	AAS03812.1, AAS03573.1
OG0000873	AMC59162.1	AAS03574.1
OG0000874	AMC59164.1	AAS03577.1, AAS04026.1
OG0000875	AMC59171.1	AAS06709.1, AAS05600.1
OG0000876	AMC59175.1	AAS03581.1
OG0000877	AMC59180.1	AAS05810.1, AAS03587.1
OG0000878	AMC59182.1	AAS03589.1
OG0000879	AMC59184.1	AAS03591.1
OG0000880	AMC59185.1	AAS03592.1
OG0000881	AMC59186.1	AAS03593.1
OG0000882	AMC59189.1	AAS03600.1
OG0000883	AMC59190.1	AAS03601.1
OG0000884	AMC59191.1	AAS03602.1
OG0000885	AMC59192.1	AAS03603.1, AAS06839.1
OG0000886	AMC59193.1	AAS03605.1
OG0000887	AMC59194.1	AAS03606.1
OG0000888	AMC59196.1	AAS03608.1
OG0000889	AMC59199.1	AAS03610.1
OG0000890	AMC59200.1	AAS03611.1
OG0000891	AMC59201.1	AAS03612.1
OG0000892	AMC59202.1	AAS03613.1
OG0000893	AMC59203.1	AAS03614.1
OG0000894	AMC59204.1	AAS03615.1, AAS06698.1
OG0000895	AMC59205.1	AAS03616.1
OG0000896	AMC59206.1	AAS03617.1
OG0000897	AMC59207.1	AAS03618.1
OG0000898	AMC59209.1	AAS03620.1
OG0000899	AMC59210.1	AAS03621.1
OG0000900	AMC59211.1	AAS03622.1
OG0000901	AMC59212.1	AAS03623.1
OG0000902	AMC59213.1	AAS03624.1
OG0000903	AMC59214.1	AAS03625.1
OG0000904	AMC59217.1	AAS03627.1
OG0000905	AMC59218.1	AAS03628.1
OG0000906	AMC59225.1	AAS03635.1
OG0000907	AMC59226.1	AAS03636.1
OG0000908	AMC59228.1	AAS03114.1, AAS03638.1
OG0000909	AMC59229.1	AAS03639.1
OG0000910	AMC59230.1	AAS03642.1
OG0000911	AMC59231.1	AAS03643.1
OG0000912	AMC59233.1	AAS03652.1
OG0000913	AMC59237.1	AAS03656.1
OG0000914	AMC59239.1	AAS03658.1
OG0000915	AMC59243.1	AAS03668.1
OG0000916	AMC59244.1	AAS03669.1
OG0000917	AMC59245.1	AAS03670.1
OG0000918	AMC59246.1	AAS03671.1
OG0000919	AMC59247.1	AAS03672.1
OG0000920	AMC59250.1	AAS03674.1
OG0000921	AMC59251.1	AAS02654.1, AAS03675.1
OG0000922	AMC59252.1	AAS03676.1
OG0000923	AMC59253.1	AAS03677.1
OG0000924	AMC59258.1	AAS03678.1
OG0000925	AMC59259.1	AAS03679.1
OG0000926	AMC59260.1	AAS03680.1
OG0000927	AMC59261.1	AAS03681.1
OG0000928	AMC59262.1	AAS03682.1
OG0000929	AMC59263.1	AAS03683.1
OG0000930	AMC59264.1	AAS03684.1
OG0000931	AMC59265.1	AAS03685.1
OG0000932	AMC59292.1	AAS03706.1
OG0000933	AMC59293.1	AAS03707.1
OG0000934	AMC59294.1	AAS03708.1, AAS04369.1
OG0000935	AMC59296.1	AAS03710.1, AAS06083.1
OG0000936	AMC59297.1	AAS03712.1
OG0000937	AMC59298.1	AAS03713.1
OG0000938	AMC59303.1	AAS03717.1
OG0000939	AMC59304.1	AAS03718.1
OG0000940	AMC59305.1	AAS03719.1
OG0000941	AMC59306.1	AAS03720.1
OG0000942	AMC59307.1	AAS03721.1
OG0000943	AMC59308.1	AAS03722.1
OG0000944	AMC59309.1	AAS03723.1
OG0000945	AMC59310.1	AAS03724.1, AAS04794.1
OG0000946	AMC59325.1	AAS03728.1
OG0000947	AMC59327.1	AAS03729.1
OG0000948	AMC59328.1	AAS03730.1
OG0000949	AMC59329.1	AAS03731.1
OG0000950	AMC59330.1	AAS03732.1
OG0000951	AMC59371.1	AAS06844.1, AAS03781.1
OG0000952	AMC59388.1	AAS04286.1, AAS03770.1
OG0000953	AMC59408.1	AAS03811.1
OG0000954	AMC59410.1	AAS03818.1
OG0000955	AMC59411.1	AAS03819.1
OG0000956	AMC59421.1	AAS03826.1
OG0000957	AMC59422.1	AAS03827.1
OG0000958	AMC59424.1	AAS03828.1
OG0000959	AMC59425.1	AAS03829.1
OG0000960	AMC59426.1	AAS03830.1
OG0000961	AMC59441.1	AAS03841.1, AAS03654.1
OG0000962	AMC59442.1, AMC59443.1	AAS03264.1
OG0000963	AMC59446.1	AAS05615.1, AAS03843.1
OG0000964	AMC59448.1	AAS03847.1, AAS03764.1
OG0000965	AMC59451.1	AAS03848.1
OG0000966	AMC59453.1	AAS03851.1
OG0000967	AMC59454.1	AAS03852.1
OG0000968	AMC59458.1	AAS03856.1
OG0000969	AMC59459.1	AAS03857.1
OG0000970	AMC59460.1	AAS03858.1
OG0000971	AMC59461.1	AAS03859.1
OG0000972	AMC59462.1	AAS03860.1
OG0000973	AMC59463.1	AAS03862.1
OG0000974	AMC59467.1	AAS03865.1
OG0000975	AMC59468.1	AAS03866.1
OG0000976	AMC59475.1	AAS03873.1
OG0000977	AMC59477.1	AAS03875.1
OG0000978	AMC59478.1	AAS03876.1
OG0000979	AMC59488.1	AAS03881.1
OG0000980	AMC59492.1	AAS03886.1
OG0000981	AMC59493.1	AAS03887.1
OG0000982	AMC59494.1	AAS03888.1
OG0000983	AMC59497.1	AAS03891.1, AAS04033.1
OG0000984	AMC59499.1	AAS03894.1, AAS03215.1
OG0000985	AMC59503.1	AAS03900.1
OG0000986	AMC59504.1	AAS03902.1
OG0000987	AMC59508.1	AAS03912.1
OG0000988	AMC59514.1	AAS03921.1, AAS03095.1
OG0000989	AMC59517.1	AAS03924.1
OG0000990	AMC59521.1, AMC59522.1	AAS03928.1
OG0000991	AMC59533.1	AAS03939.1
OG0000992	AMC59539.1	AAS03942.1
OG0000993	AMC59541.1	AAS03945.1
OG0000994	AMC59543.1	AAS03946.1
OG0000995	AMC59554.1	AAS03960.1
OG0000996	AMC59559.1	AAS03963.1
OG0000997	AMC59568.1	AAS04035.1, AAS05267.1
OG0000998	AMC59573.1, AMC59572.1	AAS03969.1
OG0000999	AMC59684.1	AAS04083.1
OG0001000	AMC59685.1	AAS04084.1
OG0001001	AMC59687.1	AAS04085.1
OG0001002	AMC59688.1	AAS04086.1
OG0001003	AMC59698.1	AAS04115.1
OG0001004	AMC59702.1	AAS04118.1, AAS06204.1
OG0001005	AMC59704.1	AAS04120.1
OG0001006	AMC59710.1	AAS02804.1, AAS06324.1
OG0001007	AMC59711.1	AAS04121.1
OG0001008	AMC59721.1	AAS04131.1
OG0001009	AMC59746.1	AAS04143.1
OG0001010	AMC59747.1	AAS04145.1
OG0001011	AMC59748.1	AAS04146.1
OG0001012	AMC59749.1	AAS04147.1
OG0001013	AMC59750.1	AAS04148.1
OG0001014	AMC59751.1	AAS04149.1
OG0001015	AMC59752.1	AAS04150.1
OG0001017	AMC59764.1	AAS04151.1
OG0001018	AMC59765.1	AAS04152.1
OG0001019	AMC59766.1	AAS04153.1
OG0001020	AMC59767.1	AAS04154.1
OG0001021	AMC59773.1	AAS04157.1
OG0001022	AMC59774.1	AAS04158.1
OG0001023	AMC59775.1	AAS04159.1
OG0001024	AMC59776.1	AAS04160.1
OG0001025	AMC59778.1	AAS04163.1
OG0001026	AMC59779.1	AAS04164.1
OG0001027	AMC59782.1	AAS04177.1
OG0001028	AMC59788.1	AAS04193.1
OG0001029	AMC59792.1	AAS04195.1
OG0001030	AMC59793.1	AAS04196.1
OG0001031	AMC59794.1	AAS04197.1
OG0001032	AMC59795.1	AAS03892.1
OG0001033	AMC59800.1	AAS04200.1
OG0001034	AMC59801.1	AAS04202.1
OG0001035	AMC59802.1	AAS04203.1
OG0001036	AMC59806.1	AAS04205.1
OG0001037	AMC59808.1	AAS04207.1
OG0001038	AMC59809.1	AAS04208.1
OG0001039	AMC59810.1	AAS04209.1
OG0001040	AMC59811.1	AAS04210.1
OG0001041	AMC59812.1	AAS04211.1
OG0001042	AMC59814.1	AAS04213.1
OG0001043	AMC59815.1	AAS04214.1
OG0001044	AMC59817.1	AAS04216.1
OG0001045	AMC59819.1	AAS04217.1
OG0001046	AMC59820.1	AAS04218.1
OG0001047	AMC59821.1	AAS04219.1
OG0001048	AMC59829.1	AAS04220.1
OG0001049	AMC59830.1	AAS04221.1
OG0001050	AMC59831.1	AAS04222.1
OG0001051	AMC59832.1	AAS04223.1
OG0001052	AMC59833.1	AAS04224.1
OG0001053	AMC59834.1	AAS04225.1
OG0001054	AMC59835.1	AAS04226.1
OG0001055	AMC59836.1	AAS04227.1
OG0001056	AMC59839.1	AAS04230.1
OG0001057	AMC59840.1	AAS04231.1
OG0001058	AMC59842.1	AAS04233.1
OG0001059	AMC59843.1	AAS04234.1
OG0001060	AMC59845.1	AAS04236.1
OG0001061	AMC59846.1	AAS04237.1
OG0001062	AMC59847.1	AAS04238.1
OG0001063	AMC59848.1	AAS04239.1
OG0001064	AMC59849.1	AAS04240.1
OG0001065	AMC59850.1	AAS04241.1
OG0001066	AMC59853.1	AAS04243.1
OG0001067	AMC59855.1	AAS04245.1
OG0001068	AMC59860.1	AAS04250.1
OG0001069	AMC59863.1	AAS04252.1
OG0001070	AMC59864.1	AAS04254.1
OG0001071	AMC59865.1	AAS04255.1
OG0001072	AMC59866.1	AAS04256.1
OG0001073	AMC59867.1	AAS04257.1
OG0001074	AMC59869.1	AAS04259.1
OG0001075	AMC59870.1	AAS04260.1
OG0001076	AMC59871.1	AAS04261.1
OG0001077	AMC59875.1	AAS04263.1
OG0001078	AMC59877.1	AAS04265.1
OG0001079	AMC59880.1	AAS04267.1
OG0001080	AMC59881.1	AAS04268.1
OG0001081	AMC59884.1	AAS04270.1
OG0001082	AMC59885.1	AAS04272.1
OG0001083	AMC59886.1	AAS04273.1
OG0001084	AMC59889.1	AAS04275.1
OG0001085	AMC59890.1	AAS04276.1
OG0001086	AMC59891.1	AAS04277.1
OG0001087	AMC59893.1	AAS04279.1
OG0001088	AMC59894.1	AAS04282.1
OG0001089	AMC59895.1	AAS04283.1
OG0001090	AMC59896.1	AAS04284.1
OG0001091	AMC59897.1	AAS04285.1
OG0001092	AMC59898.1	AAS04287.1
OG0001093	AMC59901.1	AAS04297.1
OG0001094	AMC59902.1	AAS04298.1
OG0001095	AMC59903.1	AAS04299.1
OG0001096	AMC59908.1	AAS04303.1
OG0001097	AMC59913.1	AAS04309.1
OG0001098	AMC59915.1	AAS04311.1
OG0001099	AMC59918.1	AAS04313.1
OG0001100	AMC59919.1	AAS04314.1
OG0001101	AMC59922.1	AAS04317.1
OG0001102	AMC59933.1	AAS04323.1
OG0001103	AMC59934.1	AAS04324.1
OG0001104	AMC59935.1	AAS04325.1
OG0001105	AMC59939.1	AAS06382.1, AAS04329.1
OG0001106	AMC59960.1	AAS05034.1, AAS04360.1
OG0001107	AMC59965.1	AAS04372.1
OG0001108	AMC59996.1	AAS04407.1
OG0001109	AMC59997.1	AAS04408.1
OG0001110	AMC59998.1	AAS04409.1
OG0001111	AMC60005.1	AAS04414.1
OG0001112	AMC60006.1	AAS04415.1
OG0001113	AMC60016.1	AAS04440.1
OG0001114	AMC60017.1	AAS04441.1
OG0001115	AMC60024.1	AAS04446.1
OG0001116	AMC60025.1	AAS04447.1
OG0001117	AMC60026.1	AAS04449.1
OG0001118	AMC60040.1	AAS04454.1
OG0001119	AMC60041.1	AAS04455.1
OG0001120	AMC60044.1	AAS04458.1
OG0001121	AMC60045.1	AAS04459.1
OG0001122	AMC60048.1	AAS04462.1
OG0001123	AMC60051.1	AAS04476.1
OG0001124	AMC60052.1	AAS04477.1
OG0001125	AMC60056.1	AAS04478.1
OG0001126	AMC60057.1	AAS04479.1
OG0001127	AMC60059.1	AAS04480.1
OG0001128	AMC60068.1	AAS04492.1
OG0001129	AMC60069.1	AAS04494.1, AAS06291.1
OG0001130	AMC60079.1	AAS04352.1, AAS04525.1
OG0001131	AMC60081.1	AAS04353.1, AAS04526.1
OG0001132	AMC60090.1	AAS04530.1
OG0001133	AMC60091.1	AAS04531.1
OG0001134	AMC60092.1	AAS04532.1, AAS03701.1
OG0001135	AMC60094.1	AAS04534.1
OG0001136	AMC60098.1	AAS04538.1
OG0001137	AMC60099.1	AAS04539.1
OG0001138	AMC60100.1	AAS04540.1
OG0001139	AMC60101.1	AAS04541.1
OG0001140	AMC60102.1	AAS04542.1
OG0001141	AMC60109.1	AAS04559.1
OG0001142	AMC60110.1	AAS04560.1
OG0001143	AMC60111.1	AAS04561.1
OG0001144	AMC60118.1	AAS04564.1
OG0001145	AMC60121.1	AAS03906.1
OG0001146	AMC60128.1	AAS04567.1, AAS03596.1
OG0001147	AMC60129.1	AAS02616.1, AAS04568.1
OG0001148	AMC60131.1	AAS04575.1
OG0001149	AMC60133.1	AAS04580.1
OG0001150	AMC60134.1	AAS04581.1
OG0001151	AMC60135.1	AAS04582.1
OG0001152	AMC60136.1	AAS04583.1
OG0001153	AMC60139.1	AAS04584.1
OG0001154	AMC60140.1	AAS04585.1
OG0001155	AMC60141.1	AAS04586.1
OG0001156	AMC60142.1	AAS04587.1
OG0001157	AMC60143.1	AAS04588.1
OG0001158	AMC60150.1	AAS04595.1
OG0001159	AMC60151.1	AAS04596.1
OG0001160	AMC60153.1	AAS04597.1
OG0001161	AMC60154.1	AAS04598.1
OG0001162	AMC60155.1	AAS04599.1
OG0001163	AMC60158.1	AAS04602.1
OG0001164	AMC60159.1	AAS04603.1
OG0001165	AMC60160.1	AAS04604.1
OG0001166	AMC60162.1	AAS04605.1
OG0001167	AMC60165.1	AAS04608.1
OG0001168	AMC60171.1	AAS04611.1
OG0001169	AMC60172.1	AAS04612.1
OG0001170	AMC60174.1	AAS04615.1
OG0001171	AMC60175.1	AAS04616.1
OG0001172	AMC60176.1	AAS04617.1
OG0001173	AMC60194.1	AAS03804.1, AAS04625.1
OG0001174	AMC60195.1	AAS04626.1, AAS03805.1
OG0001175	AMC60702.1, AMC60199.1	AAS04630.1
OG0001176	AMC60206.1	AAS04633.1
OG0001177	AMC60207.1	AAS04634.1
OG0001178	AMC60208.1	AAS04635.1
OG0001179	AMC60210.1	AAS04637.1
OG0001180	AMC60221.1	AAS04645.1
OG0001181	AMC60222.1	AAS04646.1
OG0001182	AMC60223.1	AAS04647.1
OG0001183	AMC60224.1	AAS04648.1
OG0001184	AMC60226.1	AAS04649.1
OG0001185	AMC60235.1	AAS03417.1
OG0001186	AMC60237.1	AAS03415.1
OG0001187	AMC60238.1	AAS03414.1
OG0001188	AMC60239.1	AAS03413.1
OG0001189	AMC60240.1	AAS03412.1
OG0001190	AMC60241.1	AAS03411.1
OG0001191	AMC60242.1	AAS03410.1
OG0001192	AMC60243.1	AAS03409.1
OG0001193	AMC60245.1	AAS03408.1
OG0001194	AMC60258.1	AAS03397.1
OG0001195	AMC60259.1	AAS03396.1
OG0001196	AMC60260.1	AAS03395.1
OG0001197	AMC60261.1	AAS03394.1
OG0001198	AMC60265.1	AAS03389.1
OG0001199	AMC60268.1	AAS04373.1
OG0001200	AMC60273.1	AAS03387.1
OG0001201	AMC60275.1	AAS03385.1
OG0001202	AMC60277.1	AAS06229.1, AAS03383.1
OG0001203	AMC60278.1	AAS03380.1
OG0001204	AMC60279.1	AAS06566.1, AAS03379.1
OG0001205	AMC60282.1	AAS03373.1, AAS03093.1
OG0001206	AMC60286.1	AAS03369.1
OG0001207	AMC60287.1	AAS03368.1
OG0001208	AMC60290.1	AAS03364.1
OG0001209	AMC60292.1	AAS03362.1
OG0001210	AMC60293.1	AAS03361.1
OG0001211	AMC60294.1	AAS03360.1
OG0001212	AMC60296.1	AAS03359.1
OG0001213	AMC60297.1	AAS03358.1
OG0001214	AMC60298.1	AAS03357.1
OG0001215	AMC60300.1	AAS03355.1
OG0001216	AMC60301.1	AAS03354.1
OG0001217	AMC60302.1	AAS03353.1
OG0001218	AMC60311.1	AAS03347.1
OG0001219	AMC60312.1	AAS05025.1
OG0001220	AMC60313.1	AAS05026.1, AAS04046.1
OG0001221	AMC60314.1	AAS05027.1
OG0001222	AMC60317.1	AAS05028.1
OG0001223	AMC60318.1	AAS05029.1
OG0001224	AMC60319.1	AAS05030.1
OG0001225	AMC60320.1	AAS05031.1
OG0001226	AMC60321.1	AAS05032.1
OG0001227	AMC60322.1	AAS05033.1
OG0001228	AMC60350.1	AAS05057.1
OG0001229	AMC60383.1	AAS05109.1
OG0001230	AMC60384.1	AAS05110.1
OG0001231	AMC60387.1	AAS05114.1
OG0001232	AMC60388.1	AAS05115.1
OG0001233	AMC60390.1	AAS05116.1
OG0001234	AMC60392.1	AAS05118.1
OG0001235	AMC60393.1	AAS05119.1
OG0001236	AMC60395.1	AAS05121.1
OG0001237	AMC60407.1	AAS05129.1
OG0001238	AMC60408.1	AAS05130.1
OG0001239	AMC60409.1	AAS05131.1
OG0001240	AMC60410.1	AAS05132.1
OG0001241	AMC60412.1	AAS05134.1
OG0001242	AMC60413.1	AAS05135.1
OG0001243	AMC60414.1	AAS05136.1
OG0001244	AMC60415.1	AAS05137.1
OG0001245	AMC60419.1	AAS05140.1
OG0001246	AMC60420.1	AAS05141.1
OG0001247	AMC60421.1	AAS05142.1
OG0001248	AMC60422.1	AAS05143.1
OG0001249	AMC60426.1	AAS05148.1
OG0001250	AMC60429.1	AAS05150.1
OG0001251	AMC60430.1	AAS05151.1
OG0001252	AMC60431.1	AAS05152.1
OG0001253	AMC60432.1	AAS05153.1
OG0001254	AMC60433.1	AAS05154.1
OG0001255	AMC60436.1	AAS06427.1, AAS04030.1
OG0001256	AMC60437.1	AAS05156.1
OG0001257	AMC60438.1	AAS05157.1
OG0001258	AMC60439.1	AAS05158.1
OG0001259	AMC60440.1	AAS05159.1
OG0001260	AMC60444.1	AAS05162.1
OG0001261	AMC60445.1	AAS05163.1
OG0001262	AMC60448.1	AAS05164.1
OG0001263	AMC60449.1	AAS05165.1
OG0001264	AMC60450.1	AAS05167.1
OG0001265	AMC60451.1	AAS05168.1
OG0001266	AMC60452.1	AAS05169.1
OG0001267	AMC60459.1	AAS05174.1
OG0001268	AMC60460.1	AAS05175.1
OG0001269	AMC60465.1	AAS05180.1
OG0001270	AMC60466.1	AAS05181.1
OG0001271	AMC60467.1	AAS05182.1
OG0001272	AMC60475.1	AAS05185.1
OG0001273	AMC60476.1	AAS05186.1
OG0001274	AMC60483.1	AAS05193.1
OG0001275	AMC60485.1	AAS05194.1
OG0001276	AMC60489.1	AAS05831.1, AAS05201.1
OG0001277	AMC60490.1	AAS05833.1, AAS05203.1
OG0001278	AMC60496.1	AAS05207.1
OG0001279	AMC60497.1	AAS05208.1
OG0001280	AMC60499.1	AAS05209.1
OG0001281	AMC60500.1	AAS05210.1
OG0001282	AMC60507.1	AAS05215.1
OG0001283	AMC60508.1	AAS05216.1
OG0001284	AMC60509.1	AAS05217.1
OG0001285	AMC60557.1	AAS05223.1
OG0001286	AMC60558.1	AAS05224.1
OG0001287	AMC60559.1	AAS05226.1
OG0001288	AMC60561.1	AAS05228.1
OG0001289	AMC60562.1	AAS05229.1
OG0001290	AMC60574.1	AAS04161.1, AAS05240.1
OG0001291	AMC60580.1	AAS05247.1
OG0001292	AMC60583.1	AAS05251.1
OG0001293	AMC60586.1	AAS05253.1
OG0001294	AMC60590.1	AAS05255.1
OG0001295	AMC60591.1	AAS05256.1
OG0001296	AMC60592.1	AAS05257.1
OG0001297	AMC60602.1	AAS05261.1
OG0001298	AMC60603.1	AAS05262.1
OG0001299	AMC60604.1	AAS05263.1
OG0001300	AMC60609.1	AAS05271.1
OG0001301	AMC60610.1	AAS05272.1
OG0001302	AMC60611.1	AAS05273.1
OG0001303	AMC60616.1	AAS05275.1
OG0001304	AMC60617.1	AAS04181.1, AAS05277.1
OG0001305	AMC60619.1	AAS05279.1, AAS03901.1
OG0001306	AMC60620.1	AAS05282.1
OG0001307	AMC60623.1	AAS05286.1
OG0001308	AMC60624.1	AAS05287.1
OG0001309	AMC60625.1	AAS05288.1
OG0001310	AMC60626.1	AAS05289.1
OG0001311	AMC60628.1	AAS05291.1
OG0001312	AMC60629.1	AAS05292.1
OG0001313	AMC60630.1	AAS05293.1
OG0001314	AMC60631.1	AAS05294.1
OG0001315	AMC60632.1	AAS03034.1, AAS05295.1
OG0001316	AMC60635.1	AAS05298.1, AAS03795.1
OG0001317	AMC60639.1	AAS05300.1
OG0001318	AMC60640.1	AAS05302.1
OG0001319	AMC60644.1	AAS03711.1, AAS05305.1
OG0001320	AMC60645.1	AAS05306.1
OG0001321	AMC60646.1	AAS05307.1
OG0001322	AMC60649.1	AAS05311.1
OG0001323	AMC60650.1	AAS05312.1
OG0001324	AMC60651.1	AAS05313.1
OG0001325	AMC60652.1	AAS05314.1
OG0001326	AMC60662.1	AAS03555.1
OG0001327	AMC60680.1	AAS02376.1
OG0001328	AMC60699.1	AAS05550.1
OG0001329	AMC60700.1	AAS05551.1
OG0001330	AMC60703.1	AAS05552.1
OG0001331	AMC60704.1	AAS05553.1
OG0001332	AMC60708.1	AAS05557.1
OG0001333	AMC60711.1	AAS05564.1
OG0001334	AMC60712.1	AAS05565.1
OG0001335	AMC60715.1	AAS05566.1
OG0001336	AMC60719.1	AAS05569.1
OG0001337	AMC60720.1	AAS05570.1
OG0001338	AMC60721.1	AAS05571.1
OG0001339	AMC60722.1	AAS05572.1
OG0001340	AMC60725.1	AAS03009.1, AAS05575.1
OG0001341	AMC60728.1	AAS05577.1
OG0001342	AMC60729.1	AAS05578.1
OG0001343	AMC60740.1	AAS05584.1
OG0001344	AMC60741.1	AAS05585.1
OG0001345	AMC60744.1	AAS05588.1
OG0001346	AMC60745.1	AAS05589.1
OG0001347	AMC60748.1	AAS05590.1
OG0001348	AMC60749.1	AAS05592.1
OG0001349	AMC60750.1	AAS05593.1
OG0001350	AMC60751.1	AAS05594.1
OG0001351	AMC60753.1	AAS05595.1
OG0001352	AMC60755.1	AAS05603.1
OG0001353	AMC60761.1	AAS05605.1
OG0001354	AMC60762.1	AAS05606.1
OG0001355	AMC60765.1	AAS05608.1
OG0001356	AMC60766.1	AAS05609.1
OG0001357	AMC60767.1	AAS05610.1
OG0001358	AMC60768.1	AAS05611.1
OG0001359	AMC60769.1	AAS05612.1
OG0001360	AMC60772.1	AAS05630.1
OG0001361	AMC60773.1	AAS05631.1
OG0001362	AMC60776.1	AAS05634.1
OG0001363	AMC60779.1	AAS05637.1
OG0001364	AMC60780.1	AAS05638.1
OG0001365	AMC60781.1	AAS05639.1
OG0001366	AMC60782.1	AAS05640.1
OG0001367	AMC60788.1	AAS05647.1
OG0001368	AMC60789.1	AAS05648.1
OG0001369	AMC60790.1	AAS05649.1
OG0001370	AMC60791.1	AAS05650.1
OG0001371	AMC60795.1	AAS05655.1
OG0001372	AMC57730.1, AMC60828.1	AAS05191.1
OG0001373	AMC60838.1	AAS04288.1, AAS02602.1
OG0001374	AMC60843.1	AAS05718.1
OG0001375	AMC60844.1	AAS05719.1
OG0001376	AMC60848.1	AAS05723.1
OG0001377	AMC60849.1	AAS05724.1
OG0001378	AMC60876.1	AAS05725.1, AAS05820.1
OG0001379	AMC60878.1	AAS05821.1, AAS04063.1
OG0001380	AMC60885.1	AAS05735.1
OG0001381	AMC60887.1	AAS05736.1
OG0001382	AMC60888.1	AAS05737.1
OG0001383	AMC60898.1	AAS03055.1, AAS05754.1
OG0001384	AMC60899.1, AMC60900.1	AAS05755.1
OG0001385	AMC60902.1	AAS05757.1, AAS02412.1
OG0001386	AMC60919.1	AAS06861.1, AAS05773.1
OG0001387	AMC60920.1	AAS05776.1, AAS02464.1
OG0001388	AMC60942.1	AAS06404.1, AAS04141.1
OG0001389	AMC60946.1	AAS05842.1
OG0001390	AMC60947.1	AAS05843.1
OG0001391	AMC60950.1	AAS05845.1
OG0001392	AMC60951.1	AAS05846.1
OG0001393	AMC60953.1	AAS05847.1
OG0001394	AMC60964.1	AAS05855.1
OG0001395	AMC60965.1	AAS05856.1
OG0001396	AMC60966.1	AAS05857.1
OG0001397	AMC60967.1	AAS05858.1
OG0001398	AMC60968.1	AAS05859.1
OG0001399	AMC60970.1	AAS05860.1
OG0001400	AMC60973.1	AAS05863.1
OG0001401	AMC60976.1	AAS05866.1
OG0001402	AMC60978.1	AAS05868.1
OG0001403	AMC60981.1	AAS05870.1
OG0001404	AMC60982.1	AAS05871.1
OG0001405	AMC60983.1	AAS05872.1
OG0001406	AMC60990.1	AAS05883.1
OG0001407	AMC60991.1	AAS05884.1
OG0001408	AMC60992.1	AAS05885.1
OG0001409	AMC60994.1	AAS06095.1, AAS05894.1
OG0001410	AMC60999.1	AAS05899.1
OG0001411	AMC61000.1	AAS05900.1
OG0001412	AMC61003.1	AAS05904.1
OG0001413	AMC61004.1	AAS05905.1
OG0001414	AMC61005.1	AAS05906.1
OG0001415	AMC61007.1	AAS05908.1
OG0001416	AMC61008.1	AAS05909.1
OG0001417	AMC61009.1	AAS05910.1
OG0001418	AMC61010.1	AAS05911.1
OG0001419	AMC61011.1	AAS05912.1
OG0001420	AMC61018.1	AAS05917.1
OG0001421	AMC61019.1	AAS05918.1
OG0001422	AMC61020.1	AAS05919.1
OG0001423	AMC61021.1	AAS05921.1
OG0001424	AMC61022.1	AAS05922.1
OG0001425	AMC61023.1	AAS05924.1
OG0001426	AMC61024.1	AAS05925.1
OG0001427	AMC61026.1	AAS05926.1
OG0001428	AMC61027.1	AAS05928.1
OG0001429	AMC61028.1	AAS05929.1
OG0001430	AMC61029.1	AAS05930.1
OG0001431	AMC61030.1	AAS05931.1
OG0001432	AMC61032.1	AAS05933.1
OG0001433	AMC61038.1	AAS05942.1
OG0001434	AMC61040.1	AAS05943.1
OG0001435	AMC61042.1	AAS05944.1
OG0001436	AMC61043.1	AAS05945.1
OG0001437	AMC61044.1	AAS05946.1
OG0001438	AMC61045.1	AAS05947.1
OG0001439	AMC61046.1	AAS05949.1
OG0001440	AMC61048.1	AAS05951.1
OG0001441	AMC61049.1	AAS05952.1
OG0001442	AMC61053.1	AAS03791.1, AAS05956.1
OG0001443	AMC61058.1	AAS02542.1, AAS05961.1
OG0001444	AMC61062.1	AAS05964.1
OG0001445	AMC61066.1	AAS05967.1
OG0001449	AMC61088.1	AAS05993.1
OG0001450	AMC61089.1	AAS05994.1
OG0001451	AMC61103.1	AAS05998.1
OG0001452	AMC61108.1	AAS04652.1, AAS03576.1
OG0001453	AMC61110.1	AAS03999.1, AAS06002.1
OG0001454	AMC61111.1	AAS06003.1
OG0001455	AMC61117.1	AAS06008.1
OG0001457	AMC61128.1	AAS06011.1
OG0001458	AMC61130.1	AAS06013.1
OG0001459	AMC61140.1	AAS06024.1
OG0001460	AMC61147.1	AAS06028.1
OG0001461	AMC61167.1	AAS06031.1, AAS02586.1
OG0001462	AMC61174.1	AAS06039.1
OG0001463	AMC61178.1	AAS06041.1
OG0001464	AMC61179.1	AAS06042.1
OG0001465	AMC61189.1	AAS06830.1
OG0001466	AMC61190.1	AAS06829.1
OG0001467	AMC61191.1	AAS06828.1
OG0001468	AMC61192.1	AAS06827.1
OG0001469	AMC61195.1	AAS06824.1
OG0001470	AMC61196.1	AAS06823.1
OG0001471	AMC61198.1	AAS06814.1
OG0001472	AMC61199.1	AAS06813.1
OG0001473	AMC61201.1	AAS06811.1
OG0001474	AMC61202.1	AAS06810.1
OG0001475	AMC61203.1	AAS06808.1
OG0001476	AMC61222.1	AAS06806.1
OG0001477	AMC61225.1	AAS06803.1
OG0001478	AMC61227.1	AAS06801.1
OG0001479	AMC61230.1	AAS06797.1
OG0001480	AMC61231.1	AAS06796.1
OG0001481	AMC61232.1	AAS06795.1
OG0001482	AMC61233.1	AAS06794.1
OG0001483	AMC61243.1	AAS06785.1
OG0001484	AMC61244.1	AAS06784.1
OG0001485	AMC61245.1	AAS06783.1
OG0001486	AMC61246.1	AAS06782.1
OG0001487	AMC61247.1	AAS06781.1
OG0001488	AMC61248.1	AAS06780.1
OG0001489	AMC61249.1	AAS06778.1
OG0001490	AMC61251.1	AAS06775.1
OG0001491	AMC61260.1	AAS05301.1, AAS02899.1
OG0001492	AMC61266.1	AAS06356.1, AAS06357.1
OG0001493	AMC61275.1	AAS02890.1
OG0001494	AMC61290.1	AAS02875.1, AAS04905.1
OG0001495	AMC61299.1	AAS02870.1
OG0001496	AMC61300.1	AAS02869.1, AAS04704.1
OG0001497	AMC61322.1	AAS02862.1
OG0001498	AMC61339.1	AAS02848.1, AAS04048.1
OG0001499	AMC61352.1	AAS02834.1, AAS02665.1
OG0001500	AMC61356.1	AAS06178.1, AAS02830.1
OG0001501	AMC61378.1	AAS02808.1, AAS05095.1
OG0001502	AMC61384.1	AAS02796.1
OG0001503	AMC61385.1	AAS02795.1
OG0001504	AMC61386.1	AAS02794.1
OG0001505	AMC61387.1	AAS02793.1
OG0001506	AMC61388.1	AAS02792.1
OG0001507	AMC61389.1	AAS02791.1
OG0001508	AMC61390.1	AAS03172.1, AAS02790.1
OG0001509	AMC61393.1	AAS02788.1
OG0001510	AMC61394.1	AAS02787.1
OG0001511	AMC61395.1	AAS02786.1
OG0001512	AMC61398.1	AAS02785.1
OG0001513	AMC61399.1	AAS02784.1
OG0001514	AMC61400.1	AAS02783.1
OG0001515	AMC61403.1	AAS02778.1
OG0001516	AMC61404.1	AAS02777.1
OG0001517	AMC61405.1	AAS02776.1
OG0001518	AMC61406.1	AAS02775.1
OG0001519	AMC61407.1	AAS02774.1
OG0001520	AMC61408.1	AAS02773.1
OG0001521	AMC61409.1	AAS02772.1
OG0001522	AMC61410.1	AAS02771.1
OG0001523	AMC61411.1	AAS02770.1
OG0001524	AMC61412.1	AAS02769.1
OG0001525	AMC61413.1	AAS02768.1
OG0001526	AMC61414.1	AAS02767.1
OG0001527	AMC61415.1	AAS02766.1
OG0001528	AMC61416.1	AAS02765.1
OG0001530	AMC61424.1	AAS02756.1
OG0001531	AMC61425.1	AAS02755.1
OG0001532	AMC61427.1	AAS02753.1
OG0001533	AMC61428.1	AAS02752.1
OG0001534	AMC61429.1	AAS02751.1
OG0001535	AMC61431.1	AAS02749.1
OG0001536	AMC61432.1	AAS02748.1
OG0001537	AMC61435.1	AAS02746.1
OG0001538	AMC61444.1	AAS02744.1
OG0001539	AMC61446.1	AAS02742.1
OG0001540	AMC61447.1	AAS02741.1
OG0001541	AMC61465.1	AAS02730.1
OG0001542	AMC61466.1	AAS03407.1, AAS02729.1
OG0001543	AMC61467.1	AAS02728.1, AAS03406.1
OG0001544	AMC61468.1	AAS02727.1, AAS03405.1
OG0001545	AMC61471.1	AAS02723.1
OG0001546	AMC61472.1	AAS02722.1
OG0001547	AMC61473.1	AAS02721.1
OG0001548	AMC61474.1	AAS02720.1
OG0001549	AMC61475.1	AAS02719.1
OG0001550	AMC61476.1	AAS02718.1
OG0001551	AMC61477.1	AAS02717.1
OG0001552	AMC61480.1	AAS02714.1
OG0001553	AMC61481.1	AAS02713.1
OG0001554	AMC61483.1	AAS02712.1
OG0001555	AMC61484.1	AAS02711.1
OG0001556	AMC61485.1	AAS02710.1
OG0001557	AMC61486.1	AAS02709.1
OG0001558	AMC61487.1	AAS02708.1
OG0001559	AMC61500.1	AAS02673.1
OG0001560	AMC61505.1	AAS02585.1, AAS02618.1
OG0001561	AMC61512.1	AAS02624.1
OG0001562	AMC61516.1	AAS02626.1
OG0001563	AMC61517.1	AAS02627.1
OG0001564	AMC61518.1	AAS02628.1
OG0001565	AMC61522.1	AAS02632.1
OG0001566	AMC61524.1	AAS02633.1
OG0001567	AMC61525.1	AAS02634.1
OG0001568	AMC61527.1	AAS02636.1
OG0001569	AMC61528.1	AAS02637.1
OG0001570	AMC61529.1	AAS02638.1
OG0001571	AMC61531.1	AAS02639.1
OG0001572	AMC61532.1	AAS02640.1
OG0001573	AMC61533.1	AAS02641.1
OG0001574	AMC61545.1	AAS02663.1, AAS06534.1
OG0001575	AMC61564.1	AAS02596.1
OG0001576	AMC61565.1	AAS02595.1
OG0001577	AMC61566.1	AAS02594.1
OG0001578	AMC61587.1	AAS06761.1, AAS02569.1
OG0001579	AMC61589.1	AAS02566.1
OG0001580	AMC61590.1	AAS02565.1
OG0001581	AMC61593.1	AAS02562.1
OG0001582	AMC61594.1	AAS02561.1
OG0001583	AMC61595.1	AAS02560.1
OG0001584	AMC61596.1	AAS02559.1
OG0001585	AMC61597.1	AAS02558.1
OG0001586	AMC61598.1	AAS02557.1
OG0001587	AMC61599.1	AAS02556.1
OG0001588	AMC61605.1	AAS02553.1
OG0001589	AMC61606.1	AAS02552.1
OG0001590	AMC61608.1	AAS02550.1
OG0001591	AMC61610.1	AAS02549.1
OG0001592	AMC61612.1	AAS02546.1
OG0001593	AMC61613.1	AAS02545.1
OG0001594	AMC61622.1	AAS02536.1
OG0001595	AMC61623.1	AAS02535.1
OG0001596	AMC61624.1	AAS02534.1
OG0001597	AMC61626.1	AAS02532.1
OG0001598	AMC61627.1	AAS02531.1
OG0001599	AMC61628.1	AAS02530.1
OG0001600	AMC61629.1	AAS02529.1
OG0001601	AMC61630.1	AAS02528.1
OG0001602	AMC61631.1	AAS02527.1
OG0001603	AMC61636.1	AAS02525.1
OG0001604	AMC61639.1	AAS02522.1
OG0001605	AMC61645.1	AAS04553.1
OG0001606	AMC61654.1	AAS05618.1, AAS02519.1
OG0001607	AMC61659.1	AAS02514.1
OG0001608	AMC61660.1	AAS02513.1
OG0001609	AMC61662.1	AAS02511.1
OG0001610	AMC61663.1	AAS02510.1
OG0001611	AMC61667.1	AAS02507.1
OG0001612	AMC61668.1	AAS02506.1
OG0001613	AMC61672.1	AAS06364.1
OG0001614	AMC61676.1	AAS02504.1
OG0001615	AMC61677.1	AAS02503.1
OG0001616	AMC61679.1	AAS02502.1
OG0001617	AMC61680.1	AAS02501.1
OG0001618	AMC61682.1	AAS02499.1
OG0001619	AMC61683.1	AAS02498.1
OG0001620	AMC61684.1	AAS02497.1
OG0001621	AMC61689.1	AAS02490.1
OG0001622	AMC61690.1	AAS02489.1
OG0001623	AMC61719.1	AAS05559.1, AAS06874.1
OG0001624	AMC61731.1	AAS06882.1
OG0001625	AMC61732.1	AAS06884.1
OG0001626	AMC61733.1	AAS06885.1
OG0001627	AMC61737.1	AAS06886.1
OG0001628	AMC61740.1	AAS06889.1
OG0001629	AMC61742.1	AAS06891.1
OG0001630	AMC61743.1	AAS06892.1
OG0001631	AMC61744.1	AAS06893.1
OG0001632	AMC61745.1	AAS06894.1
OG0001633	AMC61746.1	AAS06895.1
OG0001634	AMC61747.1	AAS06896.1
OG0001635	AMC61748.1	AAS06897.1
OG0001637	AMC58300.1	AAS02934.1, AAS02415.1, AAS06094.1
OG0001649	AMC59852.1, AMC59851.1	AAS04242.1
OG0001650	AMC61071.1	AAS05974.1
OG0001652	AMC59736.1, AMC59732.1	AAS06877.1, AAS06878.1
OG0001653	AMC57439.1	AAS02327.1
OG0001654	AMC57442.1	AAS02329.1
OG0001655	AMC57444.1	AAS02331.1
OG0001656	AMC57456.1	AAS02350.1
OG0001657	AMC57457.1	AAS02352.1
OG0001658	AMC57460.1	AAS02354.1
OG0001659	AMC57461.1	AAS02355.1
OG0001660	AMC57462.1	AAS02356.1
OG0001661	AMC57463.1	AAS02357.1
OG0001662	AMC57465.1	AAS02358.1
OG0001663	AMC57466.1	AAS02359.1
OG0001664	AMC57472.1	AAS02360.1
OG0001665	AMC57473.1	AAS02361.1
OG0001667	AMC57479.1	AAS02370.1
OG0001668	AMC57481.1	AAS02372.1
OG0001669	AMC57484.1	AAS02379.1
OG0001670	AMC57488.1	AAS02383.1
OG0001671	AMC57498.1	AAS02597.1
OG0001672	AMC57499.1	AAS02398.1
OG0001674	AMC57516.1	AAS06866.1
OG0001675	AMC57517.1	AAS06842.1
OG0001683	AMC57553.1	AAS06049.1
OG0001684	AMC57558.1	AAS03253.1
OG0001685	AMC57564.1	AAS06073.1
OG0001686	AMC57566.1	AAS06075.1
OG0001687	AMC57567.1	AAS06076.1
OG0001688	AMC57573.1	AAS06078.1
OG0001689	AMC57574.1	AAS06079.1
OG0001690	AMC57575.1	AAS06080.1
OG0001691	AMC57577.1	AAS06088.1
OG0001692	AMC57579.1	AAS06091.1
OG0001693	AMC57580.1	AAS06092.1
OG0001694	AMC57582.1	AAS06102.1
OG0001695	AMC57587.1	AAS06106.1
OG0001696	AMC57589.1	AAS06108.1
OG0001697	AMC57590.1	AAS06109.1
OG0001698	AMC57591.1	AAS06240.1
OG0001699	AMC57592.1	AAS06112.1
OG0001700	AMC57593.1	AAS06113.1
OG0001701	AMC57602.1	AAS06118.1
OG0001702	AMC57603.1	AAS06120.1
OG0001703	AMC57608.1	AAS06125.1
OG0001704	AMC57612.1	AAS06146.1
OG0001705	AMC57613.1	AAS06147.1
OG0001706	AMC57630.1	AAS06165.1
OG0001707	AMC57633.1	AAS06171.1
OG0001708	AMC57640.1	AAS06177.1
OG0001709	AMC57641.1	AAS06180.1
OG0001710	AMC57645.1	AAS06183.1
OG0001711	AMC57647.1	AAS06184.1
OG0001715	AMC57662.1	AAS06190.1
OG0001716	AMC57666.1	AAS06194.1
OG0001717	AMC57667.1	AAS06195.1
OG0001718	AMC57678.1	AAS06206.1
OG0001719	AMC57688.1	AAS06218.1
OG0001720	AMC57689.1	AAS06219.1
OG0001721	AMC57690.1	AAS06221.1
OG0001722	AMC57691.1	AAS06222.1
OG0001723	AMC57693.1	AAS06235.1
OG0001725	AMC57706.1	AAS06247.1
OG0001726	AMC57707.1	AAS06248.1
OG0001727	AMC57708.1	AAS06249.1
OG0001728	AMC57710.1	AAS06251.1
OG0001729	AMC57711.1	AAS06252.1
OG0001730	AMC57712.1	AAS06253.1
OG0001731	AMC57713.1	AAS04264.1
OG0001732	AMC57714.1	AAS05250.1
OG0001733	AMC57717.1	AAS06254.1
OG0001734	AMC57718.1	AAS06255.1
OG0001735	AMC57719.1	AAS06256.1
OG0001737	AMC57724.1	AAS06260.1
OG0001738	AMC57728.1	AAS06263.1
OG0001739	AMC57735.1	AAS06269.1
OG0001740	AMC57736.1	AAS06273.1
OG0001741	AMC57737.1	AAS06274.1
OG0001742	AMC57762.1	AAS06339.1
OG0001743	AMC57763.1	AAS06340.1
OG0001744	AMC57764.1	AAS04435.1
OG0001745	AMC57765.1	AAS06341.1
OG0001746	AMC57777.1	AAS06342.1
OG0001747	AMC57778.1	AAS06344.1
OG0001748	AMC57783.1	AAS06350.1
OG0001750	AMC57785.1	AAS06352.1
OG0001751	AMC57787.1	AAS04445.1
OG0001752	AMC57801.1	AAS06376.1
OG0001753	AMC57802.1	AAS06377.1
OG0001754	AMC57816.1	AAS06387.1
OG0001755	AMC57831.1	AAS06416.1
OG0001757	AMC57837.1	AAS06410.1
OG0001758	AMC57838.1	AAS04093.1
OG0001759	AMC57839.1	AAS04094.1
OG0001760	AMC57850.1	AAS02402.1
OG0001761	AMC57854.1	AAS06408.1
OG0001762	AMC57858.1	AAS06401.1
OG0001763	AMC57863.1	AAS06421.1
OG0001764	AMC57875.1	AAS06425.1
OG0001765	AMC57878.1	AAS06428.1
OG0001766	AMC57886.1	AAS06435.1
OG0001767	AMC57887.1	AAS06436.1
OG0001768	AMC57890.1	AAS06445.1
OG0001769	AMC57891.1	AAS06446.1
OG0001770	AMC57897.1	AAS06458.1
OG0001771	AMC57898.1	AAS02435.1
OG0001772	AMC57899.1	AAS06461.1
OG0001773	AMC57902.1	AAS06464.1
OG0001774	AMC57905.1	AAS06466.1
OG0001775	AMC57906.1	AAS06467.1
OG0001776	AMC57912.1	AAS06473.1
OG0001777	AMC57917.1	AAS06482.1
OG0001778	AMC57920.1	AAS06488.1
OG0001779	AMC57922.1	AAS06492.1
OG0001780	AMC57931.1	AAS06495.1
OG0001781	AMC57936.1	AAS06499.1
OG0001782	AMC57937.1	AAS06501.1
OG0001783	AMC57938.1	AAS06502.1
OG0001784	AMC57939.1	AAS06503.1
OG0001785	AMC57940.1	AAS06504.1
OG0001786	AMC57941.1	AAS06505.1
OG0001787	AMC57947.1	AAS06511.1
OG0001788	AMC57954.1	AAS06516.1
OG0001789	AMC57955.1	AAS06517.1
OG0001790	AMC57965.1	AAS06527.1
OG0001791	AMC57966.1	AAS06528.1
OG0001792	AMC57974.1	AAS03702.1
OG0001793	AMC57976.1	AAS06535.1
OG0001794	AMC57983.1	AAS06540.1
OG0001796	AMC57995.1	AAS06551.1
OG0001797	AMC58001.1	AAS06556.1
OG0001798	AMC58004.1	AAS06557.1
OG0001799	AMC58005.1	AAS06558.1
OG0001800	AMC58006.1	AAS06559.1
OG0001801	AMC58011.1	AAS06564.1
OG0001802	AMC58012.1	AAS06568.1
OG0001803	AMC58023.1	AAS06578.1
OG0001804	AMC58025.1	AAS06580.1
OG0001805	AMC58026.1	AAS06582.1
OG0001806	AMC58027.1	AAS06583.1
OG0001807	AMC58029.1	AAS06584.1
OG0001808	AMC58031.1	AAS06585.1
OG0001809	AMC58032.1	AAS06586.1
OG0001810	AMC58034.1	AAS06587.1
OG0001811	AMC58044.1	AAS06598.1
OG0001812	AMC58045.1	AAS06599.1
OG0001813	AMC58050.1	AAS06604.1
OG0001814	AMC58053.1	AAS02442.1
OG0001815	AMC58057.1	AAS06611.1
OG0001816	AMC58058.1	AAS06612.1
OG0001817	AMC58059.1	AAS06613.1
OG0001818	AMC58078.1	AAS06623.1
OG0001819	AMC58082.1	AAS06625.1
OG0001820	AMC58083.1	AAS06626.1
OG0001821	AMC58085.1	AAS06631.1
OG0001822	AMC58102.1	AAS03419.1
OG0001823	AMC58112.1	AAS06363.1
OG0001824	AMC58119.1	AAS06621.1
OG0001825	AMC58120.1	AAS06622.1
OG0001826	AMC58125.1	AAS06640.1
OG0001827	AMC58126.1	AAS04345.1
OG0001828	AMC58127.1	AAS04344.1
OG0001829	AMC58129.1	AAS06641.1
OG0001830	AMC58131.1	AAS06644.1
OG0001831	AMC58132.1	AAS06652.1
OG0001832	AMC58133.1	AAS06653.1
OG0001833	AMC58150.1	AAS06671.1
OG0001834	AMC58151.1	AAS06672.1
OG0001835	AMC58152.1	AAS06673.1
OG0001836	AMC58156.1	AAS06677.1
OG0001837	AMC58176.1	AAS06838.1
OG0001838	AMC58177.1	AAS06683.1
OG0001839	AMC58178.1	AAS06684.1
OG0001840	AMC58179.1	AAS06685.1
OG0001841	AMC58180.1	AAS06686.1
OG0001842	AMC58186.1	AAS06688.1
OG0001843	AMC58187.1	AAS06689.1
OG0001844	AMC58192.1	AAS06695.1
OG0001845	AMC58193.1	AAS06696.1
OG0001846	AMC58194.1	AAS06697.1
OG0001847	AMC58196.1	AAS06700.1
OG0001848	AMC58197.1	AAS06701.1
OG0001849	AMC58199.1	AAS06702.1
OG0001850	AMC58200.1	AAS06703.1
OG0001851	AMC58201.1	AAS06704.1
OG0001852	AMC58202.1	AAS06705.1
OG0001853	AMC58203.1	AAS06707.1
OG0001854	AMC58204.1	AAS06708.1
OG0001855	AMC58219.1	AAS06724.1
OG0001856	AMC58235.1	AAS06743.1
OG0001857	AMC58237.1	AAS06745.1
OG0001858	AMC58243.1	AAS06751.1
OG0001859	AMC58244.1	AAS06752.1
OG0001860	AMC58245.1	AAS06762.1
OG0001861	AMC58267.1	AAS06765.1
OG0001862	AMC58268.1	AAS06418.1
OG0001863	AMC58273.1	AAS02908.1
OG0001864	AMC58278.1	AAS02913.1
OG0001865	AMC58279.1	AAS02914.1
OG0001866	AMC58280.1	AAS02915.1
OG0001867	AMC58281.1	AAS02916.1
OG0001868	AMC58285.1	AAS02920.1
OG0001869	AMC58289.1	AAS02924.1
OG0001870	AMC58291.1	AAS02926.1
OG0001871	AMC58292.1	AAS02927.1
OG0001872	AMC58295.1	AAS02929.1
OG0001874	AMC58302.1	AAS02937.1
OG0001875	AMC58305.1	AAS02939.1
OG0001876	AMC58306.1	AAS02941.1
OG0001877	AMC58309.1	AAS02944.1
OG0001878	AMC58316.1	AAS02947.1
OG0001879	AMC58317.1	AAS02948.1
OG0001880	AMC58319.1	AAS02950.1
OG0001881	AMC58323.1	AAS02953.1
OG0001883	AMC58333.1	AAS02959.1
OG0001884	AMC58341.1	AAS02966.1
OG0001885	AMC58345.1	AAS02973.1
OG0001886	AMC58349.1	AAS02977.1
OG0001887	AMC58350.1	AAS02978.1
OG0001888	AMC58351.1	AAS02979.1
OG0001889	AMC58358.1	AAS03533.1
OG0001890	AMC58362.1	AAS02987.1
OG0001891	AMC58364.1	AAS03001.1
OG0001892	AMC58366.1	AAS03005.1
OG0001893	AMC58368.1	AAS03007.1
OG0001894	AMC58374.1	AAS03027.1
OG0001895	AMC58375.1	AAS03098.1
OG0001896	AMC58378.1	AAS03102.1
OG0001897	AMC58381.1	AAS03105.1
OG0001898	AMC58387.1	AAS03119.1
OG0001899	AMC58388.1	AAS03120.1
OG0001900	AMC58389.1	AAS03121.1
OG0001901	AMC58391.1	AAS03123.1
OG0001902	AMC58392.1	AAS03124.1
OG0001903	AMC58393.1	AAS03126.1
OG0001904	AMC58397.1	AAS03128.1
OG0001905	AMC58406.1	AAS03137.1
OG0001906	AMC58407.1	AAS03138.1
OG0001907	AMC58412.1	AAS03143.1
OG0001908	AMC58415.1	AAS03144.1
OG0001909	AMC58426.1	AAS03147.1
OG0001910	AMC58427.1	AAS03148.1
OG0001911	AMC58433.1	AAS03156.1
OG0001912	AMC58435.1	AAS03158.1
OG0001913	AMC58437.1	AAS03160.1
OG0001915	AMC58456.1	AAS03185.1
OG0001916	AMC58461.1	AAS03188.1
OG0001917	AMC58472.1	AAS03192.1
OG0001918	AMC58474.1	AAS03198.1
OG0001919	AMC58477.1	AAS03203.1
OG0001920	AMC58479.1	AAS03207.1
OG0001921	AMC58486.1	AAS03216.1
OG0001922	AMC58491.1	AAS03222.1
OG0001923	AMC58492.1	AAS03223.1
OG0001924	AMC58508.1	AAS03226.1
OG0001925	AMC58510.1	AAS03228.1
OG0001926	AMC58511.1	AAS03229.1
OG0001927	AMC58512.1	AAS03230.1
OG0001928	AMC58513.1	AAS03231.1
OG0001929	AMC58533.1	AAS03238.1
OG0001930	AMC58544.1	AAS03257.1
OG0001932	AMC58546.1	AAS03259.1
OG0001933	AMC58565.1	AAS03302.1
OG0001934	AMC58568.1	AAS03305.1
OG0001935	AMC58569.1	AAS03306.1
OG0001936	AMC58578.1	AAS03312.1
OG0001937	AMC58581.1	AAS03313.1
OG0001938	AMC58584.1	AAS03317.1
OG0001939	AMC58585.1	AAS03315.1
OG0001940	AMC58586.1	AAS03314.1
OG0001941	AMC58587.1	AAS03318.1
OG0001942	AMC58589.1	AAS03319.1
OG0001943	AMC58611.1	AAS03323.1
OG0001944	AMC58613.1	AAS03324.1
OG0001945	AMC58614.1	AAS03325.1
OG0001946	AMC58615.1	AAS02666.1
OG0001947	AMC58616.1	AAS03326.1
OG0001948	AMC58617.1	AAS03327.1
OG0001949	AMC58618.1	AAS03328.1
OG0001950	AMC58619.1	AAS03329.1
OG0001951	AMC58620.1	AAS03330.1
OG0001952	AMC58621.1	AAS03331.1
OG0001953	AMC58623.1	AAS03332.1
OG0001954	AMC58628.1	AAS03333.1
OG0001955	AMC58633.1	AAS03338.1
OG0001956	AMC58634.1	AAS03339.1
OG0001958	AMC58642.1	AAS05023.1
OG0001959	AMC58643.1	AAS05021.1
OG0001960	AMC58659.1	AAS05011.1
OG0001961	AMC58667.1	AAS05006.1
OG0001962	AMC58677.1	AAS04997.1
OG0001963	AMC58678.1	AAS04992.1
OG0001964	AMC58681.1	AAS04991.1
OG0001965	AMC58682.1	AAS04990.1
OG0001966	AMC58685.1	AAS04989.1
OG0001967	AMC58687.1	AAS04987.1
OG0001968	AMC58688.1	AAS04986.1
OG0001969	AMC58689.1	AAS04984.1
OG0001970	AMC58690.1	AAS04983.1
OG0001971	AMC58691.1	AAS04982.1
OG0001972	AMC58696.1	AAS02614.1
OG0001973	AMC58697.1	AAS02612.1
OG0001974	AMC58700.1	AAS06665.1
OG0001975	AMC58705.1	AAS04960.1
OG0001976	AMC58707.1	AAS04957.1
OG0001977	AMC58710.1	AAS04955.1
OG0001978	AMC58719.1	AAS04949.1
OG0001979	AMC58720.1	AAS05764.1
OG0001980	AMC58721.1	AAS04948.1
OG0001981	AMC58724.1	AAS04945.1
OG0001982	AMC58731.1	AAS04938.1
OG0001983	AMC58732.1	AAS04937.1
OG0001984	AMC58734.1	AAS04935.1
OG0001985	AMC58738.1	AAS04931.1
OG0001986	AMC58748.1	AAS02456.1
OG0001987	AMC58757.1	AAS04911.1
OG0001988	AMC58758.1	AAS04910.1
OG0001989	AMC58759.1	AAS04909.1
OG0001990	AMC58760.1	AAS02487.1
OG0001991	AMC58762.1	AAS04898.1
OG0001992	AMC58774.1	AAS04890.1
OG0001993	AMC58776.1	AAS04888.1
OG0001995	AMC58785.1	AAS04880.1
OG0001996	AMC58786.1	AAS04879.1
OG0001997	AMC58787.1	AAS04878.1
OG0001998	AMC58788.1	AAS04877.1
OG0001999	AMC58802.1	AAS04868.1
OG0002000	AMC58805.1	AAS04866.1
OG0002001	AMC58825.1	AAS04851.1
OG0002002	AMC58828.1	AAS04838.1
OG0002003	AMC58830.1	AAS04836.1
OG0002004	AMC58834.1	AAS04833.1
OG0002005	AMC58837.1	AAS04996.1
OG0002006	AMC58838.1	AAS04827.1
OG0002007	AMC58841.1	AAS04823.1
OG0002008	AMC58847.1	AAS03994.1
OG0002009	AMC58850.1	AAS04818.1
OG0002010	AMC58864.1	AAS04804.1
OG0002011	AMC58865.1	AAS04802.1
OG0002012	AMC58867.1	AAS04800.1
OG0002013	AMC58901.1	AAS04760.1
OG0002014	AMC58907.1	AAS04755.1
OG0002015	AMC58912.1	AAS04751.1
OG0002016	AMC58913.1	AAS04750.1
OG0002017	AMC58914.1	AAS04749.1
OG0002018	AMC58915.1	AAS04748.1
OG0002019	AMC58916.1	AAS04747.1
OG0002020	AMC58932.1	AAS03870.1
OG0002021	AMC58934.1	AAS04731.1
OG0002022	AMC58938.1	AAS04725.1
OG0002023	AMC58940.1	AAS04720.1
OG0002024	AMC58941.1	AAS04711.1
OG0002025	AMC58945.1	AAS03660.1
OG0002027	AMC58956.1	AAS04678.1
OG0002028	AMC58960.1	AAS03430.1
OG0002029	AMC58970.1	AAS03431.1
OG0002030	AMC58973.1	AAS03434.1
OG0002031	AMC58993.1	AAS03445.1
OG0002032	AMC58994.1	AAS03446.1
OG0002033	AMC59000.1	AAS03451.1
OG0002034	AMC59019.1	AAS03473.1
OG0002035	AMC59026.1	AAS03479.1
OG0002036	AMC59027.1	AAS03480.1
OG0002038	AMC59042.1	AAS03490.1
OG0002039	AMC59045.1	AAS03493.1
OG0002040	AMC59056.1	AAS03497.1
OG0002041	AMC59057.1	AAS03498.1
OG0002042	AMC59076.1	AAS03516.1
OG0002043	AMC59095.1	AAS03532.1
OG0002044	AMC59099.1	AAS03541.1
OG0002045	AMC59146.1	AAS03560.1
OG0002046	AMC59147.1	AAS04803.1
OG0002047	AMC59148.1	AAS03561.1
OG0002048	AMC59157.1	AAS03570.1
OG0002049	AMC59158.1	AAS03571.1
OG0002050	AMC59165.1	AAS03578.1
OG0002051	AMC59179.1	AAS03586.1
OG0002052	AMC59183.1	AAS03590.1
OG0002053	AMC59187.1	AAS03594.1
OG0002054	AMC59197.1	AAS03569.1
OG0002055	AMC59198.1	AAS03609.1
OG0002056	AMC59208.1	AAS03619.1
OG0002057	AMC59219.1	AAS03629.1
OG0002058	AMC59220.1	AAS03630.1
OG0002059	AMC59221.1	AAS03631.1
OG0002060	AMC59222.1	AAS03632.1
OG0002061	AMC59223.1	AAS03633.1
OG0002062	AMC59227.1	AAS03637.1
OG0002063	AMC59232.1	AAS03647.1
OG0002064	AMC59234.1	AAS03653.1
OG0002065	AMC59241.1	AAS03659.1
OG0002066	AMC59274.1	AAS03690.1
OG0002067	AMC59275.1	AAS03691.1
OG0002068	AMC59295.1	AAS03709.1
OG0002069	AMC59300.1	AAS03714.1
OG0002070	AMC59301.1	AAS03715.1
OG0002071	AMC59302.1	AAS03716.1
OG0002072	AMC59317.1	AAS03726.1
OG0002073	AMC59340.1	AAS04018.1
OG0002074	AMC59341.1	AAS04017.1
OG0002075	AMC59346.1	AAS04792.1
OG0002077	AMC59367.1	AAS03649.1
OG0002078	AMC59369.1	AAS03965.1
OG0002079	AMC59372.1	AAS06821.1
OG0002081	AMC59378.1	AAS04362.1
OG0002082	AMC59381.1	AAS06870.1
OG0002083	AMC59393.1	AAS06085.1
OG0002084	AMC59400.1	AAS03809.1
OG0002085	AMC59404.1	AAS02325.1
OG0002086	AMC59405.1	AAS02326.1
OG0002087	AMC59407.1	AAS03810.1
OG0002088	AMC59409.1	AAS03817.1
OG0002089	AMC59412.1	AAS03820.1
OG0002090	AMC59413.1	AAS03821.1
OG0002091	AMC59445.1	AAS03842.1
OG0002092	AMC59447.1	AAS03845.1
OG0002093	AMC59455.1	AAS03853.1
OG0002094	AMC59456.1	AAS03854.1
OG0002095	AMC59457.1	AAS03855.1
OG0002096	AMC59465.1	AAS04366.1
OG0002097	AMC59473.1	AAS03867.1
OG0002098	AMC59474.1	AAS03868.1
OG0002099	AMC59476.1	AAS03874.1
OG0002100	AMC59479.1	AAS03877.1
OG0002101	AMC59489.1	AAS03882.1
OG0002102	AMC59490.1	AAS03884.1
OG0002103	AMC59491.1	AAS03885.1
OG0002104	AMC59495.1	AAS03889.1
OG0002105	AMC59498.1	AAS03893.1
OG0002106	AMC59500.1	AAS03895.1
OG0002107	AMC59501.1	AAS03896.1
OG0002108	AMC59502.1	AAS03898.1
OG0002109	AMC59505.1	AAS03903.1
OG0002110	AMC59506.1	AAS03908.1
OG0002111	AMC59507.1	AAS03909.1
OG0002112	AMC59511.1	AAS03916.1
OG0002113	AMC59512.1	AAS03917.1
OG0002114	AMC59515.1	AAS03922.1
OG0002115	AMC59518.1	AAS03925.1
OG0002116	AMC59523.1	AAS06754.1
OG0002117	AMC59526.1	AAS03929.1
OG0002118	AMC59528.1	AAS03933.1
OG0002119	AMC59529.1	AAS03934.1
OG0002120	AMC59530.1	AAS03935.1
OG0002121	AMC59534.1	AAS03940.1
OG0002122	AMC59535.1	AAS03941.1
OG0002123	AMC59547.1	AAS03985.1
OG0002124	AMC59548.1	AAS03986.1
OG0002125	AMC59549.1	AAS03955.1
OG0002126	AMC59560.1	AAS02389.1
OG0002127	AMC59562.1	AAS05710.1
OG0002128	AMC59566.1	AAS03964.1
OG0002129	AMC59570.1	AAS03966.1
OG0002130	AMC59571.1	AAS03968.1
OG0002131	AMC59574.1	AAS03970.1
OG0002132	AMC59578.1	AAS02893.1
OG0002133	AMC59581.1	AAS02763.1
OG0002134	AMC59596.1	AAS03168.1
OG0002135	AMC59604.1	AAS06630.1
OG0002136	AMC59609.1	AAS02433.1
OG0002137	AMC59612.1	AAS02390.1
OG0002139	AMC59621.1	AAS03997.1
OG0002140	AMC59631.1	AAS04402.1
OG0002141	AMC59641.1	AAS06766.1
OG0002142	AMC59646.1	AAS04399.1
OG0002143	AMC59663.1	AAS06818.1
OG0002144	AMC59664.1	AAS06819.1
OG0002145	AMC59671.1	AAS05101.1
OG0002146	AMC59679.1	AAS04080.1
OG0002147	AMC59680.1	AAS03958.1
OG0002148	AMC59682.1	AAS02548.1
OG0002149	AMC59689.1	AAS04090.1
OG0002150	AMC59690.1	AAS04091.1
OG0002151	AMC59692.1	AAS04097.1
OG0002152	AMC59693.1	AAS04098.1
OG0002153	AMC59694.1	AAS04112.1
OG0002154	AMC59697.1	AAS04114.1
OG0002155	AMC59703.1	AAS04119.1
OG0002156	AMC59705.1	AAS06317.1
OG0002157	AMC59706.1	AAS06318.1
OG0002158	AMC59707.1	AAS06319.1
OG0002160	AMC59712.1	AAS04122.1
OG0002161	AMC59715.1	AAS04127.1
OG0002162	AMC59716.1	AAS04128.1
OG0002163	AMC59718.1	AAS04129.1
OG0002164	AMC59719.1	AAS03321.1
OG0002165	AMC59723.1	AAS04133.1
OG0002167	AMC59729.1	AAS06879.1
OG0002168	AMC59730.1	AAS06880.1
OG0002169	AMC59731.1	AAS04734.1
OG0002170	AMC59744.1	AAS04140.1
OG0002171	AMC59745.1	AAS04142.1
OG0002173	AMC59769.1	AAS04155.1
OG0002174	AMC59777.1	AAS04162.1
OG0002175	AMC59787.1	AAS04178.1
OG0002177	AMC59797.1	AAS04198.1
OG0002178	AMC59805.1	AAS04204.1
OG0002180	AMC59816.1	AAS04215.1
OG0002181	AMC59838.1	AAS04229.1
OG0002182	AMC59844.1	AAS04235.1
OG0002183	AMC59854.1	AAS04244.1
OG0002184	AMC59857.1	AAS04247.1
OG0002185	AMC59858.1	AAS04248.1
OG0002186	AMC59874.1	AAS04262.1
OG0002187	AMC59878.1	AAS04266.1
OG0002188	AMC59892.1	AAS04278.1
OG0002189	AMC59899.1	AAS04291.1
OG0002190	AMC59905.1	AAS04300.1
OG0002191	AMC59906.1	AAS04301.1
OG0002192	AMC59907.1	AAS04302.1
OG0002193	AMC59909.1	AAS04304.1
OG0002194	AMC59910.1	AAS04305.1
OG0002195	AMC59912.1	AAS04308.1
OG0002196	AMC59914.1	AAS04310.1
OG0002197	AMC59923.1	AAS04860.1
OG0002198	AMC59925.1	AAS04319.1
OG0002199	AMC59926.1	AAS04320.1
OG0002200	AMC59927.1	AAS04321.1
OG0002201	AMC59928.1	AAS04322.1
OG0002203	AMC59936.1	AAS04326.1
OG0002204	AMC59938.1	AAS03785.1
OG0002205	AMC59941.1	AAS04332.1
OG0002206	AMC59944.1	AAS04334.1
OG0002208	AMC59955.1	AAS04355.1
OG0002209	AMC59957.1	AAS04358.1
OG0002211	AMC59962.1	AAS04365.1
OG0002212	AMC59963.1	AAS04363.1
OG0002213	AMC59973.1	AAS03979.1
OG0002214	AMC59993.1	AAS04404.1
OG0002215	AMC59994.1	AAS04405.1
OG0002216	AMC59995.1	AAS04406.1
OG0002217	AMC60000.1	AAS04410.1
OG0002218	AMC60002.1	AAS04411.1
OG0002219	AMC60003.1	AAS04412.1
OG0002220	AMC60004.1	AAS04413.1
OG0002221	AMC60007.1	AAS04416.1
OG0002222	AMC60010.1	AAS04420.1
OG0002223	AMC60013.1	AAS04857.1
OG0002224	AMC60027.1	AAS04450.1
OG0002225	AMC60043.1	AAS04457.1
OG0002226	AMC60046.1	AAS04460.1
OG0002228	AMC60050.1	AAS04463.1
OG0002229	AMC60060.1	AAS04481.1
OG0002230	AMC60063.1	AAS04487.1
OG0002231	AMC60064.1	AAS04488.1
OG0002232	AMC60066.1	AAS04490.1
OG0002233	AMC60067.1	AAS04491.1
OG0002234	AMC60070.1	AAS04495.1
OG0002235	AMC60071.1	AAS04514.1
OG0002236	AMC60072.1	AAS04522.1
OG0002237	AMC60074.1	AAS04523.1
OG0002238	AMC60076.1	AAS04524.1
OG0002239	AMC60082.1	AAS04354.1
OG0002240	AMC60088.1	AAS04528.1
OG0002241	AMC60089.1	AAS04529.1
OG0002242	AMC60093.1	AAS04533.1
OG0002243	AMC60095.1	AAS04535.1
OG0002244	AMC60096.1	AAS04536.1
OG0002245	AMC60097.1	AAS04537.1
OG0002246	AMC60105.1	AAS04543.1
OG0002247	AMC60107.1	AAS04557.1
OG0002248	AMC60108.1	AAS04558.1
OG0002249	AMC60114.1	AAS03990.1
OG0002250	AMC60116.1	AAS04562.1
OG0002251	AMC60117.1	AAS04563.1
OG0002252	AMC60122.1	AAS03905.1
OG0002254	AMC60127.1	AAS04565.1
OG0002255	AMC60145.1	AAS04590.1
OG0002256	AMC60146.1	AAS04592.1
OG0002257	AMC60147.1	AAS04593.1
OG0002258	AMC60148.1	AAS04594.1
OG0002259	AMC60149.1	AAS03152.1
OG0002260	AMC60156.1	AAS04600.1
OG0002261	AMC60157.1	AAS04601.1
OG0002262	AMC60166.1	AAS04609.1
OG0002263	AMC60173.1	AAS04613.1
OG0002264	AMC60178.1	AAS04623.1
OG0002265	AMC60193.1	AAS04624.1
OG0002266	AMC60196.1	AAS04627.1
OG0002267	AMC60197.1	AAS04628.1
OG0002268	AMC60198.1	AAS04629.1
OG0002269	AMC60200.1	AAS04631.1
OG0002270	AMC60201.1	AAS06411.1
OG0002271	AMC60204.1	AAS04632.1
OG0002272	AMC60209.1	AAS04636.1
OG0002273	AMC60216.1	AAS05076.1
OG0002274	AMC60217.1	AAS05075.1
OG0002275	AMC60236.1	AAS03416.1
OG0002276	AMC60257.1	AAS03398.1
OG0002277	AMC60262.1	AAS03393.1
OG0002278	AMC60266.1	AAS03388.1
OG0002279	AMC60274.1	AAS03386.1
OG0002280	AMC60276.1	AAS03384.1
OG0002281	AMC60280.1	AAS03378.1
OG0002282	AMC60281.1	AAS03377.1
OG0002283	AMC60283.1	AAS03372.1
OG0002284	AMC60284.1	AAS03371.1
OG0002285	AMC60291.1	AAS03363.1
OG0002286	AMC60305.1	AAS03352.1
OG0002287	AMC60306.1	AAS03351.1
OG0002288	AMC60308.1	AAS03348.1
OG0002289	AMC60325.1	AAS05038.1
OG0002290	AMC60328.1	AAS05040.1
OG0002291	AMC60329.1	AAS05041.1
OG0002292	AMC60331.1	AAS05044.1
OG0002293	AMC60336.1	AAS04692.1
OG0002294	AMC60337.1	AAS05045.1
OG0002295	AMC60338.1	AAS02563.1
OG0002296	AMC60342.1	AAS05049.1
OG0002297	AMC60351.1	AAS05059.1
OG0002298	AMC60378.1	AAS05104.1
OG0002299	AMC60379.1	AAS05105.1
OG0002300	AMC60380.1	AAS05106.1
OG0002301	AMC60381.1	AAS05107.1
OG0002302	AMC60385.1	AAS05111.1
OG0002303	AMC60386.1	AAS05113.1
OG0002304	AMC60391.1	AAS05117.1
OG0002305	AMC60401.1	AAS05123.1
OG0002306	AMC60403.1	AAS05125.1
OG0002307	AMC60404.1	AAS05126.1
OG0002308	AMC60405.1	AAS05127.1
OG0002309	AMC60406.1	AAS05128.1
OG0002310	AMC60416.1	AAS05138.1
OG0002312	AMC60424.1	AAS05145.1
OG0002313	AMC60425.1	AAS05146.1
OG0002314	AMC60427.1	AAS05149.1
OG0002316	AMC60443.1	AAS05161.1
OG0002317	AMC60456.1	AAS05171.1
OG0002318	AMC60457.1	AAS05172.1
OG0002319	AMC60458.1	AAS05173.1
OG0002320	AMC60462.1	AAS05177.1
OG0002321	AMC60463.1	AAS05178.1
OG0002322	AMC60464.1	AAS05179.1
OG0002323	AMC60474.1	AAS05183.1
OG0002324	AMC60477.1	AAS05187.1
OG0002325	AMC60478.1	AAS05189.1
OG0002326	AMC60486.1	AAS05195.1
OG0002327	AMC60491.1	AAS05204.1
OG0002328	AMC60495.1	AAS05206.1
OG0002330	AMC60502.1	AAS05212.1
OG0002331	AMC60503.1	AAS05213.1
OG0002332	AMC60504.1	AAS05214.1
OG0002334	AMC60513.1	AAS05218.1
OG0002335	AMC60514.1	AAS05219.1
OG0002337	AMC60550.1	AAS05221.1
OG0002338	AMC60556.1	AAS05222.1
OG0002340	AMC60560.1	AAS05227.1
OG0002341	AMC60563.1	AAS05230.1
OG0002342	AMC60565.1	AAS05233.1
OG0002343	AMC60566.1	AAS05234.1
OG0002344	AMC60567.1	AAS05235.1
OG0002345	AMC60568.1	AAS05236.1
OG0002346	AMC60570.1	AAS05237.1
OG0002347	AMC60571.1	AAS05238.1
OG0002348	AMC60573.1	AAS05239.1
OG0002349	AMC60575.1	AAS05241.1
OG0002350	AMC60578.1	AAS05245.1
OG0002351	AMC60579.1	AAS05246.1
OG0002352	AMC60581.1	AAS05248.1
OG0002353	AMC60584.1	AAS05252.1
OG0002354	AMC60589.1	AAS05254.1
OG0002355	AMC60596.1	AAS06494.1
OG0002357	AMC60599.1	AAS05258.1
OG0002358	AMC60600.1	AAS05259.1
OG0002359	AMC60601.1	AAS05260.1
OG0002360	AMC60605.1	AAS05265.1
OG0002361	AMC60615.1	AAS03184.1
OG0002362	AMC60618.1	AAS05278.1
OG0002363	AMC60621.1	AAS05283.1
OG0002364	AMC60627.1	AAS05290.1
OG0002365	AMC60633.1	AAS05296.1
OG0002366	AMC60634.1	AAS05297.1
OG0002367	AMC60638.1	AAS05299.1
OG0002368	AMC60641.1	AAS05303.1
OG0002369	AMC60642.1	AAS05304.1
OG0002370	AMC60647.1	AAS05308.1
OG0002371	AMC60648.1	AAS05309.1
OG0002380	AMC60685.1	AAS03267.1
OG0002381	AMC60688.1	AAS03551.1
OG0002383	AMC60693.1	AAS05547.1
OG0002384	AMC60701.1	AAS02611.1
OG0002385	AMC60705.1	AAS05554.1
OG0002386	AMC60707.1	AAS05556.1
OG0002387	AMC60709.1	AAS05558.1
OG0002388	AMC60727.1	AAS05576.1
OG0002389	AMC60730.1	AAS05579.1
OG0002390	AMC60732.1	AAS05580.1
OG0002391	AMC60734.1	AAS05582.1
OG0002392	AMC60746.1	AAS03743.1
OG0002394	AMC60756.1	AAS05604.1
OG0002395	AMC60764.1	AAS05607.1
OG0002396	AMC60775.1	AAS05633.1
OG0002397	AMC60778.1	AAS05636.1
OG0002398	AMC60784.1	AAS05642.1
OG0002399	AMC60787.1	AAS05646.1
OG0002400	AMC60792.1	AAS05652.1
OG0002401	AMC60793.1	AAS05653.1
OG0002402	AMC60794.1	AAS05654.1
OG0002403	AMC60796.1	AAS05656.1
OG0002404	AMC60797.1	AAS05657.1
OG0002405	AMC60798.1	AAS05660.1
OG0002406	AMC60799.1	AAS05663.1
OG0002407	AMC60800.1	AAS05665.1
OG0002408	AMC60801.1	AAS05666.1
OG0002409	AMC60806.1	AAS05694.1
OG0002410	AMC60807.1	AAS05695.1
OG0002411	AMC60808.1	AAS05696.1
OG0002412	AMC60809.1	AAS06857.1
OG0002413	AMC60811.1	AAS05698.1
OG0002414	AMC60813.1	AAS05700.1
OG0002415	AMC60837.1	AAS05886.1
OG0002416	AMC60842.1	AAS05716.1
OG0002417	AMC60846.1	AAS05721.1
OG0002418	AMC60847.1	AAS05722.1
OG0002419	AMC60880.1	AAS05819.1
OG0002420	AMC60881.1	AAS05727.1
OG0002421	AMC60891.1	AAS05748.1
OG0002422	AMC60893.1	AAS05749.1
OG0002423	AMC60894.1	AAS05750.1
OG0002424	AMC60895.1	AAS05751.1
OG0002425	AMC60896.1	AAS05752.1
OG0002426	AMC60897.1	AAS05753.1
OG0002427	AMC60901.1	AAS05756.1
OG0002428	AMC60903.1	AAS05758.1
OG0002429	AMC60904.1	AAS05759.1
OG0002430	AMC60905.1	AAS05760.1
OG0002431	AMC60906.1	AAS05761.1
OG0002432	AMC60907.1	AAS05762.1
OG0002433	AMC60912.1	AAS05765.1
OG0002434	AMC60913.1	AAS05766.1
OG0002435	AMC60914.1	AAS05767.1
OG0002436	AMC60915.1	AAS05768.1
OG0002437	AMC60917.1	AAS05772.1
OG0002438	AMC60923.1	AAS05058.1
OG0002439	AMC60943.1	AAS04384.1
OG0002440	AMC60948.1	AAS05844.1
OG0002441	AMC60955.1	AAS05848.1
OG0002442	AMC60956.1	AAS05849.1
OG0002443	AMC60958.1	AAS05850.1
OG0002444	AMC60959.1	AAS05851.1
OG0002445	AMC60961.1	AAS05853.1
OG0002446	AMC60962.1	AAS05854.1
OG0002447	AMC60971.1	AAS05861.1
OG0002448	AMC60974.1	AAS05864.1
OG0002449	AMC60975.1	AAS05865.1
OG0002450	AMC60980.1	AAS05869.1
OG0002451	AMC60984.1	AAS05873.1
OG0002452	AMC60986.1	AAS05874.1
OG0002453	AMC60995.1	AAS05895.1
OG0002454	AMC60996.1	AAS05896.1
OG0002455	AMC60997.1	AAS05897.1
OG0002456	AMC60998.1	AAS05898.1
OG0002457	AMC61001.1	AAS05901.1
OG0002458	AMC61015.1	AAS05914.1
OG0002459	AMC61016.1	AAS05915.1
OG0002461	AMC61031.1	AAS05932.1
OG0002462	AMC61036.1	AAS05936.1
OG0002463	AMC61050.1	AAS05953.1
OG0002464	AMC61054.1	AAS05957.1
OG0002465	AMC61056.1	AAS05959.1
OG0002466	AMC61057.1	AAS05960.1
OG0002467	AMC61059.1	AAS05962.1
OG0002468	AMC61060.1	AAS05963.1
OG0002469	AMC61063.1	AAS05965.1
OG0002470	AMC61065.1	AAS05966.1
OG0002472	AMC61102.1	AAS05997.1
OG0002473	AMC61104.1	AAS05999.1
OG0002474	AMC61105.1	AAS06000.1
OG0002475	AMC61114.1	AAS06005.1
OG0002476	AMC61116.1	AAS06007.1
OG0002477	AMC61133.1	AAS06014.1
OG0002478	AMC61135.1	AAS06018.1
OG0002479	AMC61136.1	AAS06019.1
OG0002480	AMC61137.1	AAS06020.1
OG0002481	AMC61138.1	AAS06021.1
OG0002482	AMC61139.1	AAS06022.1
OG0002483	AMC61145.1	AAS06026.1
OG0002484	AMC61146.1	AAS06027.1
OG0002485	AMC61166.1	AAS06029.1
OG0002486	AMC61168.1	AAS06032.1
OG0002487	AMC61170.1	AAS06034.1
OG0002488	AMC61171.1	AAS06037.1
OG0002489	AMC61172.1	AAS06038.1
OG0002490	AMC61175.1	AAS05619.1
OG0002491	AMC61193.1	AAS06826.1
OG0002492	AMC61194.1	AAS06825.1
OG0002493	AMC61200.1	AAS06812.1
OG0002496	AMC61220.1	AAS06807.1
OG0002497	AMC61223.1	AAS06805.1
OG0002498	AMC61224.1	AAS06804.1
OG0002499	AMC61228.1	AAS06799.1
OG0002500	AMC61229.1	AAS06798.1
OG0002501	AMC61234.1	AAS06793.1
OG0002502	AMC61235.1	AAS06792.1
OG0002503	AMC61236.1	AAS06791.1
OG0002504	AMC61237.1	AAS06790.1
OG0002505	AMC61238.1	AAS06789.1
OG0002506	AMC61239.1	AAS06788.1
OG0002507	AMC61240.1	AAS06787.1
OG0002508	AMC61241.1	AAS06786.1
OG0002510	AMC61270.1	AAS02894.1
OG0002511	AMC61276.1	AAS02889.1
OG0002512	AMC61277.1	AAS02888.1
OG0002513	AMC61278.1	AAS02887.1
OG0002514	AMC61279.1	AAS02886.1
OG0002515	AMC61280.1	AAS02885.1
OG0002516	AMC61281.1	AAS02884.1
OG0002517	AMC61282.1	AAS02883.1
OG0002518	AMC61283.1	AAS02882.1
OG0002519	AMC61284.1	AAS02881.1
OG0002520	AMC61287.1	AAS02878.1
OG0002521	AMC61289.1	AAS02876.1
OG0002522	AMC61291.1	AAS02873.1
OG0002523	AMC61317.1	AAS02866.1
OG0002524	AMC61321.1	AAS02863.1
OG0002525	AMC61323.1	AAS02861.1
OG0002526	AMC61324.1	AAS02860.1
OG0002527	AMC61325.1	AAS02859.1
OG0002528	AMC61327.1	AAS02857.1
OG0002529	AMC61328.1	AAS03751.1
OG0002530	AMC61329.1	AAS02855.1
OG0002531	AMC61333.1	AAS02853.1
OG0002532	AMC61334.1	AAS02852.1
OG0002533	AMC61337.1	AAS02850.1
OG0002534	AMC61338.1	AAS02849.1
OG0002535	AMC61341.1	AAS02846.1
OG0002536	AMC61343.1	AAS02844.1
OG0002537	AMC61345.1	AAS02842.1
OG0002538	AMC61346.1	AAS02841.1
OG0002539	AMC61347.1	AAS02840.1
OG0002540	AMC61349.1	AAS02838.1
OG0002541	AMC61350.1	AAS02836.1
OG0002542	AMC61351.1	AAS02835.1
OG0002543	AMC61353.1	AAS02833.1
OG0002544	AMC61354.1	AAS02832.1
OG0002545	AMC61355.1	AAS02831.1
OG0002546	AMC61362.1	AAS02825.1
OG0002547	AMC61365.1	AAS02823.1
OG0002548	AMC61366.1	AAS02822.1
OG0002549	AMC61367.1	AAS02821.1
OG0002550	AMC61369.1	AAS02819.1
OG0002551	AMC61370.1	AAS02818.1
OG0002552	AMC61371.1	AAS02817.1
OG0002553	AMC61372.1	AAS02816.1
OG0002554	AMC61376.1	AAS02812.1
OG0002555	AMC61377.1	AAS02809.1
OG0002556	AMC61379.1	AAS02807.1
OG0002557	AMC61382.1	AAS02802.1
OG0002558	AMC61383.1	AAS02801.1
OG0002559	AMC61391.1	AAS02789.1
OG0002562	AMC61426.1	AAS02754.1
OG0002563	AMC61433.1	AAS05708.1
OG0002564	AMC61450.1	AAS02739.1
OG0002566	AMC61452.1	AAS02738.1
OG0002567	AMC61457.1	AAS02736.1
OG0002568	AMC61458.1	AAS02735.1
OG0002569	AMC61459.1	AAS02734.1
OG0002570	AMC61460.1	AAS02733.1
OG0002571	AMC61462.1	AAS02732.1
OG0002572	AMC61463.1	AAS02731.1
OG0002573	AMC61469.1	AAS02726.1
OG0002574	AMC61470.1	AAS02724.1
OG0002575	AMC61488.1	AAS02707.1
OG0002576	AMC61491.1	AAS06859.1, AAS02697.1
OG0002577	AMC61492.1	AAS02680.1
OG0002578	AMC61493.1	AAS02679.1
OG0002579	AMC61494.1	AAS02678.1
OG0002580	AMC61495.1	AAS02677.1
OG0002581	AMC61496.1	AAS02676.1
OG0002582	AMC61498.1	AAS02675.1
OG0002583	AMC61499.1	AAS02674.1
OG0002584	AMC61504.1	AAS02617.1
OG0002585	AMC61506.1	AAS02619.1
OG0002586	AMC61508.1	AAS02620.1
OG0002587	AMC61509.1	AAS02621.1
OG0002588	AMC61510.1	AAS02622.1
OG0002589	AMC61511.1	AAS02623.1
OG0002590	AMC61519.1	AAS02629.1
OG0002591	AMC61520.1	AAS02630.1
OG0002593	AMC61535.1	AAS02651.1
OG0002594	AMC61537.1	AAS02761.1
OG0002595	AMC61541.1	AAS02657.1
OG0002596	AMC61542.1	AAS02658.1
OG0002598	AMC61567.1	AAS02593.1
OG0002599	AMC61569.1	AAS02592.1
OG0002600	AMC61570.1	AAS02591.1
OG0002601	AMC61571.1	AAS02590.1
OG0002602	AMC61572.1	AAS02588.1
OG0002604	AMC61575.1	AAS02579.1
OG0002605	AMC61577.1	AAS02577.1
OG0002606	AMC61588.1	AAS02567.1
OG0002607	AMC61604.1	AAS02554.1
OG0002608	AMC61615.1	AAS02541.1
OG0002609	AMC61632.1	AAS02526.1
OG0002610	AMC61642.1	AAS02521.1
OG0002611	AMC61643.1	AAS02520.1
OG0002612	AMC61655.1	AAS02518.1
OG0002613	AMC61656.1	AAS02517.1
OG0002614	AMC61657.1	AAS02516.1
OG0002615	AMC61658.1	AAS02515.1
OG0002616	AMC61664.1	AAS02509.1
OG0002617	AMC61665.1	AAS02508.1
OG0002618	AMC61686.1	AAS02494.1
OG0002619	AMC61687.1	AAS02493.1
OG0002624	AMC61705.1	AAS02484.1
OG0002625	AMC61706.1	AAS02483.1
OG0002626	AMC61712.1	AAS02479.1
OG0002627	AMC61713.1	AAS02478.1
OG0002628	AMC61714.1	AAS02477.1
OG0002629	AMC61715.1	AAS02475.1
OG0002630	AMC61716.1	AAS02474.1
OG0002631	AMC61718.1	AAS06873.1
OG0002632	AMC61726.1	AAS04138.1
OG0002633	AMC61727.1	AAS06548.1
OG0002634	AMC61728.1	AAS06549.1
OG0002635	AMC61730.1	AAS06881.1
OG0002636	AMC61739.1	AAS06888.1
OG0002637	AMC61741.1	AAS06890.1
OG0002641	AMC61501.1	AAS02670.1
OG0002646	AMC60864.1, AMC61319.1	AAS02864.1
OG0002647	AMC60315.1	AAS03145.1
OG0002648	AMC58439.1	AAS03161.1
OG0002649	AMC58552.1	AAS03262.1
OG0002651	AMC59238.1	AAS03657.1
OG0002655	AMC61738.1	AAS06887.1, AAS04074.1
OG0002656	AMC59781.1	AAS04176.1
OG0002657	AMC59798.1	AAS04199.1
OG0002659	AMC59971.1	AAS04386.1
OG0002660	AMC57615.1	AAS06149.1, AAS04721.1
OG0002661	AMC58879.1	AAS04781.1
OG0002663	AMC60494.1	AAS05205.1
OG0002664	AMC60884.1	AAS05734.1
OG0002665	AMC61047.1	AAS05950.1
OG0002697	AMC57581.1	AAS06100.1
OG0002809	AMC58130.1	AAS06642.1
OG0002920	AMC58831.1	AAS04835.1
OG0002968	AMC59120.1	AAS03548.1
OG0002969	AMC59121.1	AAS03549.1
OG0002984	AMC59178.1	AAS03585.1
OG0003190	AMC60030.1	AAS04452.1
OG0003232	AMC60307.1	AAS03349.1
OG0003382	AMC60977.1	AAS05867.1
OG0003489	AMC61691.1	AAS02488.1
OG0003497	AMC61711.1	AAS02480.1
OG0003498	AMC61717.1	AAS06871.1
OG0003500	AMC61729.1	AAS06550.1
OG0003508	AMC61710.1	AAS02481.1
OG0003509	AMC61707.1	AAS02482.1
OG0003511	AMC61661.1	AAS02512.1
OG0003513	AMC61456.1	AAS02737.1
OG0003515	AMC58304.1	AAS02938.1
OG0003519	AMC58436.1	AAS03159.1
OG0003522	AMC57560.1	AAS03252.1
OG0003528	AMC59722.1	AAS04132.1
OG0003529	AMC59724.1	AAS04134.1
OG0003530	AMC59856.1	AAS04246.1
OG0003531	AMC59900.1	AAS04293.1
OG0003532	AMC58842.1	AAS04381.1, AAS04822.1
OG0003535	AMC60163.1	AAS04606.1
OG0003537	AMC58840.1	AAS04824.1
OG0003538	AMC58723.1	AAS04946.1
OG0003539	AMC58704.1	AAS04961.1
OG0003540	AMC60330.1	AAS05042.1
OG0003542	AMC60960.1	AAS05852.1
OG0003543	AMC57561.1	AAS06066.1
OG0003544	AMC59824.1	AAS06129.1
OG0003545	AMC57638.1	AAS06175.1
OG0003546	AMC57639.1	AAS06176.1
OG0003547	AMC57654.1	AAS06186.1
OG0003548	AMC57679.1	AAS06207.1
OG0003549	AMC57726.1	AAS06262.1
OG0003550	AMC58084.1	AAS06627.1
OG0003551	AMC58218.1	AAS06721.1
OG0003658	AMC61688.1	AAS02491.1
OG0003659	AMC61669.1	AAS02505.1
OG0003669	AMC61423.1	AAS02757.1
OG0003672	AMC58299.1	AAS02933.1
OG0003684	AMC58577.1	AAS03311.1
OG0003722	AMC58725.1	AAS04944.1
OG0003723	AMC58712.1	AAS04953.1
OG0003730	AMC60359.1	AAS05069.1
OG0003731	AMC60368.1	AAS05083.1
OG0003732	AMC60371.1	AAS05085.1
