Orthogroup	Mafric	Mlepra
OG0000002	CCC26272.1	CAC31610.1
OG0000002	CCC28015.1	CAC29647.1
OG0000002	CCC28008.1	CAC31871.1
OG0000002	CCC28022.1	CAC29643.1
OG0000002	CCC28007.1	CAC31872.1
OG0000002	CCC28006.1	CAC31873.1
OG0000002	CCC28009.1	CAC31870.1
OG0000003	CCC25329.1	CAC30781.1
OG0000003	CCC26481.1	CAC30047.1
OG0000003	CCC28956.1	CAC30096.1, CAC29559.1
OG0000005	CCC26276.1	CAC31615.1
OG0000005	CCC28016.1	CAC29646.1
OG0000005	CCC28025.1	CAC29640.1
OG0000005	CCC28005.1	CAC31874.1
OG0000006	CCC27189.1	CAC29918.1
OG0000006	CCC27493.1, CCC26895.1, CCC26286.1, CCC26880.1, CCC26883.1, CCC28559.1	CAC31434.1, CAC31564.1
OG0000007	CCC25545.1	CAC31976.1
OG0000007	CCC25726.1	CAC30854.1
OG0000008	CCC28626.1	CAC31570.1
OG0000009	CCC25524.1, CCC25476.1, CCC25586.1, CCC26656.1, CCC27422.1, CCC25757.1	CAC31894.1
OG0000014	CCC26655.1, CCC25758.1, CCC25525.1	CAC31893.1
OG0000016	CCC25240.1, CCC28583.1, CCC25666.1	CAC32119.1
OG0000024	CCC26978.1	CAC30983.1
OG0000024	CCC28888.1	CAC29605.1
OG0000024	CCC25203.1	CAC32187.1
OG0000026	CCC26021.1	CAC31307.1
OG0000027	CCC26885.1, CCC27429.1, CCC27436.1, CCC26120.1, CCC26289.1	CAC31561.1, CAC31437.1
OG0000028	CCC26884.1, CCC26121.1, CCC26288.1, CCC27430.1, CCC27437.1	CAC31562.1, CAC31436.1
OG0000029	CCC28162.1, CCC26336.1	CAC31475.1
OG0000032	CCC25242.1, CCC25668.1	CAC32121.1
OG0000033	CCC25669.1, CCC25243.1	CAC32122.1
OG0000035	CCC26273.1, CCC28904.1, CCC28908.1	CAC31611.1
OG0000037	CCC25167.1	CAC30942.1
OG0000037	CCC25178.1	CAC30955.1
OG0000038	CCC26480.1	CAC30046.1
OG0000038	CCC25359.1	CAC32065.1
OG0000043	CCC27573.1, CCC26454.1, CCC25971.1	CAC30706.1
OG0000044	CCC28907.1, CCC26274.1	CAC31612.1
OG0000048	CCC25672.1, CCC25246.1	CAC32125.1
OG0000049	CCC25466.1, CCC26946.1	CAC31016.1
OG0000050	CCC26623.1, CCC26625.1	CAC31864.1
OG0000053	CCC27326.1	CAC30606.1
OG0000053	CCC27327.1	CAC30607.1
OG0000057	CCC25176.1	CAC30951.1
OG0000058	CCC28500.1	CAC29889.1
OG0000058	CCC25514.1	CAC29825.1
OG0000060	CCC26013.1, CCC26009.1	CAC31050.1
OG0000061	CCC27089.1, CCC26268.1	CAC30439.1
OG0000062	CCC26285.1, CCC26547.1, CCC27454.1	CAC31433.1
OG0000063	CCC26287.1, CCC28560.1, CCC26457.1	CAC31563.1
OG0000065	CCC27375.1	CAC29966.1
OG0000069	CCC25241.1, CCC25667.1	CAC32120.1
OG0000070	CCC25670.1, CCC25244.1	CAC32123.1
OG0000071	CCC25671.1, CCC25245.1	CAC32124.1
OG0000072	CCC25673.1, CCC25247.1	CAC32126.1
OG0000074	CCC26561.1, CCC25317.1	CAC32094.1
OG0000075	CCC25334.1, CCC27411.1	CAC31225.1
OG0000077	CCC26161.1, CCC28569.1	CAC29822.1
OG0000079	CCC26450.1	CAC30703.1
OG0000080	CCC26520.1, CCC27570.1	CAC31624.1
OG0000088	CCC28268.1, CCC25138.1	CAC30153.1
OG0000089	CCC25141.1	CAC29824.1
OG0000090	CCC25142.1, CCC25513.1	CAC29823.1
OG0000091	CCC26180.1, CCC25144.1	CAC30908.1
OG0000092	CCC25420.1, CCC27209.1	CAC31685.1, CAC31686.1
OG0000095	CCC25609.1, CCC28959.1	CAC29556.1
OG0000096	CCC25641.1, CCC26071.1	CAC31793.1
OG0000099	CCC28194.1, CCC25897.1	CAC31153.1
OG0000100	CCC25925.1	CAC30305.1
OG0000101	CCC26155.1	CAC31918.1
OG0000103	CCC28027.1, CCC26622.1	CAC29638.1
OG0000106	CCC28125.1, CCC27062.1	CAC30684.1
OG0000108	CCC27136.1	CAC30390.1, CAC30391.1
OG0000110	CCC28028.1, CCC27536.1	CAC29637.1
OG0000113	CCC27758.1, CCC27759.1	CAC31417.1
OG0000114	CCC28079.1	CAC30649.1
OG0000115	CCC28452.1	CAC29926.1
OG0000121	CCC25081.1	CAC32162.1, CAC29515.1
OG0000122	CCC25152.1	CAC32209.1
OG0000124	CCC25361.1, CCC28097.1	CAC32063.1
OG0000125	CCC25362.1, CCC28096.1	CAC32062.1
OG0000126	CCC25430.1	CAC29787.1
OG0000127	CCC25481.1	CAC29777.1
OG0000128	CCC25506.1	CAC30880.1
OG0000130	CCC25896.1, CCC28195.1	CAC31154.1
OG0000131	CCC25902.1	CAC31144.1
OG0000132	CCC25906.1	CAC31140.1
OG0000137	CCC26576.1	CAC30761.1
OG0000138	CCC26589.1	CAC30752.1
OG0000142	CCC26972.1	CAC31043.1
OG0000149	CCC27756.1	CAC31419.1
OG0000152	CCC28013.1	CAC31866.1
OG0000153	CCC28037.1	CAC29636.1, CAC29633.1
OG0000154	CCC28047.1	CAC30622.1
OG0000158	CCC28383.1	CAC30222.1
OG0000159	CCC28385.1	CAC30220.1
OG0000161	CCC28388.1	CAC30216.1
OG0000162	CCC28389.1	CAC30215.1
OG0000163	CCC28392.1	CAC30212.1
OG0000164	CCC28395.1	CAC30209.1
OG0000165	CCC28397.1	CAC31129.1
OG0000166	CCC28398.1	CAC30208.1
OG0000167	CCC28399.1	CAC30207.1
OG0000171	CCC28439.1, CCC28430.1	CAC30184.1
OG0000175	CCC28721.1	CAC29709.1
OG0000177	CCC28845.1	CAC30921.1
OG0000179	CCC28875.1	CAC29616.1
OG0000183	CCC25120.1	CAC29904.1, CAC32224.1
OG0000186	CCC25192.1	CAC32195.1
OG0000188	CCC25238.1	CAC32161.1, CAC29632.1
OG0000190	CCC25263.1	CAC32141.1
OG0000197	CCC25424.1	CAC32013.1
OG0000198	CCC25426.1	CAC32011.1
OG0000200	CCC25566.1	CAC31957.1
OG0000201	CCC25574.1	CAC31950.1
OG0000202	CCC25580.1	CAC31944.1
OG0000203	CCC25590.1	CAC31936.1
OG0000204	CCC25622.1	CAC31214.1
OG0000205	CCC25637.1	CAC31789.1
OG0000209	CCC25766.1	CAC30831.1
OG0000210	CCC25805.1	CAC30793.1
OG0000216	CCC25903.1	CAC31143.1
OG0000217	CCC25940.1	CAC31117.1
OG0000218	CCC25941.1	CAC31116.1
OG0000219	CCC25961.1	CAC31095.1
OG0000220	CCC25966.1	CAC31090.1
OG0000221	CCC25983.1	CAC31079.1
OG0000222	CCC26010.1	CAC31049.1
OG0000223	CCC26011.1	CAC31048.1
OG0000226	CCC26105.1	CAC29763.1
OG0000230	CCC26164.1	CAC31910.1
OG0000231	CCC26167.1	CAC31907.1
OG0000232	CCC26240.1	CAC30462.1
OG0000234	CCC26261.1	CAC30445.1
OG0000239	CCC26387.1	CAC31509.1
OG0000240	CCC26392.1	CAC31514.1
OG0000241	CCC26394.1	CAC31516.1
OG0000245	CCC26566.1	CAC31622.1
OG0000246	CCC26583.1	CAC30755.1
OG0000247	CCC26592.1	CAC30751.1
OG0000250	CCC26664.1	CAC31594.1
OG0000251	CCC26679.1	CAC31607.1
OG0000252	CCC26700.1	CAC31657.1
OG0000253	CCC26719.1	CAC31770.1
OG0000256	CCC26789.1	CAC31746.1
OG0000257	CCC26797.1	CAC31748.1
OG0000258	CCC26912.1	CAC31038.1
OG0000260	CCC26975.1	CAC30986.1
OG0000261	CCC26984.1	CAC30978.1
OG0000263	CCC26999.1	CAC30965.1
OG0000265	CCC27122.1	CAC30374.1
OG0000267	CCC27197.1	CAC31697.1
OG0000268	CCC27213.1	CAC31682.1
OG0000269	CCC27227.1	CAC31209.1, CAC31303.1
OG0000272	CCC27274.1	CAC31263.1
OG0000273	CCC27276.1	CAC31261.1
OG0000274	CCC27282.1	CAC31255.1
OG0000275	CCC27297.1	CAC31241.1
OG0000276	CCC27323.1	CAC30603.1
OG0000279	CCC27443.1	CAC30334.1
OG0000280	CCC27460.1	CAC30128.1
OG0000284	CCC27556.1	CAC31635.1
OG0000285	CCC27578.1, CCC27616.1	CAC30033.1
OG0000286	CCC27603.1	CAC29934.1
OG0000287	CCC27610.1	CAC31571.1
OG0000288	CCC27669.1	CAC30000.1
OG0000289	CCC27745.1	CAC31721.1
OG0000290	CCC27764.1	CAC30714.1
OG0000291	CCC27773.1	CAC31407.1
OG0000292	CCC27823.1	CAC31358.1
OG0000293	CCC27921.1	CAC30513.1
OG0000295	CCC28003.1	CAC31875.1
OG0000296	CCC28056.1	CAC30631.1
OG0000297	CCC28057.1	CAC30632.1
OG0000298	CCC28062.1	CAC30637.1
OG0000299	CCC28063.1	CAC30638.1
OG0000300	CCC28071.1	CAC30645.1
OG0000302	CCC28116.1	CAC30677.1, CAC32015.1
OG0000303	CCC28122.1	CAC30683.1
OG0000304	CCC28142.1	CAC30709.1
OG0000305	CCC28179.1	CAC30178.1
OG0000309	CCC28290.1	CAC30321.1
OG0000312	CCC28351.1	CAC30256.1
OG0000313	CCC28354.1	CAC31795.1
OG0000314	CCC28366.1	CAC30235.1
OG0000321	CCC28423.1	CAC30194.1
OG0000324	CCC28549.1	CAC30920.1
OG0000325	CCC28566.1	CAC31203.1
OG0000328	CCC28710.1	CAC29712.1
OG0000329	CCC28724.1	CAC29706.1
OG0000330	CCC28752.1	CAC31818.1
OG0000331	CCC28795.1	CAC31847.1
OG0000333	CCC28883.1	CAC29610.1
OG0000334	CCC28884.1	CAC29609.1
OG0000335	CCC28939.1	CAC29572.1, CAC31451.1
OG0000342	CCC25075.1	CAC29509.1
OG0000343	CCC25076.1	CAC29510.1
OG0000344	CCC25077.1	CAC29511.1
OG0000345	CCC25078.1	CAC29512.1
OG0000346	CCC25079.1	CAC29513.1
OG0000347	CCC25080.1	CAC29514.1
OG0000348	CCC25083.1	CAC29519.1
OG0000349	CCC25085.1	CAC29521.1
OG0000350	CCC25087.1	CAC29523.1
OG0000351	CCC25088.1	CAC29524.1
OG0000352	CCC25089.1	CAC29525.1
OG0000353	CCC25090.1	CAC29526.1
OG0000354	CCC25091.1	CAC29527.1
OG0000355	CCC25092.1	CAC29528.1
OG0000356	CCC25093.1	CAC29529.1
OG0000357	CCC25094.1	CAC29530.1
OG0000359	CCC25112.1	CAC29536.1
OG0000360	CCC25114.1	CAC29539.1
OG0000361	CCC25115.1	CAC29540.1
OG0000362	CCC25116.1	CAC32228.1
OG0000364	CCC25121.1	CAC32223.1
OG0000365	CCC25123.1	CAC32221.1
OG0000366	CCC25124.1	CAC32220.1
OG0000367	CCC25125.1	CAC32219.1
OG0000368	CCC25127.1	CAC32217.1
OG0000369	CCC25128.1	CAC32216.1
OG0000370	CCC25129.1	CAC32215.1
OG0000371	CCC25130.1	CAC32214.1
OG0000372	CCC25132.1	CAC32212.1
OG0000373	CCC25140.1	CAC32204.1
OG0000375	CCC25177.1	CAC30953.1
OG0000377	CCC25182.1	CAC32203.1
OG0000378	CCC25186.1	CAC32202.1
OG0000380	CCC25191.1	CAC32196.1
OG0000381	CCC25194.1	CAC32193.1
OG0000382	CCC25199.1	CAC32191.1
OG0000384	CCC25211.1	CAC32179.1
OG0000387	CCC25220.1	CAC32172.1
OG0000388	CCC25221.1	CAC32171.1
OG0000390	CCC25229.1	CAC32168.1
OG0000391	CCC25230.1	CAC32167.1
OG0000392	CCC25231.1	CAC32166.1
OG0000393	CCC25235.1	CAC32163.1
OG0000394	CCC25248.1	CAC32127.1
OG0000395	CCC25249.1	CAC32128.1
OG0000396	CCC25250.1	CAC32129.1
OG0000397	CCC25251.1	CAC32130.1
OG0000398	CCC25253.1	CAC32132.1
OG0000399	CCC25256.1	CAC32135.1
OG0000400	CCC25257.1	CAC32136.1
OG0000401	CCC25258.1	CAC32137.1
OG0000402	CCC25262.1	CAC32140.1
OG0000403	CCC25275.1	CAC32149.1
OG0000405	CCC25277.1	CAC32150.1
OG0000406	CCC25279.1	CAC32152.1
OG0000407	CCC25280.1	CAC32153.1
OG0000408	CCC25281.1	CAC32154.1
OG0000409	CCC25284.1	CAC32156.1
OG0000410	CCC25289.1	CAC32159.1
OG0000411	CCC25296.1	CAC32116.1
OG0000412	CCC25297.1	CAC32115.1
OG0000413	CCC25298.1	CAC32114.1
OG0000414	CCC25299.1	CAC32113.1
OG0000415	CCC25300.1	CAC32112.1
OG0000416	CCC25306.1	CAC32105.1
OG0000417	CCC25308.1	CAC32102.1
OG0000418	CCC25310.1	CAC32100.1
OG0000419	CCC25311.1	CAC32099.1
OG0000420	CCC25314.1	CAC32097.1
OG0000421	CCC25315.1	CAC32096.1
OG0000422	CCC25316.1	CAC32095.1
OG0000423	CCC25318.1	CAC32092.1
OG0000424	CCC25323.1	CAC32088.1
OG0000425	CCC25336.1	CAC32081.1
OG0000426	CCC25337.1	CAC32080.1
OG0000427	CCC25343.1	CAC32077.1
OG0000430	CCC25356.1	CAC32068.1
OG0000431	CCC25357.1	CAC32067.1
OG0000432	CCC25358.1	CAC32066.1
OG0000433	CCC25363.1	CAC32061.1
OG0000434	CCC25364.1	CAC32060.1
OG0000435	CCC25365.1	CAC32059.1
OG0000436	CCC25366.1	CAC32058.1
OG0000439	CCC25383.1	CAC32053.1
OG0000442	CCC25395.1	CAC32024.1
OG0000444	CCC25408.1	CAC32020.1
OG0000445	CCC25411.1	CAC32019.1
OG0000446	CCC25412.1	CAC32018.1
OG0000447	CCC25425.1	CAC32012.1
OG0000448	CCC25427.1	CAC32010.1
OG0000449	CCC25431.1	CAC29788.1
OG0000450	CCC25432.1	CAC29789.1
OG0000451	CCC25434.1	CAC29792.1
OG0000452	CCC25435.1	CAC29793.1
OG0000453	CCC25438.1	CAC29795.1
OG0000454	CCC25454.1	CAC32002.1
OG0000455	CCC25456.1	CAC32004.1
OG0000456	CCC25457.1	CAC32006.1
OG0000457	CCC25458.1	CAC32007.1
OG0000458	CCC25464.1	CAC29784.1
OG0000459	CCC25465.1	CAC29783.1
OG0000460	CCC25475.1	CAC29779.1
OG0000461	CCC25480.1	CAC29778.1
OG0000462	CCC25484.1	CAC29812.1
OG0000463	CCC25485.1	CAC29811.1
OG0000464	CCC25488.1	CAC29808.1
OG0000465	CCC25489.1	CAC29807.1
OG0000466	CCC25490.1	CAC29806.1
OG0000467	CCC25491.1	CAC29805.1
OG0000469	CCC25496.1	CAC29803.1
OG0000470	CCC25497.1	CAC29802.1
OG0000471	CCC25500.1	CAC30887.1
OG0000472	CCC25503.1	CAC30884.1
OG0000473	CCC25504.1	CAC30882.1
OG0000474	CCC25505.1	CAC30881.1
OG0000476	CCC25510.1	CAC29818.1
OG0000477	CCC25511.1	CAC29819.1
OG0000478	CCC25529.1	CAC31896.1
OG0000479	CCC25537.1	CAC31903.1
OG0000480	CCC25538.1	CAC31904.1
OG0000481	CCC25539.1	CAC31982.1
OG0000482	CCC25541.1	CAC31980.1
OG0000483	CCC25543.1	CAC31978.1
OG0000484	CCC25548.1	CAC31974.1
OG0000485	CCC25551.1	CAC31971.1
OG0000486	CCC25552.1	CAC31970.1
OG0000487	CCC25553.1	CAC31969.1
OG0000488	CCC25554.1	CAC31968.1
OG0000489	CCC25555.1	CAC31967.1
OG0000490	CCC25556.1	CAC31966.1
OG0000492	CCC25558.1	CAC31964.1
OG0000493	CCC25559.1	CAC31963.1
OG0000494	CCC25562.1	CAC31960.1
OG0000495	CCC25563.1	CAC31959.1
OG0000496	CCC25565.1	CAC31958.1
OG0000497	CCC25567.1	CAC31956.1
OG0000498	CCC25572.1	CAC31952.1
OG0000499	CCC25573.1	CAC31951.1
OG0000500	CCC25575.1	CAC31949.1
OG0000501	CCC25577.1	CAC31947.1
OG0000502	CCC25578.1	CAC31946.1
OG0000503	CCC25581.1	CAC31943.1
OG0000504	CCC25582.1	CAC31942.1
OG0000505	CCC25583.1	CAC31941.1
OG0000506	CCC25584.1	CAC31940.1
OG0000507	CCC25588.1	CAC31938.1
OG0000508	CCC25589.1	CAC31937.1
OG0000509	CCC25591.1	CAC31935.1
OG0000510	CCC25603.1	CAC31930.1
OG0000511	CCC25604.1	CAC31929.1
OG0000512	CCC25605.1	CAC31928.1
OG0000513	CCC25606.1	CAC31927.1
OG0000514	CCC25607.1	CAC31926.1
OG0000515	CCC25608.1	CAC31925.1
OG0000516	CCC25610.1	CAC31923.1
OG0000517	CCC25613.1	CAC31922.1
OG0000518	CCC25621.1	CAC31213.1
OG0000519	CCC25623.1	CAC31215.1
OG0000520	CCC25624.1	CAC31216.1
OG0000521	CCC25625.1	CAC31217.1
OG0000523	CCC25627.1	CAC31219.1
OG0000524	CCC25632.1	CAC31784.1
OG0000525	CCC25633.1	CAC31785.1
OG0000526	CCC25634.1	CAC31786.1
OG0000527	CCC25635.1	CAC31787.1
OG0000528	CCC25638.1	CAC31790.1
OG0000529	CCC25640.1	CAC31792.1
OG0000530	CCC25642.1	CAC31794.1
OG0000531	CCC25713.1	CAC30867.1
OG0000532	CCC25714.1	CAC30866.1
OG0000533	CCC25715.1	CAC30865.1
OG0000534	CCC25716.1	CAC30864.1
OG0000535	CCC25717.1	CAC30863.1
OG0000536	CCC25718.1	CAC30862.1
OG0000537	CCC25719.1	CAC30861.1
OG0000538	CCC25720.1	CAC30860.1
OG0000539	CCC25721.1	CAC30859.1
OG0000540	CCC25722.1	CAC30858.1
OG0000541	CCC25723.1	CAC30857.1
OG0000542	CCC25727.1	CAC30853.1
OG0000543	CCC25728.1	CAC30852.1
OG0000544	CCC25732.1	CAC30850.1
OG0000545	CCC25733.1	CAC30849.1
OG0000546	CCC25736.1	CAC30846.1
OG0000547	CCC25748.1	CAC30845.1
OG0000548	CCC25749.1	CAC30844.1
OG0000549	CCC25751.1	CAC30843.1
OG0000550	CCC25763.1	CAC30834.1
OG0000551	CCC25764.1	CAC30833.1
OG0000552	CCC25765.1	CAC30832.1
OG0000553	CCC25781.1	CAC30818.1
OG0000554	CCC25782.1	CAC30817.1
OG0000555	CCC25783.1	CAC30816.1
OG0000556	CCC25784.1	CAC30815.1
OG0000557	CCC25785.1	CAC30814.1
OG0000558	CCC25786.1	CAC30813.1
OG0000559	CCC25787.1	CAC30812.1
OG0000560	CCC25788.1	CAC30811.1
OG0000561	CCC25789.1	CAC30810.1
OG0000562	CCC25790.1	CAC30809.1
OG0000563	CCC25791.1	CAC30808.1
OG0000565	CCC25795.1	CAC30803.1
OG0000566	CCC25796.1	CAC30802.1
OG0000567	CCC25797.1	CAC30801.1
OG0000568	CCC25798.1	CAC30800.1
OG0000569	CCC25799.1	CAC30799.1
OG0000570	CCC25800.1	CAC30798.1
OG0000571	CCC25801.1	CAC30797.1
OG0000572	CCC25802.1	CAC30796.1
OG0000573	CCC25803.1	CAC30795.1
OG0000574	CCC25804.1	CAC30794.1
OG0000575	CCC25812.1	CAC30789.1
OG0000576	CCC25814.1	CAC30787.1
OG0000577	CCC25815.1	CAC30786.1
OG0000578	CCC25816.1	CAC30785.1
OG0000580	CCC25843.1	CAC31193.1
OG0000585	CCC25856.1	CAC31191.1
OG0000586	CCC25861.1	CAC31186.1
OG0000587	CCC25864.1	CAC31183.1
OG0000588	CCC25865.1	CAC31182.1
OG0000589	CCC25871.1	CAC31175.1
OG0000590	CCC25872.1	CAC31174.1
OG0000591	CCC25882.1	CAC31168.1
OG0000592	CCC25885.1	CAC31166.1
OG0000593	CCC25887.1	CAC31165.1
OG0000594	CCC25889.1	CAC31162.1
OG0000595	CCC25890.1	CAC31161.1
OG0000596	CCC25891.1	CAC31160.1
OG0000597	CCC25892.1	CAC31159.1
OG0000598	CCC25893.1	CAC31158.1
OG0000599	CCC25895.1	CAC31155.1
OG0000600	CCC25898.1	CAC31151.1
OG0000601	CCC25899.1	CAC31150.1
OG0000602	CCC25901.1	CAC31148.1
OG0000603	CCC25905.1	CAC31141.1
OG0000607	CCC25934.1	CAC31122.1
OG0000609	CCC25942.1	CAC31112.1
OG0000610	CCC25943.1	CAC31111.1
OG0000611	CCC25944.1	CAC31110.1
OG0000612	CCC25948.1	CAC31106.1
OG0000613	CCC25952.1	CAC31102.1
OG0000614	CCC25956.1	CAC31099.1
OG0000615	CCC25957.1	CAC31098.1
OG0000616	CCC25958.1	CAC31097.1
OG0000617	CCC25960.1	CAC31096.1
OG0000618	CCC25964.1	CAC31092.1
OG0000619	CCC25965.1	CAC31091.1
OG0000620	CCC25967.1	CAC31089.1
OG0000621	CCC25977.1	CAC31085.1
OG0000622	CCC25984.1	CAC31078.1
OG0000623	CCC25986.1	CAC31073.1
OG0000624	CCC25991.1	CAC31068.1
OG0000625	CCC25993.1	CAC31066.1
OG0000626	CCC26005.1	CAC31053.1
OG0000630	CCC26027.1	CAC29658.1
OG0000631	CCC26029.1	CAC29659.1
OG0000632	CCC26030.1	CAC29661.1
OG0000633	CCC26031.1	CAC29662.1
OG0000634	CCC26032.1	CAC29663.1
OG0000635	CCC26033.1	CAC29664.1
OG0000636	CCC26035.1	CAC29666.1
OG0000637	CCC26036.1	CAC29667.1
OG0000638	CCC26037.1	CAC29668.1
OG0000639	CCC26038.1	CAC29669.1
OG0000640	CCC26047.1	CAC29677.1
OG0000641	CCC26051.1	CAC30952.1
OG0000642	CCC26061.1	CAC29681.1
OG0000643	CCC26063.1	CAC29682.1
OG0000644	CCC26064.1	CAC29683.1
OG0000645	CCC26065.1	CAC29684.1
OG0000646	CCC26066.1	CAC29685.1
OG0000647	CCC26067.1	CAC29686.1
OG0000649	CCC26073.1	CAC29688.1
OG0000650	CCC26074.1	CAC29689.1
OG0000651	CCC26075.1	CAC29690.1
OG0000652	CCC26076.1	CAC29691.1
OG0000653	CCC26077.1	CAC29692.1
OG0000654	CCC26078.1	CAC29693.1
OG0000655	CCC26080.1	CAC29695.1
OG0000656	CCC26084.1	CAC29700.1
OG0000657	CCC26085.1	CAC29701.1
OG0000659	CCC26089.1	CAC29746.1
OG0000660	CCC26090.1	CAC29747.1
OG0000661	CCC26091.1	CAC29748.1
OG0000662	CCC26092.1	CAC29749.1
OG0000663	CCC26093.1	CAC29750.1
OG0000664	CCC26095.1	CAC29751.1
OG0000665	CCC26096.1	CAC29752.1
OG0000666	CCC26097.1	CAC29753.1
OG0000667	CCC26098.1	CAC29754.1
OG0000668	CCC26099.1	CAC29756.1
OG0000669	CCC26100.1	CAC29757.1
OG0000670	CCC26102.1	CAC29760.1
OG0000671	CCC26106.1	CAC29764.1
OG0000672	CCC26107.1	CAC29765.1
OG0000673	CCC26108.1	CAC29766.1
OG0000674	CCC26156.1	CAC31917.1
OG0000675	CCC26157.1	CAC31916.1
OG0000676	CCC26163.1	CAC31911.1
OG0000677	CCC26165.1	CAC31909.1
OG0000678	CCC26166.1	CAC31908.1
OG0000679	CCC26168.1	CAC31906.1
OG0000680	CCC26171.1	CAC31984.1
OG0000682	CCC26179.1	CAC30909.1
OG0000683	CCC26181.1	CAC30907.1
OG0000684	CCC26182.1	CAC30906.1
OG0000685	CCC26183.1	CAC30905.1
OG0000686	CCC26185.1	CAC30902.1
OG0000687	CCC26186.1	CAC30901.1
OG0000688	CCC26187.1	CAC30900.1
OG0000689	CCC26193.1	CAC30897.1
OG0000690	CCC26194.1	CAC30896.1
OG0000691	CCC26195.1	CAC30895.1
OG0000692	CCC26196.1	CAC30894.1
OG0000693	CCC26197.1	CAC30893.1
OG0000694	CCC26198.1	CAC30892.1
OG0000695	CCC26199.1	CAC30891.1
OG0000697	CCC26215.1	CAC31336.1
OG0000699	CCC26221.1	CAC31342.1
OG0000703	CCC26244.1	CAC30459.1
OG0000704	CCC26246.1	CAC30457.1
OG0000705	CCC26247.1	CAC30456.1
OG0000706	CCC26248.1	CAC30455.1
OG0000707	CCC26249.1	CAC30454.1
OG0000709	CCC26255.1	CAC30448.1
OG0000710	CCC26256.1	CAC30447.1
OG0000711	CCC26262.1	CAC30444.1
OG0000712	CCC26264.1	CAC30442.1
OG0000713	CCC26269.1	CAC30438.1
OG0000714	CCC26275.1	CAC31613.1
OG0000715	CCC26284.1	CAC31432.1
OG0000716	CCC26292.1	CAC31439.1
OG0000717	CCC26293.1	CAC31440.1
OG0000718	CCC26296.1	CAC31442.1
OG0000719	CCC26298.1	CAC31444.1
OG0000720	CCC26299.1	CAC31445.1
OG0000721	CCC26300.1	CAC31446.1
OG0000722	CCC26301.1	CAC31447.1
OG0000723	CCC26304.1	CAC31450.1
OG0000724	CCC26311.1	CAC31456.1
OG0000725	CCC26312.1	CAC31457.1
OG0000726	CCC26313.1	CAC31458.1
OG0000727	CCC26314.1	CAC31459.1
OG0000728	CCC26315.1	CAC31460.1
OG0000729	CCC26320.1	CAC31461.1
OG0000732	CCC26326.1	CAC31467.1
OG0000733	CCC26327.1	CAC31468.1
OG0000734	CCC26328.1	CAC31469.1
OG0000735	CCC26329.1	CAC31470.1
OG0000736	CCC26330.1	CAC31471.1
OG0000737	CCC26331.1	CAC31472.1
OG0000738	CCC26335.1	CAC31474.1
OG0000739	CCC26339.1	CAC31476.1
OG0000740	CCC26340.1	CAC31477.1
OG0000741	CCC26342.1	CAC31479.1
OG0000742	CCC26343.1	CAC31480.1
OG0000743	CCC26345.1	CAC31482.1
OG0000744	CCC26348.1	CAC31484.1
OG0000745	CCC26350.1	CAC31486.1
OG0000747	CCC26365.1	CAC31494.1
OG0000748	CCC26366.1	CAC31495.1
OG0000749	CCC26367.1	CAC31496.1
OG0000750	CCC26368.1	CAC31497.1
OG0000751	CCC26369.1	CAC31498.1
OG0000752	CCC26370.1	CAC31500.1
OG0000753	CCC26371.1	CAC31501.1
OG0000755	CCC26373.1	CAC31502.1
OG0000756	CCC26374.1	CAC31503.1
OG0000757	CCC26375.1	CAC31504.1
OG0000758	CCC26376.1	CAC31505.1
OG0000760	CCC26386.1	CAC31508.1
OG0000761	CCC26388.1	CAC31510.1
OG0000762	CCC26389.1	CAC31511.1
OG0000763	CCC26390.1	CAC31512.1
OG0000764	CCC26393.1	CAC31515.1
OG0000765	CCC26395.1	CAC31517.1
OG0000766	CCC26396.1	CAC31518.1
OG0000767	CCC26397.1	CAC31519.1
OG0000768	CCC26398.1	CAC31520.1
OG0000769	CCC26399.1	CAC31521.1
OG0000770	CCC26400.1	CAC31522.1
OG0000771	CCC26401.1	CAC31523.1
OG0000772	CCC26402.1	CAC31524.1
OG0000773	CCC26403.1	CAC31525.1
OG0000774	CCC26404.1	CAC31526.1
OG0000775	CCC26405.1	CAC31527.1
OG0000776	CCC26406.1	CAC31528.1
OG0000777	CCC26408.1	CAC31530.1
OG0000778	CCC26409.1	CAC31531.1
OG0000779	CCC26410.1	CAC31532.1
OG0000780	CCC26416.1	CAC31536.1
OG0000781	CCC26418.1	CAC31538.1
OG0000782	CCC26419.1	CAC31539.1
OG0000783	CCC26420.1	CAC31540.1
OG0000784	CCC26427.1	CAC31546.1
OG0000785	CCC26428.1	CAC31547.1
OG0000786	CCC26429.1	CAC31548.1
OG0000787	CCC26433.1	CAC31552.1
OG0000788	CCC26434.1	CAC31553.1
OG0000789	CCC26435.1	CAC31554.1
OG0000790	CCC26436.1	CAC31555.1
OG0000791	CCC26437.1	CAC31556.1
OG0000792	CCC26438.1	CAC31557.1
OG0000793	CCC26439.1	CAC31558.1
OG0000797	CCC26451.1	CAC30704.1
OG0000799	CCC26474.1	CAC30040.1
OG0000800	CCC26475.1	CAC30041.1
OG0000801	CCC26477.1	CAC30043.1
OG0000802	CCC26478.1	CAC30044.1
OG0000803	CCC26479.1	CAC30045.1
OG0000804	CCC26482.1	CAC30048.1
OG0000805	CCC26483.1	CAC30049.1
OG0000806	CCC26484.1	CAC30050.1
OG0000807	CCC26485.1	CAC30051.1
OG0000808	CCC26486.1	CAC30052.1
OG0000809	CCC26496.1	CAC30056.1
OG0000810	CCC26498.1	CAC30058.1
OG0000811	CCC26499.1	CAC30059.1
OG0000812	CCC26500.1	CAC30060.1
OG0000813	CCC26502.1	CAC30062.1
OG0000814	CCC26503.1	CAC30063.1
OG0000815	CCC26504.1	CAC30064.1
OG0000816	CCC26505.1	CAC30065.1
OG0000817	CCC26506.1	CAC30066.1
OG0000818	CCC26509.1	CAC30067.1
OG0000819	CCC26510.1	CAC30068.1
OG0000820	CCC26511.1	CAC30069.1
OG0000821	CCC26514.1	CAC30070.1
OG0000822	CCC26515.1	CAC30071.1
OG0000823	CCC26516.1	CAC30072.1
OG0000824	CCC26517.1	CAC30073.1
OG0000827	CCC26527.1	CAC30077.1
OG0000828	CCC26530.1	CAC30078.1
OG0000829	CCC26531.1	CAC30079.1
OG0000830	CCC26532.1	CAC30080.1
OG0000831	CCC26534.1	CAC30085.1
OG0000833	CCC26539.1	CAC30087.1
OG0000834	CCC26540.1	CAC30088.1
OG0000835	CCC26542.1	CAC30090.1
OG0000836	CCC26543.1	CAC30091.1
OG0000837	CCC26545.1	CAC30092.1
OG0000838	CCC26550.1	CAC30095.1
OG0000839	CCC26551.1	CAC30097.1
OG0000840	CCC26552.1	CAC30098.1
OG0000841	CCC26553.1	CAC30099.1
OG0000842	CCC26554.1	CAC30100.1
OG0000843	CCC26555.1	CAC30101.1
OG0000844	CCC26556.1	CAC30102.1
OG0000845	CCC26557.1	CAC30103.1
OG0000846	CCC26558.1	CAC30104.1
OG0000847	CCC26559.1	CAC30105.1
OG0000848	CCC26560.1	CAC30106.1
OG0000849	CCC26565.1	CAC30771.1
OG0000850	CCC26567.1	CAC30769.1
OG0000852	CCC26570.1	CAC30767.1
OG0000853	CCC26571.1	CAC30766.1
OG0000854	CCC26572.1	CAC30765.1
OG0000855	CCC26573.1	CAC30764.1
OG0000856	CCC26574.1	CAC30763.1
OG0000857	CCC26575.1	CAC30762.1
OG0000858	CCC26578.1	CAC30760.1
OG0000859	CCC26579.1	CAC30759.1
OG0000860	CCC26580.1	CAC30758.1
OG0000861	CCC26581.1	CAC30757.1
OG0000862	CCC26582.1	CAC30756.1
OG0000863	CCC26588.1	CAC30753.1
OG0000866	CCC26635.1	CAC31576.1
OG0000868	CCC26637.1	CAC31579.1
OG0000869	CCC26638.1	CAC31580.1
OG0000870	CCC26639.1	CAC31581.1
OG0000873	CCC26646.1	CAC31588.1
OG0000876	CCC26658.1	CAC31590.1
OG0000878	CCC26665.1	CAC31595.1
OG0000879	CCC26667.1	CAC31597.1
OG0000880	CCC26668.1	CAC31598.1
OG0000881	CCC26669.1	CAC31599.1
OG0000882	CCC26673.1	CAC31601.1
OG0000883	CCC26674.1	CAC31602.1
OG0000884	CCC26675.1	CAC31603.1
OG0000886	CCC26677.1	CAC31605.1
OG0000887	CCC26678.1	CAC31606.1
OG0000888	CCC26680.1	CAC31608.1
OG0000889	CCC26683.1	CAC31638.1
OG0000890	CCC26684.1	CAC31639.1
OG0000891	CCC26685.1	CAC31640.1
OG0000892	CCC26686.1	CAC31641.1
OG0000893	CCC26687.1	CAC31642.1
OG0000895	CCC26689.1	CAC31644.1
OG0000896	CCC26690.1	CAC31645.1
OG0000897	CCC26691.1	CAC31648.1
OG0000898	CCC26693.1	CAC31650.1
OG0000899	CCC26694.1	CAC31651.1
OG0000900	CCC26695.1	CAC31652.1
OG0000901	CCC26696.1	CAC31653.1
OG0000902	CCC26697.1	CAC31654.1
OG0000903	CCC26698.1	CAC31655.1
OG0000904	CCC26701.1	CAC31658.1
OG0000905	CCC26702.1	CAC31659.1
OG0000906	CCC26709.1	CAC31857.1
OG0000907	CCC26710.1	CAC31667.1
OG0000909	CCC26713.1	CAC31762.1
OG0000910	CCC26714.1	CAC31763.1
OG0000911	CCC26715.1	CAC31764.1
OG0000912	CCC26717.1	CAC31768.1
OG0000913	CCC26720.1	CAC31771.1
OG0000914	CCC26721.1	CAC31773.1
OG0000915	CCC26724.1	CAC31774.1
OG0000916	CCC26725.1	CAC31775.1
OG0000917	CCC26726.1	CAC31776.1
OG0000918	CCC26727.1	CAC31777.1
OG0000919	CCC26728.1	CAC31778.1
OG0000920	CCC26731.1	CAC31780.1
OG0000922	CCC26733.1	CAC30352.1
OG0000923	CCC26734.1	CAC30353.1
OG0000924	CCC26736.1	CAC30357.1
OG0000925	CCC26737.1	CAC30358.1
OG0000926	CCC26738.1	CAC30359.1
OG0000927	CCC26739.1	CAC30360.1
OG0000928	CCC26740.1	CAC30361.1
OG0000929	CCC26741.1	CAC30362.1
OG0000930	CCC26742.1	CAC30363.1
OG0000931	CCC26743.1	CAC30364.1
OG0000932	CCC26771.1	CAC31727.1
OG0000933	CCC26772.1	CAC31728.1
OG0000936	CCC26776.1	CAC31732.1
OG0000937	CCC26777.1	CAC31733.1
OG0000938	CCC26781.1	CAC31738.1
OG0000939	CCC26782.1	CAC31739.1
OG0000940	CCC26783.1	CAC31740.1
OG0000941	CCC26784.1	CAC31741.1
OG0000942	CCC26785.1	CAC31742.1
OG0000943	CCC26786.1	CAC31743.1
OG0000944	CCC26787.1	CAC31744.1
OG0000946	CCC26798.1	CAC31749.1
OG0000947	CCC26799.1	CAC31750.1
OG0000948	CCC26800.1	CAC31751.1
OG0000949	CCC26801.1	CAC31752.1
OG0000950	CCC26802.1	CAC31753.1
OG0000953	CCC26872.1	CAC31761.1
OG0000954	CCC26874.1	CAC30495.1
OG0000955	CCC26876.1	CAC30494.1
OG0000956	CCC26886.1	CAC30491.1
OG0000957	CCC26887.1	CAC30490.1
OG0000958	CCC26888.1	CAC30489.1
OG0000959	CCC26889.1	CAC30488.1
OG0000960	CCC26890.1	CAC30487.1
OG0000965	CCC26911.1	CAC31039.1
OG0000966	CCC26913.1	CAC31037.1
OG0000967	CCC26914.1	CAC31036.1
OG0000968	CCC26918.1	CAC31032.1
OG0000969	CCC26919.1	CAC31031.1
OG0000970	CCC26920.1	CAC31030.1
OG0000971	CCC26921.1	CAC31029.1
OG0000972	CCC26922.1	CAC31028.1
OG0000973	CCC26924.1	CAC31027.1
OG0000974	CCC26928.1	CAC31025.1
OG0000975	CCC26929.1	CAC31024.1
OG0000976	CCC26935.1	CAC31021.1
OG0000977	CCC26937.1	CAC31019.1
OG0000978	CCC26938.1	CAC31018.1
OG0000979	CCC26948.1	CAC31014.1
OG0000980	CCC26952.1	CAC31010.1
OG0000981	CCC26953.1	CAC31009.1
OG0000982	CCC26954.1	CAC31008.1
OG0000985	CCC26963.1	CAC31003.1
OG0000986	CCC26964.1	CAC31001.1
OG0000987	CCC26968.1	CAC30993.1
OG0000989	CCC26976.1	CAC30985.1
OG0000991	CCC26989.1	CAC30975.1
OG0000992	CCC26994.1	CAC30970.1
OG0000993	CCC26996.1	CAC30967.1
OG0000994	CCC26998.1	CAC30966.1
OG0000995	CCC27009.1	CAC30940.1
OG0000996	CCC27012.1	CAC30938.1
OG0000999	CCC27123.1	CAC30375.1
OG0001000	CCC27124.1	CAC30376.1
OG0001001	CCC27125.1	CAC30377.1
OG0001002	CCC27126.1	CAC30378.1
OG0001003	CCC27135.1	CAC30389.1
OG0001005	CCC27139.1	CAC30394.1
OG0001006	CCC27145.1	CAC29843.1
OG0001007	CCC27146.1	CAC30396.1
OG0001008	CCC27154.1	CAC30398.1
OG0001009	CCC27175.1	CAC31715.1
OG0001010	CCC27176.1	CAC31714.1
OG0001011	CCC27177.1	CAC31713.1
OG0001012	CCC27178.1	CAC31712.1
OG0001013	CCC27179.1	CAC31711.1
OG0001014	CCC27180.1	CAC31710.1
OG0001015	CCC27181.1	CAC31709.1
OG0001017	CCC27191.1	CAC31704.1
OG0001018	CCC27192.1	CAC31703.1
OG0001019	CCC27193.1	CAC31702.1
OG0001020	CCC27194.1	CAC31701.1
OG0001021	CCC27198.1	CAC31696.1
OG0001022	CCC27199.1	CAC31695.1
OG0001023	CCC27200.1	CAC31694.1
OG0001024	CCC27201.1	CAC31693.1
OG0001025	CCC27203.1	CAC31691.1
OG0001026	CCC27204.1	CAC31690.1
OG0001027	CCC27207.1	CAC31687.1
OG0001028	CCC27212.1	CAC31683.1
OG0001029	CCC27215.1	CAC31681.1
OG0001030	CCC27216.1	CAC31680.1
OG0001031	CCC27217.1	CAC31679.1
OG0001032	CCC27218.1	CAC31678.1
OG0001033	CCC27221.1	CAC31674.1
OG0001034	CCC27222.1	CAC31670.1
OG0001035	CCC27223.1	CAC31669.1
OG0001036	CCC27226.1	CAC31304.1
OG0001037	CCC27228.1	CAC31302.1
OG0001038	CCC27229.1	CAC31301.1
OG0001039	CCC27230.1	CAC31300.1
OG0001040	CCC27231.1	CAC31299.1
OG0001041	CCC27232.1	CAC31298.1
OG0001042	CCC27234.1	CAC31296.1
OG0001043	CCC27235.1	CAC31295.1
OG0001044	CCC27237.1	CAC31293.1
OG0001045	CCC27238.1	CAC31292.1
OG0001046	CCC27239.1	CAC31291.1
OG0001047	CCC27240.1	CAC31290.1
OG0001048	CCC27246.1	CAC31289.1
OG0001049	CCC27247.1	CAC31288.1
OG0001050	CCC27248.1	CAC31287.1
OG0001051	CCC27249.1	CAC31286.1
OG0001052	CCC27250.1	CAC31285.1
OG0001053	CCC27251.1	CAC31284.1
OG0001054	CCC27252.1	CAC31283.1
OG0001055	CCC27253.1	CAC31282.1
OG0001056	CCC27256.1	CAC31279.1
OG0001057	CCC27257.1	CAC31278.1
OG0001058	CCC27259.1	CAC31277.1
OG0001059	CCC27260.1	CAC31276.1
OG0001060	CCC27262.1	CAC31274.1
OG0001061	CCC27263.1	CAC31273.1
OG0001062	CCC27264.1	CAC31272.1
OG0001063	CCC27265.1	CAC31271.1
OG0001064	CCC27266.1	CAC31270.1
OG0001065	CCC27267.1	CAC31269.1
OG0001066	CCC27269.1	CAC31267.1
OG0001067	CCC27271.1	CAC31266.1
OG0001068	CCC27275.1	CAC31262.1
OG0001069	CCC27277.1	CAC31260.1
OG0001070	CCC27278.1	CAC31259.1
OG0001071	CCC27279.1	CAC31258.1
OG0001072	CCC27280.1	CAC31257.1
OG0001073	CCC27281.1	CAC31256.1
OG0001074	CCC27283.1	CAC31254.1
OG0001075	CCC27284.1	CAC31253.1
OG0001076	CCC27285.1	CAC31252.1
OG0001077	CCC27287.1	CAC31250.1
OG0001078	CCC27288.1	CAC31249.1
OG0001079	CCC27291.1	CAC31247.1
OG0001080	CCC27292.1	CAC31246.1
OG0001081	CCC27294.1	CAC31245.1
OG0001082	CCC27295.1	CAC31243.1
OG0001083	CCC27296.1	CAC31242.1
OG0001084	CCC27298.1	CAC31240.1
OG0001085	CCC27299.1	CAC31239.1
OG0001086	CCC27300.1	CAC31238.1
OG0001087	CCC27302.1	CAC31306.1
OG0001088	CCC27303.1	CAC30581.1
OG0001089	CCC27304.1	CAC30582.1
OG0001090	CCC27305.1	CAC30583.1
OG0001091	CCC27306.1	CAC30584.1
OG0001092	CCC27307.1	CAC30586.1
OG0001093	CCC27310.1	CAC30588.1
OG0001094	CCC27311.1	CAC30589.1
OG0001095	CCC27312.1	CAC30590.1
OG0001096	CCC27316.1	CAC30595.1
OG0001097	CCC27320.1	CAC30600.1
OG0001098	CCC27322.1	CAC30602.1
OG0001099	CCC27324.1	CAC30604.1
OG0001100	CCC27325.1	CAC30605.1
OG0001101	CCC27328.1	CAC30608.1
OG0001102	CCC27338.1	CAC30735.1
OG0001103	CCC27339.1	CAC30736.1
OG0001104	CCC27340.1	CAC30737.1
OG0001107	CCC27371.1	CAC30747.1
OG0001108	CCC27398.1	CAC30721.1
OG0001109	CCC27399.1	CAC30722.1
OG0001110	CCC27400.1	CAC30723.1
OG0001111	CCC27407.1	CAC31230.1
OG0001112	CCC27408.1	CAC31229.1
OG0001113	CCC27417.1	CAC30349.1
OG0001114	CCC27418.1	CAC30348.1
OG0001115	CCC27425.1	CAC30344.1
OG0001116	CCC27426.1	CAC30343.1
OG0001117	CCC27427.1	CAC30341.1
OG0001118	CCC27441.1	CAC30336.1
OG0001119	CCC27442.1	CAC30335.1
OG0001120	CCC27445.1	CAC30142.1
OG0001121	CCC27446.1	CAC30141.1
OG0001122	CCC27448.1	CAC30139.1
OG0001123	CCC27451.1	CAC30136.1
OG0001124	CCC27452.1	CAC30135.1
OG0001125	CCC27456.1	CAC30134.1
OG0001126	CCC27457.1	CAC30133.1
OG0001127	CCC27458.1	CAC30132.1
OG0001132	CCC27484.1	CAC30123.1
OG0001133	CCC27486.1	CAC30122.1
OG0001135	CCC27489.1	CAC30119.1
OG0001136	CCC27494.1	CAC30115.1
OG0001137	CCC27495.1	CAC30114.1
OG0001138	CCC27496.1	CAC30113.1
OG0001139	CCC27497.1	CAC30112.1
OG0001140	CCC27498.1	CAC30111.1
OG0001141	CCC27504.1	CAC30402.1
OG0001142	CCC27505.1	CAC30403.1
OG0001143	CCC27506.1	CAC30404.1
OG0001144	CCC27512.1	CAC30408.1
OG0001145	CCC27514.1	CAC30997.1
OG0001148	CCC27524.1	CAC30413.1
OG0001149	CCC27526.1	CAC30414.1
OG0001150	CCC27527.1	CAC30415.1
OG0001151	CCC27528.1	CAC30416.1
OG0001152	CCC27529.1	CAC30417.1
OG0001153	CCC27531.1	CAC30418.1
OG0001154	CCC27532.1	CAC30419.1
OG0001155	CCC27533.1	CAC30420.1
OG0001156	CCC27534.1	CAC30421.1
OG0001157	CCC27535.1	CAC30422.1
OG0001158	CCC27544.1	CAC30427.1
OG0001159	CCC27545.1	CAC30428.1
OG0001160	CCC27547.1	CAC30429.1
OG0001161	CCC27548.1	CAC30430.1
OG0001162	CCC27549.1	CAC30431.1
OG0001163	CCC27552.1	CAC30434.1
OG0001164	CCC27553.1	CAC30435.1
OG0001165	CCC27554.1	CAC30436.1
OG0001166	CCC27555.1	CAC31636.1
OG0001167	CCC27557.1	CAC31634.1
OG0001168	CCC27563.1	CAC31630.1
OG0001169	CCC27564.1	CAC31629.1
OG0001170	CCC27567.1	CAC31627.1
OG0001171	CCC27568.1	CAC31626.1
OG0001172	CCC27569.1	CAC31625.1
OG0001176	CCC27592.1	CAC29939.1
OG0001177	CCC27593.1	CAC29938.1
OG0001178	CCC27594.1	CAC29937.1
OG0001179	CCC27596.1	CAC29935.1
OG0001180	CCC27605.1	CAC29933.1
OG0001181	CCC27606.1	CAC29932.1
OG0001182	CCC27607.1	CAC31574.1
OG0001183	CCC27608.1	CAC31573.1
OG0001184	CCC27609.1	CAC31572.1
OG0001185	CCC27617.1	CAC30032.1
OG0001186	CCC27619.1	CAC30031.1
OG0001187	CCC27620.1	CAC30030.1
OG0001188	CCC27621.1	CAC30029.1
OG0001189	CCC27622.1	CAC30028.1
OG0001190	CCC27623.1	CAC30027.1
OG0001191	CCC27624.1	CAC30026.1
OG0001192	CCC27625.1	CAC30025.1
OG0001193	CCC27626.1	CAC30024.1
OG0001194	CCC27639.1	CAC30023.1
OG0001195	CCC27640.1	CAC30022.1
OG0001196	CCC27641.1	CAC30021.1
OG0001197	CCC27642.1	CAC30020.1
OG0001198	CCC27646.1	CAC30018.1
OG0001200	CCC27654.1	CAC32211.1
OG0001201	CCC27656.1	CAC30016.1
OG0001203	CCC27659.1	CAC30009.1
OG0001206	CCC27667.1	CAC30002.1
OG0001207	CCC27668.1	CAC30001.1
OG0001208	CCC27670.1	CAC29999.1
OG0001209	CCC27672.1	CAC29997.1
OG0001210	CCC27673.1	CAC29996.1
OG0001211	CCC27674.1	CAC29995.1
OG0001212	CCC27675.1	CAC29994.1
OG0001213	CCC27676.1	CAC29993.1
OG0001214	CCC27677.1	CAC29992.1
OG0001215	CCC27679.1	CAC29991.1
OG0001216	CCC27680.1	CAC29990.1
OG0001217	CCC27681.1	CAC29989.1
OG0001218	CCC27691.1	CAC29983.1
OG0001219	CCC27692.1	CAC29982.1
OG0001221	CCC27694.1	CAC29958.1
OG0001222	CCC27697.1	CAC29959.1
OG0001223	CCC27698.1	CAC29960.1
OG0001224	CCC27699.1	CAC29961.1
OG0001225	CCC27700.1	CAC29962.1
OG0001226	CCC27701.1	CAC29963.1
OG0001227	CCC27702.1	CAC29964.1
OG0001228	CCC27726.1	CAC29975.1
OG0001229	CCC27746.1	CAC31720.1
OG0001230	CCC27747.1	CAC31719.1
OG0001231	CCC27750.1	CAC31426.1
OG0001232	CCC27751.1	CAC31425.1
OG0001233	CCC27752.1	CAC31424.1
OG0001234	CCC27754.1	CAC31422.1
OG0001235	CCC27755.1	CAC31421.1
OG0001236	CCC27757.1	CAC31418.1
OG0001237	CCC27769.1	CAC31411.1
OG0001238	CCC27770.1	CAC31410.1
OG0001239	CCC27771.1	CAC31409.1
OG0001240	CCC27772.1	CAC31408.1
OG0001241	CCC27774.1	CAC31406.1
OG0001242	CCC27775.1	CAC31405.1
OG0001243	CCC27776.1	CAC31404.1
OG0001244	CCC27777.1	CAC31403.1
OG0001245	CCC27781.1	CAC31398.1
OG0001246	CCC27782.1	CAC31397.1
OG0001247	CCC27783.1	CAC31396.1
OG0001248	CCC27784.1	CAC31395.1
OG0001249	CCC27788.1	CAC31390.1
OG0001250	CCC27791.1	CAC31387.1
OG0001251	CCC27792.1	CAC31386.1
OG0001252	CCC27793.1	CAC31385.1
OG0001253	CCC27794.1	CAC31384.1
OG0001254	CCC27795.1	CAC31383.1
OG0001256	CCC27799.1	CAC31378.1
OG0001257	CCC27800.1	CAC31377.1
OG0001258	CCC27801.1	CAC31376.1
OG0001259	CCC27802.1	CAC31375.1
OG0001260	CCC27806.1	CAC31371.1
OG0001261	CCC27807.1	CAC31370.1
OG0001262	CCC27810.1	CAC31369.1
OG0001263	CCC27811.1	CAC31368.1
OG0001264	CCC27813.1	CAC31367.1
OG0001265	CCC27814.1	CAC31366.1
OG0001266	CCC27815.1	CAC31365.1
OG0001267	CCC27821.1	CAC31360.1
OG0001268	CCC27822.1	CAC31359.1
OG0001269	CCC27827.1	CAC30463.1
OG0001270	CCC27828.1	CAC30464.1
OG0001271	CCC27829.1	CAC30465.1
OG0001272	CCC27838.1	CAC30469.1
OG0001273	CCC27839.1	CAC30470.1
OG0001274	CCC27846.1	CAC30476.1
OG0001275	CCC27847.1	CAC30477.1
OG0001278	CCC27857.1	CAC31236.1
OG0001279	CCC27858.1	CAC31235.1
OG0001280	CCC27860.1	CAC31234.1
OG0001281	CCC27861.1	CAC31233.1
OG0001282	CCC27868.1	CAC30497.1
OG0001283	CCC27869.1	CAC30498.1
OG0001284	CCC27870.1	CAC30499.1
OG0001285	CCC27913.1	CAC30506.1
OG0001286	CCC27914.1	CAC30507.1
OG0001287	CCC27916.1	CAC30509.1
OG0001288	CCC27918.1	CAC30511.1
OG0001289	CCC27919.1	CAC30512.1
OG0001291	CCC27934.1	CAC30524.1
OG0001292	CCC27936.1	CAC30527.1
OG0001293	CCC27939.1	CAC30528.1
OG0001294	CCC27943.1	CAC30532.1
OG0001295	CCC27944.1	CAC30533.1
OG0001296	CCC27945.1	CAC30534.1
OG0001297	CCC27955.1	CAC30540.1
OG0001298	CCC27956.1	CAC30541.1
OG0001299	CCC27957.1	CAC30542.1
OG0001300	CCC27962.1	CAC30547.1
OG0001301	CCC27963.1	CAC30548.1
OG0001302	CCC27964.1	CAC30549.1
OG0001303	CCC27968.1	CAC30551.1
OG0001306	CCC27972.1	CAC30558.1
OG0001307	CCC27975.1	CAC30561.1
OG0001308	CCC27976.1	CAC30562.1
OG0001309	CCC27977.1	CAC30563.1
OG0001310	CCC27978.1	CAC30564.1
OG0001311	CCC27980.1	CAC30566.1
OG0001312	CCC27981.1	CAC30567.1
OG0001313	CCC27982.1	CAC30568.1
OG0001314	CCC27983.1	CAC30569.1
OG0001317	CCC27990.1	CAC30573.1
OG0001318	CCC27991.1	CAC30575.1
OG0001320	CCC27995.1	CAC30579.1
OG0001321	CCC27996.1	CAC30580.1
OG0001322	CCC27999.1	CAC30611.1
OG0001323	CCC28000.1	CAC30612.1
OG0001324	CCC28001.1	CAC30613.1
OG0001325	CCC28002.1	CAC30614.1
OG0001326	CCC28011.1	CAC31868.1
OG0001327	CCC28026.1	CAC29639.1
OG0001328	CCC28040.1	CAC30616.1
OG0001329	CCC28041.1	CAC30617.1
OG0001330	CCC28043.1	CAC30619.1
OG0001331	CCC28044.1	CAC30620.1
OG0001332	CCC28049.1	CAC30624.1
OG0001333	CCC28051.1	CAC30628.1
OG0001334	CCC28052.1	CAC30629.1
OG0001335	CCC28055.1	CAC30630.1
OG0001336	CCC28058.1	CAC30633.1
OG0001337	CCC28059.1	CAC30634.1
OG0001338	CCC28060.1	CAC30635.1
OG0001339	CCC28061.1	CAC30636.1
OG0001341	CCC28067.1	CAC30641.1
OG0001342	CCC28068.1	CAC30642.1
OG0001343	CCC28077.1	CAC30647.1
OG0001344	CCC28078.1	CAC30648.1
OG0001345	CCC28081.1	CAC30651.1
OG0001346	CCC28082.1	CAC30652.1
OG0001347	CCC28085.1	CAC30653.1
OG0001348	CCC28086.1	CAC30654.1
OG0001349	CCC28087.1	CAC30655.1
OG0001350	CCC28088.1	CAC30656.1
OG0001351	CCC28089.1	CAC30657.1
OG0001352	CCC28091.1	CAC30659.1
OG0001353	CCC28101.1	CAC30660.1
OG0001354	CCC28102.1	CAC30661.1
OG0001355	CCC28105.1	CAC30664.1
OG0001356	CCC28106.1	CAC30665.1
OG0001357	CCC28107.1	CAC30666.1
OG0001358	CCC28108.1	CAC30667.1
OG0001359	CCC28109.1	CAC30668.1
OG0001360	CCC28111.1	CAC30672.1
OG0001361	CCC28112.1	CAC30673.1
OG0001362	CCC28115.1	CAC30676.1
OG0001363	CCC28118.1	CAC30679.1
OG0001364	CCC28119.1	CAC30680.1
OG0001365	CCC28120.1	CAC30681.1
OG0001366	CCC28121.1	CAC30682.1
OG0001367	CCC28127.1	CAC30686.1
OG0001368	CCC28128.1	CAC30687.1
OG0001369	CCC28129.1	CAC30688.1
OG0001370	CCC28130.1	CAC30689.1
OG0001371	CCC28134.1	CAC30693.1
OG0001374	CCC28177.1	CAC30180.1
OG0001375	CCC28178.1	CAC30179.1
OG0001376	CCC28182.1	CAC30176.1
OG0001377	CCC28183.1	CAC30175.1
OG0001380	CCC28215.1	CAC30171.1
OG0001381	CCC28217.1	CAC30170.1
OG0001382	CCC28218.1	CAC30169.1
OG0001389	CCC28269.1	CAC30152.1
OG0001390	CCC28270.1	CAC30151.1
OG0001391	CCC28273.1	CAC30149.1
OG0001392	CCC28274.1	CAC30148.1
OG0001393	CCC28275.1	CAC30146.1
OG0001394	CCC28283.1	CAC30328.1
OG0001395	CCC28284.1	CAC30327.1
OG0001396	CCC28285.1	CAC30326.1
OG0001397	CCC28286.1	CAC30325.1
OG0001398	CCC28287.1	CAC30324.1
OG0001399	CCC28288.1	CAC30323.1
OG0001400	CCC28291.1	CAC30320.1
OG0001401	CCC28294.1	CAC30318.1
OG0001402	CCC28296.1	CAC30316.1
OG0001403	CCC28298.1	CAC30314.1
OG0001404	CCC28299.1	CAC30313.1
OG0001405	CCC28300.1	CAC30312.1
OG0001406	CCC28308.1	CAC30302.1
OG0001407	CCC28309.1	CAC30301.1
OG0001408	CCC28310.1	CAC30300.1
OG0001410	CCC28317.1	CAC30291.1
OG0001411	CCC28318.1	CAC30290.1
OG0001412	CCC28321.1	CAC30288.1
OG0001413	CCC28322.1	CAC30287.1
OG0001414	CCC28323.1	CAC30285.1
OG0001415	CCC28325.1	CAC30284.1
OG0001416	CCC28326.1	CAC30283.1
OG0001417	CCC28327.1	CAC30282.1
OG0001418	CCC28328.1	CAC30281.1
OG0001419	CCC28329.1	CAC30280.1
OG0001420	CCC28336.1	CAC30274.1
OG0001421	CCC28337.1	CAC30273.1
OG0001422	CCC28338.1	CAC30272.1
OG0001423	CCC28340.1	CAC30270.1
OG0001424	CCC28341.1	CAC30269.1
OG0001425	CCC28342.1	CAC30268.1
OG0001426	CCC28343.1	CAC30267.1
OG0001427	CCC28344.1	CAC30265.1
OG0001428	CCC28345.1	CAC30262.1
OG0001429	CCC28346.1	CAC30261.1
OG0001430	CCC28347.1	CAC30260.1
OG0001431	CCC28348.1	CAC30259.1
OG0001432	CCC28350.1	CAC30257.1
OG0001433	CCC28355.1	CAC30246.1
OG0001434	CCC28356.1	CAC30245.1
OG0001435	CCC28357.1	CAC30244.1
OG0001436	CCC28358.1	CAC30243.1
OG0001437	CCC28359.1	CAC30242.1
OG0001438	CCC28360.1	CAC30241.1
OG0001439	CCC28361.1	CAC30240.1
OG0001440	CCC28363.1	CAC30238.1
OG0001441	CCC28364.1	CAC30237.1
OG0001444	CCC28376.1	CAC30226.1
OG0001445	CCC28379.1	CAC30224.1
OG0001449	CCC28400.1	CAC30206.1
OG0001450	CCC28401.1	CAC30205.1
OG0001451	CCC28416.1	CAC30200.1
OG0001453	CCC28421.1	CAC30196.1
OG0001454	CCC28422.1	CAC30195.1
OG0001455	CCC28426.1	CAC30191.1
OG0001457	CCC28438.1	CAC30185.1
OG0001458	CCC28440.1	CAC30183.1
OG0001459	CCC28450.1	CAC29927.1
OG0001460	CCC28456.1	CAC29922.1
OG0001462	CCC28479.1	CAC29903.1
OG0001463	CCC28483.1	CAC29901.1
OG0001464	CCC28484.1	CAC29900.1
OG0001465	CCC28492.1	CAC29897.1
OG0001466	CCC28493.1	CAC29896.1
OG0001467	CCC28494.1	CAC29895.1
OG0001468	CCC28495.1	CAC29894.1
OG0001469	CCC28498.1	CAC29891.1
OG0001470	CCC28499.1	CAC29890.1
OG0001471	CCC28501.1	CAC29888.1
OG0001472	CCC28502.1	CAC29887.1
OG0001473	CCC28504.1	CAC29886.1
OG0001474	CCC28505.1	CAC29885.1
OG0001475	CCC28506.1	CAC29883.1
OG0001476	CCC28517.1	CAC29881.1
OG0001477	CCC28520.1	CAC29879.1
OG0001478	CCC28522.1	CAC29878.1
OG0001479	CCC28525.1	CAC29874.1
OG0001480	CCC28526.1	CAC29873.1
OG0001481	CCC28527.1	CAC29872.1
OG0001482	CCC28528.1	CAC29871.1
OG0001483	CCC28539.1	CAC30910.1
OG0001484	CCC28540.1	CAC30911.1
OG0001485	CCC28541.1	CAC30912.1
OG0001486	CCC28542.1	CAC30913.1
OG0001487	CCC28543.1	CAC30914.1
OG0001488	CCC28544.1	CAC30915.1
OG0001489	CCC28546.1	CAC30917.1
OG0001490	CCC28548.1	CAC30919.1
OG0001493	CCC28572.1	CAC31210.1
OG0001495	CCC28591.1	CAC29862.1
OG0001497	CCC28601.1	CAC29856.1
OG0001502	CCC28661.1	CAC29832.1
OG0001503	CCC28662.1	CAC29831.1
OG0001504	CCC28663.1	CAC29830.1
OG0001505	CCC28664.1	CAC29829.1
OG0001506	CCC28665.1	CAC29828.1
OG0001507	CCC28666.1	CAC29827.1
OG0001509	CCC28669.1	CAC30873.1
OG0001510	CCC28670.1	CAC30874.1
OG0001511	CCC28671.1	CAC30875.1
OG0001512	CCC28673.1	CAC30876.1
OG0001513	CCC28674.1	CAC30877.1
OG0001514	CCC28675.1	CAC30878.1
OG0001515	CCC28678.1	CAC29743.1
OG0001516	CCC28679.1	CAC29742.1
OG0001517	CCC28680.1	CAC29741.1
OG0001518	CCC28682.1	CAC29740.1
OG0001519	CCC28683.1	CAC29739.1
OG0001520	CCC28684.1	CAC29738.1
OG0001521	CCC28685.1	CAC29737.1
OG0001522	CCC28686.1	CAC29736.1
OG0001523	CCC28687.1	CAC29735.1
OG0001524	CCC28688.1	CAC29734.1
OG0001525	CCC28689.1	CAC29733.1
OG0001526	CCC28690.1	CAC29732.1
OG0001527	CCC28691.1	CAC29731.1
OG0001528	CCC28692.1	CAC29730.1
OG0001529	CCC28947.1, CCC28698.1	CAC29913.1
OG0001530	CCC28700.1	CAC29722.1
OG0001531	CCC28701.1	CAC29721.1
OG0001532	CCC28703.1	CAC29719.1
OG0001533	CCC28704.1	CAC29718.1
OG0001534	CCC28705.1	CAC29713.1
OG0001535	CCC28707.1	CAC29715.1
OG0001536	CCC28708.1	CAC29716.1
OG0001537	CCC28711.1	CAC29711.1
OG0001538	CCC28720.1	CAC29710.1
OG0001539	CCC28722.1	CAC29708.1
OG0001540	CCC28723.1	CAC29707.1
OG0001541	CCC28738.1	CAC31805.1
OG0001545	CCC28744.1	CAC31811.1
OG0001546	CCC28745.1	CAC31812.1
OG0001547	CCC28746.1	CAC31813.1
OG0001548	CCC28747.1	CAC31814.1
OG0001549	CCC28748.1	CAC31815.1
OG0001550	CCC28749.1	CAC31816.1
OG0001551	CCC28750.1	CAC31817.1
OG0001552	CCC28753.1	CAC31819.1
OG0001553	CCC28754.1	CAC31820.1
OG0001554	CCC28756.1	CAC31821.1
OG0001555	CCC28757.1	CAC31822.1
OG0001556	CCC28758.1	CAC31823.1
OG0001557	CCC28759.1	CAC31824.1
OG0001558	CCC28760.1	CAC31825.1
OG0001559	CCC28772.1	CAC31828.1
OG0001561	CCC28782.1	CAC31836.1
OG0001562	CCC28785.1	CAC31837.1
OG0001563	CCC28786.1	CAC31838.1
OG0001564	CCC28787.1	CAC31839.1
OG0001565	CCC28791.1	CAC31843.1
OG0001566	CCC28793.1	CAC31845.1
OG0001567	CCC28794.1	CAC31846.1
OG0001568	CCC28796.1	CAC31848.1
OG0001569	CCC28797.1	CAC31849.1
OG0001570	CCC28798.1	CAC31850.1
OG0001571	CCC28799.1	CAC31851.1
OG0001572	CCC28800.1	CAC31852.1
OG0001573	CCC28801.1	CAC31853.1
OG0001575	CCC28834.1	CAC31991.1
OG0001576	CCC28835.1	CAC31990.1
OG0001577	CCC28836.1	CAC31989.1
OG0001579	CCC28858.1	CAC29628.1
OG0001580	CCC28859.1	CAC29627.1
OG0001581	CCC28861.1	CAC29626.1
OG0001582	CCC28862.1	CAC29625.1
OG0001583	CCC28863.1	CAC29624.1
OG0001584	CCC28864.1	CAC29623.1
OG0001585	CCC28865.1	CAC29622.1
OG0001586	CCC28866.1	CAC29621.1
OG0001587	CCC28867.1	CAC29620.1
OG0001588	CCC28873.1	CAC29618.1
OG0001589	CCC28874.1	CAC29617.1
OG0001590	CCC28876.1	CAC29615.1
OG0001591	CCC28877.1	CAC29614.1
OG0001592	CCC28878.1	CAC29613.1
OG0001593	CCC28879.1	CAC29612.1
OG0001594	CCC28885.1	CAC29608.1
OG0001595	CCC28886.1	CAC29607.1
OG0001596	CCC28887.1	CAC29606.1
OG0001597	CCC28889.1	CAC29604.1
OG0001598	CCC28890.1	CAC29603.1
OG0001599	CCC28891.1	CAC29602.1
OG0001600	CCC28892.1	CAC29601.1
OG0001601	CCC28893.1	CAC29600.1
OG0001602	CCC28894.1	CAC29599.1
OG0001603	CCC28897.1	CAC29597.1
OG0001604	CCC28900.1	CAC29595.1
OG0001605	CCC28905.1	CAC31614.1
OG0001607	CCC28918.1	CAC29590.1
OG0001608	CCC28919.1	CAC29589.1
OG0001609	CCC28921.1	CAC29587.1
OG0001610	CCC28922.1	CAC29586.1
OG0001611	CCC28926.1	CAC29582.1
OG0001612	CCC28927.1	CAC29581.1
OG0001613	CCC28929.1	CAC30187.1
OG0001614	CCC28930.1	CAC29580.1
OG0001615	CCC28931.1	CAC29579.1
OG0001616	CCC28933.1	CAC29577.1
OG0001617	CCC28934.1	CAC29576.1
OG0001618	CCC28936.1	CAC29575.1
OG0001619	CCC28937.1	CAC29574.1
OG0001620	CCC28938.1	CAC29573.1
OG0001621	CCC28942.1	CAC29570.1
OG0001622	CCC28943.1	CAC29569.1
OG0001624	CCC28990.1	CAC32229.1
OG0001625	CCC28991.1	CAC32230.1
OG0001626	CCC28992.1	CAC32231.1
OG0001627	CCC28993.1	CAC32232.1
OG0001628	CCC28996.1	CAC32235.1
OG0001629	CCC28998.1	CAC32236.1
OG0001630	CCC28999.1	CAC32237.1
OG0001631	CCC29000.1	CAC32238.1
OG0001632	CCC29001.1	CAC32239.1
OG0001633	CCC29002.1	CAC32240.1
OG0001634	CCC29003.1	CAC32241.1
OG0001635	CCC29004.1	CAC32242.1
OG0001654	CCC25084.1	CAC29520.1
OG0001666	CCC25113.1	CAC29538.1
OG0001673	CCC25143.1	CAC30708.1
OG0001676	CCC25168.1	CAC30943.1
OG0001678	CCC25171.1	CAC30946.1
OG0001679	CCC25172.1	CAC30947.1
OG0001680	CCC25173.1	CAC30948.1
OG0001681	CCC25174.1	CAC30949.1
OG0001682	CCC25175.1	CAC30950.1
OG0001712	CCC25271.1	CAC32145.1
OG0001713	CCC25272.1	CAC32146.1
OG0001714	CCC25274.1	CAC32148.1
OG0001724	CCC25309.1	CAC32101.1
OG0001736	CCC25335.1	CAC32082.1
OG0001749	CCC25387.1	CAC32049.1
OG0001756	CCC25437.1	CAC29794.1
OG0001795	CCC25579.1	CAC31945.1
OG0001873	CCC25863.1	CAC31184.1
OG0001882	CCC25888.1	CAC31164.1
OG0001931	CCC26082.1	CAC29698.1
OG0001957	CCC26162.1	CAC31912.1
OG0001994	CCC26302.1	CAC31448.1
OG0002026	CCC26453.1	CAC30705.1
OG0002037	CCC26529.1	CAC30076.1
OG0002076	CCC26821.1	CAC30369.1
OG0002080	CCC26843.1	CAC32008.1
OG0002099	CCC26936.1	CAC31020.1
OG0002138	CCC27060.1	CAC30929.1
OG0002159	CCC27144.1	CAC29845.1
OG0002172	CCC27190.1	CAC29919.1
OG0002176	CCC27219.1	CAC31677.1
OG0002179	CCC27233.1	CAC31297.1
OG0002180	CCC27236.1	CAC31294.1
OG0002181	CCC27255.1	CAC31280.1
OG0002185	CCC27273.1	CAC31264.1
OG0002202	CCC27337.1	CAC30734.1
OG0002210	CCC27367.1	CAC30368.1
OG0002227	CCC27449.1	CAC30138.1
OG0002311	CCC27785.1	CAC31394.1
OG0002315	CCC27796.1	CAC31382.1
OG0002323	CCC27837.1	CAC30468.1
OG0002329	CCC27862.1	CAC30307.1
OG0002339	CCC27915.1	CAC30508.1
OG0002356	CCC27951.1	CAC30535.1
OG0002372	CCC28010.1	CAC31869.1
OG0002373	CCC28012.1	CAC31867.1
OG0002374	CCC28014.1	CAC31865.1
OG0002375	CCC28017.1	CAC29645.1
OG0002377	CCC28021.1	CAC29644.1
OG0002378	CCC28023.1	CAC29642.1
OG0002379	CCC28024.1	CAC29641.1
OG0002382	CCC28034.1	CAC29635.1
OG0002390	CCC28070.1	CAC30644.1
OG0002393	CCC28090.1	CAC30658.1
OG0002460	CCC28339.1	CAC30271.1
OG0002509	CCC28545.1	CAC30916.1
OG0002560	CCC28696.1	CAC29915.1
OG0002561	CCC28697.1	CAC29914.1
OG0002590	CCC28788.1	CAC31840.1
OG0002592	CCC28790.1	CAC31842.1
OG0002603	CCC28842.1	CAC31882.1
OG0002620	CCC28960.1	CAC29555.1
OG0002621	CCC28963.1	CAC29552.1
OG0002622	CCC28965.1	CAC29550.1
OG0002623	CCC28966.1	CAC29549.1
OG0002638	CCC29006.1	CAC32244.1
OG0002639	CCC29007.1	CAC32245.1
OG0002707	CCC25273.1	CAC32147.1
OG0003228	CCC27653.1	CAC32210.1
OG0003384	CCC28306.1	CAC30308.1
OG0003492	CCC28951.1	CAC29563.1
OG0003493	CCC28952.1	CAC29562.1
OG0003494	CCC28953.1	CAC29561.1
OG0003495	CCC28954.1	CAC29560.1
OG0003648	CCC28957.1	CAC29558.1
OG0003649	CCC28958.1	CAC29557.1
